Godot Engine v4.7.2.stable.official.ed1daf0bf - https://godotengine.org

[   0% ] [90m[1mfirst_scan_filesystem[22m | Started Project initialization (5 steps)[39m[0m
[   0% ] [90m[1mfirst_scan_filesystem[22m | Scanning file structure...[39m[0m
[  16% ] [90m[1mfirst_scan_filesystem[22m | Loading global class names...[39m[0m
[  33% ] [90m[1mfirst_scan_filesystem[22m | Verifying GDExtensions...[39m[0m
[  50% ] [90m[1mfirst_scan_filesystem[22m | Creating autoload scripts...[39m[0m
[  66% ] [90m[1mfirst_scan_filesystem[22m | Initializing plugins...[39m[0m
[  83% ] [90m[1mfirst_scan_filesystem[22m | Starting file scan...[39m[0m
[92m[ DONE ][39m [1mfirst_scan_filesystem[22m
[0m
[   0% ] [90m[1mloading_editor_layout[22m | Started Loading editor (5 steps)[39m[0m
[   0% ] [90m[1mloading_editor_layout[22m | Loading editor layout...[39m[0m
[  16% ] [90m[1mloading_editor_layout[22m | Loading docks...[39m[0m
[  33% ] [90m[1mloading_editor_layout[22m | Reopening scenes...[39m[0m
[  50% ] [90m[1mloading_editor_layout[22m | Loading central editor layout...[39m[0m
[  66% ] [90m[1mloading_editor_layout[22m | Loading plugin window layout...[39m[0m
[  83% ] [90m[1mloading_editor_layout[22m | Editor layout ready.[39m[0m
[92m[ DONE ][39m [1mloading_editor_layout[22m
[0m
Godot Engine v4.7.2.stable.official.ed1daf0bf - https://godotengine.org

OMDB_IMPORT_RESULT checked=144 failed=0
Godot Engine v4.7.2.stable.official.ed1daf0bf - https://godotengine.org

OMDB_CASE state EC05.failed_pickup_unchanged PASS
OMDB_CASE state US2.pickup_accepts.0.0 PASS
OMDB_CASE state EC03.held_age_count PASS
OMDB_CASE state US2.single_held_identity PASS
OMDB_CASE state US2.stale_release PASS
OMDB_CASE state US2.release_preserves_order PASS
OMDB_CASE state EC04.death_clears_carry PASS
OMDB_CASE state EC04.death_fifo PASS
OMDB_CASE state EC04.preserve_unless_oldest PASS
OMDB_CASE state US2.dead_pickup_rejected PASS
OMDB_CASE state EC05.failed_pickup_unchanged PASS
OMDB_CASE state US2.pickup_accepts.0.3 PASS
OMDB_CASE state EC03.held_age_count PASS
OMDB_CASE state US2.single_held_identity PASS
OMDB_CASE state US2.stale_release PASS
OMDB_CASE state US2.release_preserves_order PASS
OMDB_CASE state EC04.death_clears_carry PASS
OMDB_CASE state EC04.death_fifo PASS
OMDB_CASE state EC04.preserve_unless_oldest PASS
OMDB_CASE state US2.dead_pickup_rejected PASS
OMDB_CASE state US2.registry_single_held PASS
OMDB_CASE state EC05.failed_pickup_unchanged PASS
OMDB_CASE state US2.pickup_accepts.1.0 PASS
OMDB_CASE state EC03.held_age_count PASS
OMDB_CASE state US2.single_held_identity PASS
OMDB_CASE state US2.stale_release PASS
OMDB_CASE state US2.release_preserves_order PASS
OMDB_CASE state EC04.death_clears_carry PASS
OMDB_CASE state EC04.death_fifo PASS
OMDB_CASE state EC04.preserve_unless_oldest PASS
OMDB_CASE state US2.dead_pickup_rejected PASS
OMDB_CASE state EC05.failed_pickup_unchanged PASS
OMDB_CASE state US2.pickup_accepts.1.3 PASS
OMDB_CASE state EC03.held_age_count PASS
OMDB_CASE state US2.single_held_identity PASS
OMDB_CASE state US2.stale_release PASS
OMDB_CASE state US2.release_preserves_order PASS
OMDB_CASE state EC04.death_clears_carry PASS
OMDB_CASE state EC04.death_fifo PASS
OMDB_CASE state EC04.preserve_unless_oldest PASS
OMDB_CASE state US2.dead_pickup_rejected PASS
OMDB_CASE state US2.registry_single_held PASS
OMDB_CASE state EC05.failed_pickup_unchanged PASS
OMDB_CASE state US2.pickup_accepts.2.0 PASS
OMDB_CASE state EC03.held_age_count PASS
OMDB_CASE state US2.single_held_identity PASS
OMDB_CASE state US2.stale_release PASS
OMDB_CASE state US2.release_preserves_order PASS
OMDB_CASE state EC04.death_clears_carry PASS
OMDB_CASE state EC04.death_fifo PASS
OMDB_CASE state EC04.preserve_unless_oldest PASS
OMDB_CASE state US2.dead_pickup_rejected PASS
OMDB_CASE state EC05.failed_pickup_unchanged PASS
OMDB_CASE state US2.pickup_accepts.2.3 PASS
OMDB_CASE state EC03.held_age_count PASS
OMDB_CASE state US2.single_held_identity PASS
OMDB_CASE state US2.stale_release PASS
OMDB_CASE state US2.release_preserves_order PASS
OMDB_CASE state EC04.death_clears_carry PASS
OMDB_CASE state EC04.death_fifo PASS
OMDB_CASE state EC04.preserve_unless_oldest PASS
OMDB_CASE state US2.dead_pickup_rejected PASS
OMDB_CASE state US2.registry_single_held PASS
OMDB_CASE state EC05.failed_pickup_unchanged PASS
OMDB_CASE state US2.pickup_accepts.3.0 PASS
OMDB_CASE state EC03.held_age_count PASS
OMDB_CASE state US2.single_held_identity PASS
OMDB_CASE state US2.stale_release PASS
OMDB_CASE state US2.release_preserves_order PASS
OMDB_CASE state EC04.death_clears_carry PASS
OMDB_CASE state EC04.death_fifo PASS
OMDB_CASE state EC04.preserve_unless_oldest PASS
OMDB_CASE state US2.dead_pickup_rejected PASS
OMDB_CASE state EC05.failed_pickup_unchanged PASS
OMDB_CASE state US2.pickup_accepts.3.3 PASS
OMDB_CASE state EC03.held_age_count PASS
OMDB_CASE state US2.single_held_identity PASS
OMDB_CASE state US2.stale_release PASS
OMDB_CASE state US2.release_preserves_order PASS
OMDB_CASE state EC04.death_clears_carry PASS
OMDB_CASE state EC04.death_fifo PASS
OMDB_CASE state EC04.preserve_unless_oldest PASS
OMDB_CASE state US2.dead_pickup_rejected PASS
OMDB_CASE state US2.registry_single_held PASS
OMDB_CASE state EC05.failed_pickup_unchanged PASS
OMDB_CASE state US2.pickup_accepts.4.0 PASS
OMDB_CASE state EC03.held_age_count PASS
OMDB_CASE state US2.single_held_identity PASS
OMDB_CASE state US2.stale_release PASS
OMDB_CASE state US2.release_preserves_order PASS
OMDB_CASE state EC04.death_clears_carry PASS
OMDB_CASE state EC04.death_fifo PASS
OMDB_CASE state EC04.preserve_unless_oldest PASS
OMDB_CASE state US2.dead_pickup_rejected PASS
OMDB_CASE state EC05.failed_pickup_unchanged PASS
OMDB_CASE state US2.pickup_accepts.4.3 PASS
OMDB_CASE state EC03.held_age_count PASS
OMDB_CASE state US2.single_held_identity PASS
OMDB_CASE state US2.stale_release PASS
OMDB_CASE state US2.release_preserves_order PASS
OMDB_CASE state EC04.death_clears_carry PASS
OMDB_CASE state EC04.death_fifo PASS
OMDB_CASE state EC04.preserve_unless_oldest PASS
OMDB_CASE state US2.dead_pickup_rejected PASS
OMDB_CASE state US2.registry_single_held PASS
OMDB_CASE state EC05.failed_pickup_unchanged PASS
OMDB_CASE state US2.pickup_accepts.5.0 PASS
OMDB_CASE state EC03.held_age_count PASS
OMDB_CASE state US2.single_held_identity PASS
OMDB_CASE state US2.stale_release PASS
OMDB_CASE state US2.release_preserves_order PASS
OMDB_CASE state EC04.death_clears_carry PASS
OMDB_CASE state EC04.death_fifo PASS
OMDB_CASE state EC04.preserve_unless_oldest PASS
OMDB_CASE state US2.dead_pickup_rejected PASS
OMDB_CASE state EC05.failed_pickup_unchanged PASS
OMDB_CASE state US2.pickup_accepts.5.3 PASS
OMDB_CASE state EC03.held_age_count PASS
OMDB_CASE state US2.single_held_identity PASS
OMDB_CASE state US2.stale_release PASS
OMDB_CASE state US2.release_preserves_order PASS
OMDB_CASE state EC04.death_clears_carry PASS
OMDB_CASE state EC04.death_fifo PASS
OMDB_CASE state EC04.preserve_unless_oldest PASS
OMDB_CASE state US2.dead_pickup_rejected PASS
OMDB_CASE state US2.registry_single_held PASS
OMDB_CASE state EC05.failed_pickup_unchanged PASS
OMDB_CASE state US2.pickup_accepts.6.0 PASS
OMDB_CASE state EC03.held_age_count PASS
OMDB_CASE state US2.single_held_identity PASS
OMDB_CASE state US2.stale_release PASS
OMDB_CASE state US2.release_preserves_order PASS
OMDB_CASE state EC04.death_clears_carry PASS
OMDB_CASE state EC04.death_fifo PASS
OMDB_CASE state EC04.preserve_unless_oldest PASS
OMDB_CASE state US2.dead_pickup_rejected PASS
OMDB_CASE state EC05.failed_pickup_unchanged PASS
OMDB_CASE state US2.pickup_accepts.6.3 PASS
OMDB_CASE state EC03.held_age_count PASS
OMDB_CASE state US2.single_held_identity PASS
OMDB_CASE state US2.stale_release PASS
OMDB_CASE state US2.release_preserves_order PASS
OMDB_CASE state EC04.death_clears_carry PASS
OMDB_CASE state EC04.death_fifo PASS
OMDB_CASE state EC04.preserve_unless_oldest PASS
OMDB_CASE state US2.dead_pickup_rejected PASS
OMDB_CASE state US2.registry_single_held PASS
OMDB_CASE state EC05.failed_pickup_unchanged PASS
OMDB_CASE state US2.pickup_accepts.7.0 PASS
OMDB_CASE state EC03.held_age_count PASS
OMDB_CASE state US2.single_held_identity PASS
OMDB_CASE state US2.stale_release PASS
OMDB_CASE state US2.release_preserves_order PASS
OMDB_CASE state EC04.death_clears_carry PASS
OMDB_CASE state EC04.death_fifo PASS
OMDB_CASE state EC04.preserve_unless_oldest PASS
OMDB_CASE state US2.dead_pickup_rejected PASS
OMDB_CASE state EC05.failed_pickup_unchanged PASS
OMDB_CASE state US2.pickup_accepts.7.3 PASS
OMDB_CASE state EC03.held_age_count PASS
OMDB_CASE state US2.single_held_identity PASS
OMDB_CASE state US2.stale_release PASS
OMDB_CASE state US2.release_preserves_order PASS
OMDB_CASE state EC04.death_clears_carry PASS
OMDB_CASE state EC04.death_fifo PASS
OMDB_CASE state EC04.preserve_unless_oldest PASS
OMDB_CASE state US2.dead_pickup_rejected PASS
OMDB_CASE state US2.registry_single_held PASS
OMDB_CASE state EC05.failed_pickup_unchanged PASS
OMDB_CASE state US2.pickup_accepts.8.0 PASS
OMDB_CASE state EC03.held_age_count PASS
OMDB_CASE state US2.single_held_identity PASS
OMDB_CASE state US2.stale_release PASS
OMDB_CASE state US2.release_preserves_order PASS
OMDB_CASE state EC04.death_clears_carry PASS
OMDB_CASE state EC04.death_fifo PASS
OMDB_CASE state EC04.preserve_unless_oldest PASS
OMDB_CASE state US2.dead_pickup_rejected PASS
OMDB_CASE state EC05.failed_pickup_unchanged PASS
OMDB_CASE state US2.pickup_accepts.8.3 PASS
OMDB_CASE state EC03.held_age_count PASS
OMDB_CASE state US2.single_held_identity PASS
OMDB_CASE state US2.stale_release PASS
OMDB_CASE state US2.release_preserves_order PASS
OMDB_CASE state EC04.death_clears_carry PASS
OMDB_CASE state EC04.death_fifo PASS
OMDB_CASE state EC04.preserve_unless_oldest PASS
OMDB_CASE state US2.dead_pickup_rejected PASS
OMDB_CASE state US2.registry_single_held PASS
OMDB_CASE state EC05.failed_pickup_unchanged PASS
OMDB_CASE state US2.pickup_accepts.9.0 PASS
OMDB_CASE state EC03.held_age_count PASS
OMDB_CASE state US2.single_held_identity PASS
OMDB_CASE state US2.stale_release PASS
OMDB_CASE state US2.release_preserves_order PASS
OMDB_CASE state EC04.death_clears_carry PASS
OMDB_CASE state EC04.death_fifo PASS
OMDB_CASE state EC04.preserve_unless_oldest PASS
OMDB_CASE state US2.dead_pickup_rejected PASS
OMDB_CASE state EC05.failed_pickup_unchanged PASS
OMDB_CASE state US2.pickup_accepts.9.3 PASS
OMDB_CASE state EC03.held_age_count PASS
OMDB_CASE state US2.single_held_identity PASS
OMDB_CASE state US2.stale_release PASS
OMDB_CASE state US2.release_preserves_order PASS
OMDB_CASE state EC04.death_clears_carry PASS
OMDB_CASE state EC04.death_fifo PASS
OMDB_CASE state EC04.preserve_unless_oldest PASS
OMDB_CASE state US2.dead_pickup_rejected PASS
OMDB_CASE state US2.registry_single_held PASS
OMDB_CASE state US2.direct_unique_weight.0 PASS
OMDB_CASE state US2.threshold_removal PASS
OMDB_CASE state US2.empty_plate PASS
OMDB_CASE state EC07.surplus_plate_weight PASS
OMDB_CASE state EC07.surplus_removal_stays_open PASS
OMDB_CASE state US2.direct_unique_weight.1 PASS
OMDB_CASE state US2.threshold_removal PASS
OMDB_CASE state US2.empty_plate PASS
OMDB_CASE state EC07.surplus_plate_weight PASS
OMDB_CASE state EC07.surplus_removal_stays_open PASS
OMDB_CASE state US2.direct_unique_weight.2 PASS
OMDB_CASE state US2.threshold_removal PASS
OMDB_CASE state US2.empty_plate PASS
OMDB_CASE state EC07.surplus_plate_weight PASS
OMDB_CASE state EC07.surplus_removal_stays_open PASS
OMDB_CASE state US2.direct_unique_weight.3 PASS
OMDB_CASE state US2.threshold_removal PASS
OMDB_CASE state US2.empty_plate PASS
OMDB_CASE state EC07.surplus_plate_weight PASS
OMDB_CASE state EC07.surplus_removal_stays_open PASS
OMDB_CASE state US2.direct_unique_weight.4 PASS
OMDB_CASE state US2.threshold_removal PASS
OMDB_CASE state US2.empty_plate PASS
OMDB_CASE state EC07.surplus_plate_weight PASS
OMDB_CASE state EC07.surplus_removal_stays_open PASS
OMDB_CASE state US2.direct_unique_weight.5 PASS
OMDB_CASE state US2.threshold_removal PASS
OMDB_CASE state US2.empty_plate PASS
OMDB_CASE state EC07.surplus_plate_weight PASS
OMDB_CASE state EC07.surplus_removal_stays_open PASS
OMDB_CASE state US2.direct_unique_weight.6 PASS
OMDB_CASE state US2.threshold_removal PASS
OMDB_CASE state US2.empty_plate PASS
OMDB_CASE state EC07.surplus_plate_weight PASS
OMDB_CASE state EC07.surplus_removal_stays_open PASS
OMDB_CASE state US2.direct_unique_weight.7 PASS
OMDB_CASE state US2.threshold_removal PASS
OMDB_CASE state US2.empty_plate PASS
OMDB_CASE state EC07.surplus_plate_weight PASS
OMDB_CASE state EC07.surplus_removal_stays_open PASS
OMDB_CASE state US2.direct_unique_weight.8 PASS
OMDB_CASE state US2.threshold_removal PASS
OMDB_CASE state US2.empty_plate PASS
OMDB_CASE state EC07.surplus_plate_weight PASS
OMDB_CASE state EC07.surplus_removal_stays_open PASS
OMDB_CASE state US2.direct_unique_weight.9 PASS
OMDB_CASE state US2.threshold_removal PASS
OMDB_CASE state US2.empty_plate PASS
OMDB_CASE state EC07.surplus_plate_weight PASS
OMDB_CASE state EC07.surplus_removal_stays_open PASS
OMDB_CASE state US3.fifo_role.held PASS
OMDB_CASE state US3.evicted_ineligible.held PASS
OMDB_CASE state US3.retained_age.support PASS
OMDB_CASE state US3.fifo_role.support PASS
OMDB_CASE state US3.evicted_ineligible.support PASS
OMDB_CASE state US3.retained_age.plate PASS
OMDB_CASE state US3.fifo_role.plate PASS
OMDB_CASE state US3.evicted_ineligible.plate PASS
OMDB_CASE state US3.retained_age.saw PASS
OMDB_CASE state US3.fifo_role.saw PASS
OMDB_CASE state US3.evicted_ineligible.saw PASS
OMDB_CASE state US3.fifo_role.held PASS
OMDB_CASE state US3.evicted_ineligible.held PASS
OMDB_CASE state US3.retained_age.support PASS
OMDB_CASE state US3.fifo_role.support PASS
OMDB_CASE state US3.evicted_ineligible.support PASS
OMDB_CASE state US3.retained_age.plate PASS
OMDB_CASE state US3.fifo_role.plate PASS
OMDB_CASE state US3.evicted_ineligible.plate PASS
OMDB_CASE state US3.retained_age.saw PASS
OMDB_CASE state US3.fifo_role.saw PASS
OMDB_CASE state US3.evicted_ineligible.saw PASS
OMDB_CASE state US3.fifo_role.held PASS
OMDB_CASE state US3.evicted_ineligible.held PASS
OMDB_CASE state US3.retained_age.support PASS
OMDB_CASE state US3.fifo_role.support PASS
OMDB_CASE state US3.evicted_ineligible.support PASS
OMDB_CASE state US3.retained_age.plate PASS
OMDB_CASE state US3.fifo_role.plate PASS
OMDB_CASE state US3.evicted_ineligible.plate PASS
OMDB_CASE state US3.retained_age.saw PASS
OMDB_CASE state US3.fifo_role.saw PASS
OMDB_CASE state US3.evicted_ineligible.saw PASS
OMDB_CASE state US3.fifo_role.held PASS
OMDB_CASE state US3.evicted_ineligible.held PASS
OMDB_CASE state US3.retained_age.support PASS
OMDB_CASE state US3.fifo_role.support PASS
OMDB_CASE state US3.evicted_ineligible.support PASS
OMDB_CASE state US3.retained_age.plate PASS
OMDB_CASE state US3.fifo_role.plate PASS
OMDB_CASE state US3.evicted_ineligible.plate PASS
OMDB_CASE state US3.retained_age.saw PASS
OMDB_CASE state US3.fifo_role.saw PASS
OMDB_CASE state US3.evicted_ineligible.saw PASS
OMDB_CASE state US3.fifo_role.held PASS
OMDB_CASE state US3.evicted_ineligible.held PASS
OMDB_CASE state US3.retained_age.support PASS
OMDB_CASE state US3.fifo_role.support PASS
OMDB_CASE state US3.evicted_ineligible.support PASS
OMDB_CASE state US3.retained_age.plate PASS
OMDB_CASE state US3.fifo_role.plate PASS
OMDB_CASE state US3.evicted_ineligible.plate PASS
OMDB_CASE state US3.retained_age.saw PASS
OMDB_CASE state US3.fifo_role.saw PASS
OMDB_CASE state US3.evicted_ineligible.saw PASS
OMDB_CASE state US3.fifo_role.held PASS
OMDB_CASE state US3.evicted_ineligible.held PASS
OMDB_CASE state US3.retained_age.support PASS
OMDB_CASE state US3.fifo_role.support PASS
OMDB_CASE state US3.evicted_ineligible.support PASS
OMDB_CASE state US3.retained_age.plate PASS
OMDB_CASE state US3.fifo_role.plate PASS
OMDB_CASE state US3.evicted_ineligible.plate PASS
OMDB_CASE state US3.retained_age.saw PASS
OMDB_CASE state US3.fifo_role.saw PASS
OMDB_CASE state US3.evicted_ineligible.saw PASS
OMDB_CASE state US3.fifo_role.held PASS
OMDB_CASE state US3.evicted_ineligible.held PASS
OMDB_CASE state US3.retained_age.support PASS
OMDB_CASE state US3.fifo_role.support PASS
OMDB_CASE state US3.evicted_ineligible.support PASS
OMDB_CASE state US3.retained_age.plate PASS
OMDB_CASE state US3.fifo_role.plate PASS
OMDB_CASE state US3.evicted_ineligible.plate PASS
OMDB_CASE state US3.retained_age.saw PASS
OMDB_CASE state US3.fifo_role.saw PASS
OMDB_CASE state US3.evicted_ineligible.saw PASS
OMDB_CASE state US3.fifo_role.held PASS
OMDB_CASE state US3.evicted_ineligible.held PASS
OMDB_CASE state US3.retained_age.support PASS
OMDB_CASE state US3.fifo_role.support PASS
OMDB_CASE state US3.evicted_ineligible.support PASS
OMDB_CASE state US3.retained_age.plate PASS
OMDB_CASE state US3.fifo_role.plate PASS
OMDB_CASE state US3.evicted_ineligible.plate PASS
OMDB_CASE state US3.retained_age.saw PASS
OMDB_CASE state US3.fifo_role.saw PASS
OMDB_CASE state US3.evicted_ineligible.saw PASS
OMDB_CASE state US3.fifo_role.held PASS
OMDB_CASE state US3.evicted_ineligible.held PASS
OMDB_CASE state US3.retained_age.support PASS
OMDB_CASE state US3.fifo_role.support PASS
OMDB_CASE state US3.evicted_ineligible.support PASS
OMDB_CASE state US3.retained_age.plate PASS
OMDB_CASE state US3.fifo_role.plate PASS
OMDB_CASE state US3.evicted_ineligible.plate PASS
OMDB_CASE state US3.retained_age.saw PASS
OMDB_CASE state US3.fifo_role.saw PASS
OMDB_CASE state US3.evicted_ineligible.saw PASS
OMDB_CASE state US3.fifo_role.held PASS
OMDB_CASE state US3.evicted_ineligible.held PASS
OMDB_CASE state US3.retained_age.support PASS
OMDB_CASE state US3.fifo_role.support PASS
OMDB_CASE state US3.evicted_ineligible.support PASS
OMDB_CASE state US3.retained_age.plate PASS
OMDB_CASE state US3.fifo_role.plate PASS
OMDB_CASE state US3.evicted_ineligible.plate PASS
OMDB_CASE state US3.retained_age.saw PASS
OMDB_CASE state US3.fifo_role.saw PASS
OMDB_CASE state US3.evicted_ineligible.saw PASS
OMDB_CASE state foundation.initial_phase PASS
OMDB_CASE state foundation.epoch_identity PASS
OMDB_CASE state foundation.snapshot_isolation PASS
OMDB_CASE state foundation.retired_ineligible PASS
OMDB_CASE state foundation.fixture_not_catalogued PASS
OMDB_CASE state foundation.input.move_left PASS
OMDB_CASE state foundation.input.move_right PASS
OMDB_CASE state foundation.input.move_up PASS
OMDB_CASE state foundation.input.move_down PASS
OMDB_CASE state foundation.input.jump PASS
OMDB_CASE state foundation.input.interact PASS
OMDB_CASE state foundation.input.restart_room PASS
OMDB_CASE state foundation.input.pause PASS
OMDB_CASE state foundation.input.ui_accept PASS
OMDB_CASE state foundation.input.ui_cancel PASS
OMDB_CASE state foundation.input.ui_left PASS
OMDB_CASE state foundation.input.ui_right PASS
OMDB_CASE state foundation.input.ui_up PASS
OMDB_CASE state foundation.input.ui_down PASS
OMDB_CASE state US6.ignore_stick_noise PASS
OMDB_CASE state US6.active_controller_prompts PASS
OMDB_CASE state US6.keyboard_prompt_switch PASS
OMDB_CASE state US6.title_menu_focus PASS
OMDB_CASE state US6.playing_state PASS
OMDB_CASE state US6.pause_blocks_gameplay PASS
OMDB_CASE state US6.pause_freezes_feedback PASS
OMDB_CASE state US6.pause_initial_focus PASS
OMDB_CASE state US6.settings_initial_focus PASS
OMDB_CASE state US6.restore_pause_focus PASS
OMDB_CASE state US6.resume_feedback PASS
OMDB_CASE state FR031.any_controller_pause_binding PASS
OMDB_CASE state US6.controller_pause_consumed PASS
OMDB_CASE state US6.active_controller_disconnect_pauses PASS
OMDB_CASE state US6.reconnect_retains_focus PASS
OMDB_CASE state US6.focus_loss_pauses PASS
OMDB_CASE state US6.continue_fresh_after_title PASS
OMDB_CASE state US6.fresh_hud_prompt_subscription PASS
OMDB_CASE state US6.ignore_stick_noise PASS
OMDB_CASE state US6.active_controller_prompts PASS
OMDB_CASE state US6.keyboard_prompt_switch PASS
OMDB_CASE state US6.title_menu_focus PASS
OMDB_CASE state US6.playing_state PASS
OMDB_CASE state US6.pause_blocks_gameplay PASS
OMDB_CASE state US6.pause_freezes_feedback PASS
OMDB_CASE state US6.pause_initial_focus PASS
OMDB_CASE state US6.settings_initial_focus PASS
OMDB_CASE state US6.restore_pause_focus PASS
OMDB_CASE state US6.resume_feedback PASS
OMDB_CASE state FR031.any_controller_pause_binding PASS
OMDB_CASE state US6.controller_pause_consumed PASS
OMDB_CASE state US6.active_controller_disconnect_pauses PASS
OMDB_CASE state US6.reconnect_retains_focus PASS
OMDB_CASE state US6.focus_loss_pauses PASS
OMDB_CASE state US6.continue_fresh_after_title PASS
OMDB_CASE state US6.fresh_hud_prompt_subscription PASS
OMDB_CASE state US6.ignore_stick_noise PASS
OMDB_CASE state US6.active_controller_prompts PASS
OMDB_CASE state US6.keyboard_prompt_switch PASS
OMDB_CASE state US6.title_menu_focus PASS
OMDB_CASE state US6.playing_state PASS
OMDB_CASE state US6.pause_blocks_gameplay PASS
OMDB_CASE state US6.pause_freezes_feedback PASS
OMDB_CASE state US6.pause_initial_focus PASS
OMDB_CASE state US6.settings_initial_focus PASS
OMDB_CASE state US6.restore_pause_focus PASS
OMDB_CASE state US6.resume_feedback PASS
OMDB_CASE state FR031.any_controller_pause_binding PASS
OMDB_CASE state US6.controller_pause_consumed PASS
OMDB_CASE state US6.active_controller_disconnect_pauses PASS
OMDB_CASE state US6.reconnect_retains_focus PASS
OMDB_CASE state US6.focus_loss_pauses PASS
OMDB_CASE state US6.continue_fresh_after_title PASS
OMDB_CASE state US6.fresh_hud_prompt_subscription PASS
OMDB_CASE state US6.ignore_stick_noise PASS
OMDB_CASE state US6.active_controller_prompts PASS
OMDB_CASE state US6.keyboard_prompt_switch PASS
OMDB_CASE state US6.title_menu_focus PASS
OMDB_CASE state US6.playing_state PASS
OMDB_CASE state US6.pause_blocks_gameplay PASS
OMDB_CASE state US6.pause_freezes_feedback PASS
OMDB_CASE state US6.pause_initial_focus PASS
OMDB_CASE state US6.settings_initial_focus PASS
OMDB_CASE state US6.restore_pause_focus PASS
OMDB_CASE state US6.resume_feedback PASS
OMDB_CASE state FR031.any_controller_pause_binding PASS
OMDB_CASE state US6.controller_pause_consumed PASS
OMDB_CASE state US6.active_controller_disconnect_pauses PASS
OMDB_CASE state US6.reconnect_retains_focus PASS
OMDB_CASE state US6.focus_loss_pauses PASS
OMDB_CASE state US6.continue_fresh_after_title PASS
OMDB_CASE state US6.fresh_hud_prompt_subscription PASS
OMDB_CASE state US6.ignore_stick_noise PASS
OMDB_CASE state US6.active_controller_prompts PASS
OMDB_CASE state US6.keyboard_prompt_switch PASS
OMDB_CASE state US6.title_menu_focus PASS
OMDB_CASE state US6.playing_state PASS
OMDB_CASE state US6.pause_blocks_gameplay PASS
OMDB_CASE state US6.pause_freezes_feedback PASS
OMDB_CASE state US6.pause_initial_focus PASS
OMDB_CASE state US6.settings_initial_focus PASS
OMDB_CASE state US6.restore_pause_focus PASS
OMDB_CASE state US6.resume_feedback PASS
OMDB_CASE state FR031.any_controller_pause_binding PASS
OMDB_CASE state US6.controller_pause_consumed PASS
OMDB_CASE state US6.active_controller_disconnect_pauses PASS
OMDB_CASE state US6.reconnect_retains_focus PASS
OMDB_CASE state US6.focus_loss_pauses PASS
OMDB_CASE state US6.continue_fresh_after_title PASS
OMDB_CASE state US6.fresh_hud_prompt_subscription PASS
OMDB_CASE state US6.ignore_stick_noise PASS
OMDB_CASE state US6.active_controller_prompts PASS
OMDB_CASE state US6.keyboard_prompt_switch PASS
OMDB_CASE state US6.title_menu_focus PASS
OMDB_CASE state US6.playing_state PASS
OMDB_CASE state US6.pause_blocks_gameplay PASS
OMDB_CASE state US6.pause_freezes_feedback PASS
OMDB_CASE state US6.pause_initial_focus PASS
OMDB_CASE state US6.settings_initial_focus PASS
OMDB_CASE state US6.restore_pause_focus PASS
OMDB_CASE state US6.resume_feedback PASS
OMDB_CASE state FR031.any_controller_pause_binding PASS
OMDB_CASE state US6.controller_pause_consumed PASS
OMDB_CASE state US6.active_controller_disconnect_pauses PASS
OMDB_CASE state US6.reconnect_retains_focus PASS
OMDB_CASE state US6.focus_loss_pauses PASS
OMDB_CASE state US6.continue_fresh_after_title PASS
OMDB_CASE state US6.fresh_hud_prompt_subscription PASS
OMDB_CASE state US6.ignore_stick_noise PASS
OMDB_CASE state US6.active_controller_prompts PASS
OMDB_CASE state US6.keyboard_prompt_switch PASS
OMDB_CASE state US6.title_menu_focus PASS
OMDB_CASE state US6.playing_state PASS
OMDB_CASE state US6.pause_blocks_gameplay PASS
OMDB_CASE state US6.pause_freezes_feedback PASS
OMDB_CASE state US6.pause_initial_focus PASS
OMDB_CASE state US6.settings_initial_focus PASS
OMDB_CASE state US6.restore_pause_focus PASS
OMDB_CASE state US6.resume_feedback PASS
OMDB_CASE state FR031.any_controller_pause_binding PASS
OMDB_CASE state US6.controller_pause_consumed PASS
OMDB_CASE state US6.active_controller_disconnect_pauses PASS
OMDB_CASE state US6.reconnect_retains_focus PASS
OMDB_CASE state US6.focus_loss_pauses PASS
OMDB_CASE state US6.continue_fresh_after_title PASS
OMDB_CASE state US6.fresh_hud_prompt_subscription PASS
OMDB_CASE state US6.ignore_stick_noise PASS
OMDB_CASE state US6.active_controller_prompts PASS
OMDB_CASE state US6.keyboard_prompt_switch PASS
OMDB_CASE state US6.title_menu_focus PASS
OMDB_CASE state US6.playing_state PASS
OMDB_CASE state US6.pause_blocks_gameplay PASS
OMDB_CASE state US6.pause_freezes_feedback PASS
OMDB_CASE state US6.pause_initial_focus PASS
OMDB_CASE state US6.settings_initial_focus PASS
OMDB_CASE state US6.restore_pause_focus PASS
OMDB_CASE state US6.resume_feedback PASS
OMDB_CASE state FR031.any_controller_pause_binding PASS
OMDB_CASE state US6.controller_pause_consumed PASS
OMDB_CASE state US6.active_controller_disconnect_pauses PASS
OMDB_CASE state US6.reconnect_retains_focus PASS
OMDB_CASE state US6.focus_loss_pauses PASS
OMDB_CASE state US6.continue_fresh_after_title PASS
OMDB_CASE state US6.fresh_hud_prompt_subscription PASS
OMDB_CASE state US6.ignore_stick_noise PASS
OMDB_CASE state US6.active_controller_prompts PASS
OMDB_CASE state US6.keyboard_prompt_switch PASS
OMDB_CASE state US6.title_menu_focus PASS
OMDB_CASE state US6.playing_state PASS
OMDB_CASE state US6.pause_blocks_gameplay PASS
OMDB_CASE state US6.pause_freezes_feedback PASS
OMDB_CASE state US6.pause_initial_focus PASS
OMDB_CASE state US6.settings_initial_focus PASS
OMDB_CASE state US6.restore_pause_focus PASS
OMDB_CASE state US6.resume_feedback PASS
OMDB_CASE state FR031.any_controller_pause_binding PASS
OMDB_CASE state US6.controller_pause_consumed PASS
OMDB_CASE state US6.active_controller_disconnect_pauses PASS
OMDB_CASE state US6.reconnect_retains_focus PASS
OMDB_CASE state US6.focus_loss_pauses PASS
OMDB_CASE state US6.continue_fresh_after_title PASS
OMDB_CASE state US6.fresh_hud_prompt_subscription PASS
OMDB_CASE state US6.ignore_stick_noise PASS
OMDB_CASE state US6.active_controller_prompts PASS
OMDB_CASE state US6.keyboard_prompt_switch PASS
OMDB_CASE state US6.title_menu_focus PASS
OMDB_CASE state US6.playing_state PASS
OMDB_CASE state US6.pause_blocks_gameplay PASS
OMDB_CASE state US6.pause_freezes_feedback PASS
OMDB_CASE state US6.pause_initial_focus PASS
OMDB_CASE state US6.settings_initial_focus PASS
OMDB_CASE state US6.restore_pause_focus PASS
OMDB_CASE state US6.resume_feedback PASS
OMDB_CASE state FR031.any_controller_pause_binding PASS
OMDB_CASE state US6.controller_pause_consumed PASS
OMDB_CASE state US6.active_controller_disconnect_pauses PASS
OMDB_CASE state US6.reconnect_retains_focus PASS
OMDB_CASE state US6.focus_loss_pauses PASS
OMDB_CASE state US6.continue_fresh_after_title PASS
OMDB_CASE state US6.fresh_hud_prompt_subscription PASS
OMDB_CASE state FR003.keyboard.exclusive_binding.0.0.4194319 PASS
OMDB_CASE state FR003.keyboard.vector.0.0.4194319 PASS
OMDB_CASE state FR003.keyboard.release PASS
OMDB_CASE state FR003.keyboard.exclusive_binding.0.0.65 PASS
OMDB_CASE state FR003.keyboard.vector.0.0.65 PASS
OMDB_CASE state FR003.keyboard.release PASS
OMDB_CASE state FR031.keyboard.ui_direction.0.0 PASS
OMDB_CASE state FR003.keyboard.exclusive_binding.0.1.4194321 PASS
OMDB_CASE state FR003.keyboard.vector.0.1.4194321 PASS
OMDB_CASE state FR003.keyboard.release PASS
OMDB_CASE state FR003.keyboard.exclusive_binding.0.1.68 PASS
OMDB_CASE state FR003.keyboard.vector.0.1.68 PASS
OMDB_CASE state FR003.keyboard.release PASS
OMDB_CASE state FR031.keyboard.ui_direction.0.1 PASS
OMDB_CASE state FR003.keyboard.exclusive_binding.0.2.4194320 PASS
OMDB_CASE state FR003.keyboard.vector.0.2.4194320 PASS
OMDB_CASE state FR003.keyboard.release PASS
OMDB_CASE state FR003.keyboard.exclusive_binding.0.2.87 PASS
OMDB_CASE state FR003.keyboard.vector.0.2.87 PASS
OMDB_CASE state FR003.keyboard.release PASS
OMDB_CASE state FR031.keyboard.ui_direction.0.2 PASS
OMDB_CASE state FR003.keyboard.exclusive_binding.0.3.4194322 PASS
OMDB_CASE state FR003.keyboard.vector.0.3.4194322 PASS
OMDB_CASE state FR003.keyboard.release PASS
OMDB_CASE state FR003.keyboard.exclusive_binding.0.3.83 PASS
OMDB_CASE state FR003.keyboard.vector.0.3.83 PASS
OMDB_CASE state FR003.keyboard.release PASS
OMDB_CASE state FR031.keyboard.ui_direction.0.3 PASS
OMDB_CASE state FR003.keyboard.diagonal PASS
OMDB_CASE state FR003.keyboard.opposed_cancel PASS
OMDB_CASE state FR003.keyboard.opposed_release PASS
OMDB_CASE state FR003.keyboard.diagonal PASS
OMDB_CASE state FR003.keyboard.opposed_cancel PASS
OMDB_CASE state FR003.keyboard.opposed_release PASS
OMDB_CASE state FR003.keyboard.exclusive_binding.1.0.4194319 PASS
OMDB_CASE state FR003.keyboard.vector.1.0.4194319 PASS
OMDB_CASE state FR003.keyboard.release PASS
OMDB_CASE state FR003.keyboard.exclusive_binding.1.0.65 PASS
OMDB_CASE state FR003.keyboard.vector.1.0.65 PASS
OMDB_CASE state FR003.keyboard.release PASS
OMDB_CASE state FR031.keyboard.ui_direction.1.0 PASS
OMDB_CASE state FR003.keyboard.exclusive_binding.1.1.4194321 PASS
OMDB_CASE state FR003.keyboard.vector.1.1.4194321 PASS
OMDB_CASE state FR003.keyboard.release PASS
OMDB_CASE state FR003.keyboard.exclusive_binding.1.1.68 PASS
OMDB_CASE state FR003.keyboard.vector.1.1.68 PASS
OMDB_CASE state FR003.keyboard.release PASS
OMDB_CASE state FR031.keyboard.ui_direction.1.1 PASS
OMDB_CASE state FR003.keyboard.exclusive_binding.1.2.4194320 PASS
OMDB_CASE state FR003.keyboard.vector.1.2.4194320 PASS
OMDB_CASE state FR003.keyboard.release PASS
OMDB_CASE state FR003.keyboard.exclusive_binding.1.2.87 PASS
OMDB_CASE state FR003.keyboard.vector.1.2.87 PASS
OMDB_CASE state FR003.keyboard.release PASS
OMDB_CASE state FR031.keyboard.ui_direction.1.2 PASS
OMDB_CASE state FR003.keyboard.exclusive_binding.1.3.4194322 PASS
OMDB_CASE state FR003.keyboard.vector.1.3.4194322 PASS
OMDB_CASE state FR003.keyboard.release PASS
OMDB_CASE state FR003.keyboard.exclusive_binding.1.3.83 PASS
OMDB_CASE state FR003.keyboard.vector.1.3.83 PASS
OMDB_CASE state FR003.keyboard.release PASS
OMDB_CASE state FR031.keyboard.ui_direction.1.3 PASS
OMDB_CASE state FR003.keyboard.diagonal PASS
OMDB_CASE state FR003.keyboard.opposed_cancel PASS
OMDB_CASE state FR003.keyboard.opposed_release PASS
OMDB_CASE state FR003.keyboard.diagonal PASS
OMDB_CASE state FR003.keyboard.opposed_cancel PASS
OMDB_CASE state FR003.keyboard.opposed_release PASS
OMDB_CASE state FR003.keyboard.exclusive_binding.2.0.4194319 PASS
OMDB_CASE state FR003.keyboard.vector.2.0.4194319 PASS
OMDB_CASE state FR003.keyboard.release PASS
OMDB_CASE state FR003.keyboard.exclusive_binding.2.0.65 PASS
OMDB_CASE state FR003.keyboard.vector.2.0.65 PASS
OMDB_CASE state FR003.keyboard.release PASS
OMDB_CASE state FR031.keyboard.ui_direction.2.0 PASS
OMDB_CASE state FR003.keyboard.exclusive_binding.2.1.4194321 PASS
OMDB_CASE state FR003.keyboard.vector.2.1.4194321 PASS
OMDB_CASE state FR003.keyboard.release PASS
OMDB_CASE state FR003.keyboard.exclusive_binding.2.1.68 PASS
OMDB_CASE state FR003.keyboard.vector.2.1.68 PASS
OMDB_CASE state FR003.keyboard.release PASS
OMDB_CASE state FR031.keyboard.ui_direction.2.1 PASS
OMDB_CASE state FR003.keyboard.exclusive_binding.2.2.4194320 PASS
OMDB_CASE state FR003.keyboard.vector.2.2.4194320 PASS
OMDB_CASE state FR003.keyboard.release PASS
OMDB_CASE state FR003.keyboard.exclusive_binding.2.2.87 PASS
OMDB_CASE state FR003.keyboard.vector.2.2.87 PASS
OMDB_CASE state FR003.keyboard.release PASS
OMDB_CASE state FR031.keyboard.ui_direction.2.2 PASS
OMDB_CASE state FR003.keyboard.exclusive_binding.2.3.4194322 PASS
OMDB_CASE state FR003.keyboard.vector.2.3.4194322 PASS
OMDB_CASE state FR003.keyboard.release PASS
OMDB_CASE state FR003.keyboard.exclusive_binding.2.3.83 PASS
OMDB_CASE state FR003.keyboard.vector.2.3.83 PASS
OMDB_CASE state FR003.keyboard.release PASS
OMDB_CASE state FR031.keyboard.ui_direction.2.3 PASS
OMDB_CASE state FR003.keyboard.diagonal PASS
OMDB_CASE state FR003.keyboard.opposed_cancel PASS
OMDB_CASE state FR003.keyboard.opposed_release PASS
OMDB_CASE state FR003.keyboard.diagonal PASS
OMDB_CASE state FR003.keyboard.opposed_cancel PASS
OMDB_CASE state FR003.keyboard.opposed_release PASS
OMDB_CASE state FR003.keyboard.exclusive_binding.3.0.4194319 PASS
OMDB_CASE state FR003.keyboard.vector.3.0.4194319 PASS
OMDB_CASE state FR003.keyboard.release PASS
OMDB_CASE state FR003.keyboard.exclusive_binding.3.0.65 PASS
OMDB_CASE state FR003.keyboard.vector.3.0.65 PASS
OMDB_CASE state FR003.keyboard.release PASS
OMDB_CASE state FR031.keyboard.ui_direction.3.0 PASS
OMDB_CASE state FR003.keyboard.exclusive_binding.3.1.4194321 PASS
OMDB_CASE state FR003.keyboard.vector.3.1.4194321 PASS
OMDB_CASE state FR003.keyboard.release PASS
OMDB_CASE state FR003.keyboard.exclusive_binding.3.1.68 PASS
OMDB_CASE state FR003.keyboard.vector.3.1.68 PASS
OMDB_CASE state FR003.keyboard.release PASS
OMDB_CASE state FR031.keyboard.ui_direction.3.1 PASS
OMDB_CASE state FR003.keyboard.exclusive_binding.3.2.4194320 PASS
OMDB_CASE state FR003.keyboard.vector.3.2.4194320 PASS
OMDB_CASE state FR003.keyboard.release PASS
OMDB_CASE state FR003.keyboard.exclusive_binding.3.2.87 PASS
OMDB_CASE state FR003.keyboard.vector.3.2.87 PASS
OMDB_CASE state FR003.keyboard.release PASS
OMDB_CASE state FR031.keyboard.ui_direction.3.2 PASS
OMDB_CASE state FR003.keyboard.exclusive_binding.3.3.4194322 PASS
OMDB_CASE state FR003.keyboard.vector.3.3.4194322 PASS
OMDB_CASE state FR003.keyboard.release PASS
OMDB_CASE state FR003.keyboard.exclusive_binding.3.3.83 PASS
OMDB_CASE state FR003.keyboard.vector.3.3.83 PASS
OMDB_CASE state FR003.keyboard.release PASS
OMDB_CASE state FR031.keyboard.ui_direction.3.3 PASS
OMDB_CASE state FR003.keyboard.diagonal PASS
OMDB_CASE state FR003.keyboard.opposed_cancel PASS
OMDB_CASE state FR003.keyboard.opposed_release PASS
OMDB_CASE state FR003.keyboard.diagonal PASS
OMDB_CASE state FR003.keyboard.opposed_cancel PASS
OMDB_CASE state FR003.keyboard.opposed_release PASS
OMDB_CASE state FR003.keyboard.exclusive_binding.4.0.4194319 PASS
OMDB_CASE state FR003.keyboard.vector.4.0.4194319 PASS
OMDB_CASE state FR003.keyboard.release PASS
OMDB_CASE state FR003.keyboard.exclusive_binding.4.0.65 PASS
OMDB_CASE state FR003.keyboard.vector.4.0.65 PASS
OMDB_CASE state FR003.keyboard.release PASS
OMDB_CASE state FR031.keyboard.ui_direction.4.0 PASS
OMDB_CASE state FR003.keyboard.exclusive_binding.4.1.4194321 PASS
OMDB_CASE state FR003.keyboard.vector.4.1.4194321 PASS
OMDB_CASE state FR003.keyboard.release PASS
OMDB_CASE state FR003.keyboard.exclusive_binding.4.1.68 PASS
OMDB_CASE state FR003.keyboard.vector.4.1.68 PASS
OMDB_CASE state FR003.keyboard.release PASS
OMDB_CASE state FR031.keyboard.ui_direction.4.1 PASS
OMDB_CASE state FR003.keyboard.exclusive_binding.4.2.4194320 PASS
OMDB_CASE state FR003.keyboard.vector.4.2.4194320 PASS
OMDB_CASE state FR003.keyboard.release PASS
OMDB_CASE state FR003.keyboard.exclusive_binding.4.2.87 PASS
OMDB_CASE state FR003.keyboard.vector.4.2.87 PASS
OMDB_CASE state FR003.keyboard.release PASS
OMDB_CASE state FR031.keyboard.ui_direction.4.2 PASS
OMDB_CASE state FR003.keyboard.exclusive_binding.4.3.4194322 PASS
OMDB_CASE state FR003.keyboard.vector.4.3.4194322 PASS
OMDB_CASE state FR003.keyboard.release PASS
OMDB_CASE state FR003.keyboard.exclusive_binding.4.3.83 PASS
OMDB_CASE state FR003.keyboard.vector.4.3.83 PASS
OMDB_CASE state FR003.keyboard.release PASS
OMDB_CASE state FR031.keyboard.ui_direction.4.3 PASS
OMDB_CASE state FR003.keyboard.diagonal PASS
OMDB_CASE state FR003.keyboard.opposed_cancel PASS
OMDB_CASE state FR003.keyboard.opposed_release PASS
OMDB_CASE state FR003.keyboard.diagonal PASS
OMDB_CASE state FR003.keyboard.opposed_cancel PASS
OMDB_CASE state FR003.keyboard.opposed_release PASS
OMDB_CASE state FR003.keyboard.exclusive_binding.5.0.4194319 PASS
OMDB_CASE state FR003.keyboard.vector.5.0.4194319 PASS
OMDB_CASE state FR003.keyboard.release PASS
OMDB_CASE state FR003.keyboard.exclusive_binding.5.0.65 PASS
OMDB_CASE state FR003.keyboard.vector.5.0.65 PASS
OMDB_CASE state FR003.keyboard.release PASS
OMDB_CASE state FR031.keyboard.ui_direction.5.0 PASS
OMDB_CASE state FR003.keyboard.exclusive_binding.5.1.4194321 PASS
OMDB_CASE state FR003.keyboard.vector.5.1.4194321 PASS
OMDB_CASE state FR003.keyboard.release PASS
OMDB_CASE state FR003.keyboard.exclusive_binding.5.1.68 PASS
OMDB_CASE state FR003.keyboard.vector.5.1.68 PASS
OMDB_CASE state FR003.keyboard.release PASS
OMDB_CASE state FR031.keyboard.ui_direction.5.1 PASS
OMDB_CASE state FR003.keyboard.exclusive_binding.5.2.4194320 PASS
OMDB_CASE state FR003.keyboard.vector.5.2.4194320 PASS
OMDB_CASE state FR003.keyboard.release PASS
OMDB_CASE state FR003.keyboard.exclusive_binding.5.2.87 PASS
OMDB_CASE state FR003.keyboard.vector.5.2.87 PASS
OMDB_CASE state FR003.keyboard.release PASS
OMDB_CASE state FR031.keyboard.ui_direction.5.2 PASS
OMDB_CASE state FR003.keyboard.exclusive_binding.5.3.4194322 PASS
OMDB_CASE state FR003.keyboard.vector.5.3.4194322 PASS
OMDB_CASE state FR003.keyboard.release PASS
OMDB_CASE state FR003.keyboard.exclusive_binding.5.3.83 PASS
OMDB_CASE state FR003.keyboard.vector.5.3.83 PASS
OMDB_CASE state FR003.keyboard.release PASS
OMDB_CASE state FR031.keyboard.ui_direction.5.3 PASS
OMDB_CASE state FR003.keyboard.diagonal PASS
OMDB_CASE state FR003.keyboard.opposed_cancel PASS
OMDB_CASE state FR003.keyboard.opposed_release PASS
OMDB_CASE state FR003.keyboard.diagonal PASS
OMDB_CASE state FR003.keyboard.opposed_cancel PASS
OMDB_CASE state FR003.keyboard.opposed_release PASS
OMDB_CASE state FR003.keyboard.exclusive_binding.6.0.4194319 PASS
OMDB_CASE state FR003.keyboard.vector.6.0.4194319 PASS
OMDB_CASE state FR003.keyboard.release PASS
OMDB_CASE state FR003.keyboard.exclusive_binding.6.0.65 PASS
OMDB_CASE state FR003.keyboard.vector.6.0.65 PASS
OMDB_CASE state FR003.keyboard.release PASS
OMDB_CASE state FR031.keyboard.ui_direction.6.0 PASS
OMDB_CASE state FR003.keyboard.exclusive_binding.6.1.4194321 PASS
OMDB_CASE state FR003.keyboard.vector.6.1.4194321 PASS
OMDB_CASE state FR003.keyboard.release PASS
OMDB_CASE state FR003.keyboard.exclusive_binding.6.1.68 PASS
OMDB_CASE state FR003.keyboard.vector.6.1.68 PASS
OMDB_CASE state FR003.keyboard.release PASS
OMDB_CASE state FR031.keyboard.ui_direction.6.1 PASS
OMDB_CASE state FR003.keyboard.exclusive_binding.6.2.4194320 PASS
OMDB_CASE state FR003.keyboard.vector.6.2.4194320 PASS
OMDB_CASE state FR003.keyboard.release PASS
OMDB_CASE state FR003.keyboard.exclusive_binding.6.2.87 PASS
OMDB_CASE state FR003.keyboard.vector.6.2.87 PASS
OMDB_CASE state FR003.keyboard.release PASS
OMDB_CASE state FR031.keyboard.ui_direction.6.2 PASS
OMDB_CASE state FR003.keyboard.exclusive_binding.6.3.4194322 PASS
OMDB_CASE state FR003.keyboard.vector.6.3.4194322 PASS
OMDB_CASE state FR003.keyboard.release PASS
OMDB_CASE state FR003.keyboard.exclusive_binding.6.3.83 PASS
OMDB_CASE state FR003.keyboard.vector.6.3.83 PASS
OMDB_CASE state FR003.keyboard.release PASS
OMDB_CASE state FR031.keyboard.ui_direction.6.3 PASS
OMDB_CASE state FR003.keyboard.diagonal PASS
OMDB_CASE state FR003.keyboard.opposed_cancel PASS
OMDB_CASE state FR003.keyboard.opposed_release PASS
OMDB_CASE state FR003.keyboard.diagonal PASS
OMDB_CASE state FR003.keyboard.opposed_cancel PASS
OMDB_CASE state FR003.keyboard.opposed_release PASS
OMDB_CASE state FR003.keyboard.exclusive_binding.7.0.4194319 PASS
OMDB_CASE state FR003.keyboard.vector.7.0.4194319 PASS
OMDB_CASE state FR003.keyboard.release PASS
OMDB_CASE state FR003.keyboard.exclusive_binding.7.0.65 PASS
OMDB_CASE state FR003.keyboard.vector.7.0.65 PASS
OMDB_CASE state FR003.keyboard.release PASS
OMDB_CASE state FR031.keyboard.ui_direction.7.0 PASS
OMDB_CASE state FR003.keyboard.exclusive_binding.7.1.4194321 PASS
OMDB_CASE state FR003.keyboard.vector.7.1.4194321 PASS
OMDB_CASE state FR003.keyboard.release PASS
OMDB_CASE state FR003.keyboard.exclusive_binding.7.1.68 PASS
OMDB_CASE state FR003.keyboard.vector.7.1.68 PASS
OMDB_CASE state FR003.keyboard.release PASS
OMDB_CASE state FR031.keyboard.ui_direction.7.1 PASS
OMDB_CASE state FR003.keyboard.exclusive_binding.7.2.4194320 PASS
OMDB_CASE state FR003.keyboard.vector.7.2.4194320 PASS
OMDB_CASE state FR003.keyboard.release PASS
OMDB_CASE state FR003.keyboard.exclusive_binding.7.2.87 PASS
OMDB_CASE state FR003.keyboard.vector.7.2.87 PASS
OMDB_CASE state FR003.keyboard.release PASS
OMDB_CASE state FR031.keyboard.ui_direction.7.2 PASS
OMDB_CASE state FR003.keyboard.exclusive_binding.7.3.4194322 PASS
OMDB_CASE state FR003.keyboard.vector.7.3.4194322 PASS
OMDB_CASE state FR003.keyboard.release PASS
OMDB_CASE state FR003.keyboard.exclusive_binding.7.3.83 PASS
OMDB_CASE state FR003.keyboard.vector.7.3.83 PASS
OMDB_CASE state FR003.keyboard.release PASS
OMDB_CASE state FR031.keyboard.ui_direction.7.3 PASS
OMDB_CASE state FR003.keyboard.diagonal PASS
OMDB_CASE state FR003.keyboard.opposed_cancel PASS
OMDB_CASE state FR003.keyboard.opposed_release PASS
OMDB_CASE state FR003.keyboard.diagonal PASS
OMDB_CASE state FR003.keyboard.opposed_cancel PASS
OMDB_CASE state FR003.keyboard.opposed_release PASS
OMDB_CASE state FR003.keyboard.exclusive_binding.8.0.4194319 PASS
OMDB_CASE state FR003.keyboard.vector.8.0.4194319 PASS
OMDB_CASE state FR003.keyboard.release PASS
OMDB_CASE state FR003.keyboard.exclusive_binding.8.0.65 PASS
OMDB_CASE state FR003.keyboard.vector.8.0.65 PASS
OMDB_CASE state FR003.keyboard.release PASS
OMDB_CASE state FR031.keyboard.ui_direction.8.0 PASS
OMDB_CASE state FR003.keyboard.exclusive_binding.8.1.4194321 PASS
OMDB_CASE state FR003.keyboard.vector.8.1.4194321 PASS
OMDB_CASE state FR003.keyboard.release PASS
OMDB_CASE state FR003.keyboard.exclusive_binding.8.1.68 PASS
OMDB_CASE state FR003.keyboard.vector.8.1.68 PASS
OMDB_CASE state FR003.keyboard.release PASS
OMDB_CASE state FR031.keyboard.ui_direction.8.1 PASS
OMDB_CASE state FR003.keyboard.exclusive_binding.8.2.4194320 PASS
OMDB_CASE state FR003.keyboard.vector.8.2.4194320 PASS
OMDB_CASE state FR003.keyboard.release PASS
OMDB_CASE state FR003.keyboard.exclusive_binding.8.2.87 PASS
OMDB_CASE state FR003.keyboard.vector.8.2.87 PASS
OMDB_CASE state FR003.keyboard.release PASS
OMDB_CASE state FR031.keyboard.ui_direction.8.2 PASS
OMDB_CASE state FR003.keyboard.exclusive_binding.8.3.4194322 PASS
OMDB_CASE state FR003.keyboard.vector.8.3.4194322 PASS
OMDB_CASE state FR003.keyboard.release PASS
OMDB_CASE state FR003.keyboard.exclusive_binding.8.3.83 PASS
OMDB_CASE state FR003.keyboard.vector.8.3.83 PASS
OMDB_CASE state FR003.keyboard.release PASS
OMDB_CASE state FR031.keyboard.ui_direction.8.3 PASS
OMDB_CASE state FR003.keyboard.diagonal PASS
OMDB_CASE state FR003.keyboard.opposed_cancel PASS
OMDB_CASE state FR003.keyboard.opposed_release PASS
OMDB_CASE state FR003.keyboard.diagonal PASS
OMDB_CASE state FR003.keyboard.opposed_cancel PASS
OMDB_CASE state FR003.keyboard.opposed_release PASS
OMDB_CASE state FR003.keyboard.exclusive_binding.9.0.4194319 PASS
OMDB_CASE state FR003.keyboard.vector.9.0.4194319 PASS
OMDB_CASE state FR003.keyboard.release PASS
OMDB_CASE state FR003.keyboard.exclusive_binding.9.0.65 PASS
OMDB_CASE state FR003.keyboard.vector.9.0.65 PASS
OMDB_CASE state FR003.keyboard.release PASS
OMDB_CASE state FR031.keyboard.ui_direction.9.0 PASS
OMDB_CASE state FR003.keyboard.exclusive_binding.9.1.4194321 PASS
OMDB_CASE state FR003.keyboard.vector.9.1.4194321 PASS
OMDB_CASE state FR003.keyboard.release PASS
OMDB_CASE state FR003.keyboard.exclusive_binding.9.1.68 PASS
OMDB_CASE state FR003.keyboard.vector.9.1.68 PASS
OMDB_CASE state FR003.keyboard.release PASS
OMDB_CASE state FR031.keyboard.ui_direction.9.1 PASS
OMDB_CASE state FR003.keyboard.exclusive_binding.9.2.4194320 PASS
OMDB_CASE state FR003.keyboard.vector.9.2.4194320 PASS
OMDB_CASE state FR003.keyboard.release PASS
OMDB_CASE state FR003.keyboard.exclusive_binding.9.2.87 PASS
OMDB_CASE state FR003.keyboard.vector.9.2.87 PASS
OMDB_CASE state FR003.keyboard.release PASS
OMDB_CASE state FR031.keyboard.ui_direction.9.2 PASS
OMDB_CASE state FR003.keyboard.exclusive_binding.9.3.4194322 PASS
OMDB_CASE state FR003.keyboard.vector.9.3.4194322 PASS
OMDB_CASE state FR003.keyboard.release PASS
OMDB_CASE state FR003.keyboard.exclusive_binding.9.3.83 PASS
OMDB_CASE state FR003.keyboard.vector.9.3.83 PASS
OMDB_CASE state FR003.keyboard.release PASS
OMDB_CASE state FR031.keyboard.ui_direction.9.3 PASS
OMDB_CASE state FR003.keyboard.diagonal PASS
OMDB_CASE state FR003.keyboard.opposed_cancel PASS
OMDB_CASE state FR003.keyboard.opposed_release PASS
OMDB_CASE state FR003.keyboard.diagonal PASS
OMDB_CASE state FR003.keyboard.opposed_cancel PASS
OMDB_CASE state FR003.keyboard.opposed_release PASS
OMDB_CASE state US1.lifecycle.accepted.0.0 PASS
OMDB_CASE state EC01.overlapping_contacts PASS
OMDB_CASE state US1.lifecycle.dead_ineligible PASS
OMDB_CASE state US1.lifecycle.one_replacement PASS
OMDB_CASE state US1.lifecycle.replacement_latch PASS
OMDB_CASE state US1.lifecycle.stale_subject PASS
OMDB_CASE state US1.lifecycle.stale_epoch PASS
OMDB_CASE state EC02.rapid_deaths_preserve_state PASS
OMDB_CASE state US1.lifecycle.accepted.0.1 PASS
OMDB_CASE state EC01.overlapping_contacts PASS
OMDB_CASE state US1.lifecycle.dead_ineligible PASS
OMDB_CASE state US1.lifecycle.one_replacement PASS
OMDB_CASE state US1.lifecycle.replacement_latch PASS
OMDB_CASE state US1.lifecycle.stale_subject PASS
OMDB_CASE state US1.lifecycle.stale_epoch PASS
OMDB_CASE state EC02.rapid_deaths_preserve_state PASS
OMDB_CASE state US1.lifecycle.accepted.0.2 PASS
OMDB_CASE state EC01.overlapping_contacts PASS
OMDB_CASE state US1.lifecycle.dead_ineligible PASS
OMDB_CASE state US1.lifecycle.one_replacement PASS
OMDB_CASE state US1.lifecycle.replacement_latch PASS
OMDB_CASE state US1.lifecycle.stale_subject PASS
OMDB_CASE state US1.lifecycle.stale_epoch PASS
OMDB_CASE state EC02.rapid_deaths_preserve_state PASS
OMDB_CASE state US1.lifecycle.accepted.0.3 PASS
OMDB_CASE state EC01.overlapping_contacts PASS
OMDB_CASE state US1.lifecycle.dead_ineligible PASS
OMDB_CASE state US1.lifecycle.one_replacement PASS
OMDB_CASE state US1.lifecycle.replacement_latch PASS
OMDB_CASE state US1.lifecycle.stale_subject PASS
OMDB_CASE state US1.lifecycle.stale_epoch PASS
OMDB_CASE state EC02.rapid_deaths_preserve_state PASS
OMDB_CASE state US1.lifecycle.accepted.0.4 PASS
OMDB_CASE state EC01.overlapping_contacts PASS
OMDB_CASE state US1.lifecycle.dead_ineligible PASS
OMDB_CASE state US1.lifecycle.one_replacement PASS
OMDB_CASE state US1.lifecycle.replacement_latch PASS
OMDB_CASE state US1.lifecycle.stale_subject PASS
OMDB_CASE state US1.lifecycle.stale_epoch PASS
OMDB_CASE state EC02.rapid_deaths_preserve_state PASS
OMDB_CASE state US1.lifecycle.accepted.0.5 PASS
OMDB_CASE state EC01.overlapping_contacts PASS
OMDB_CASE state US1.lifecycle.dead_ineligible PASS
OMDB_CASE state US1.lifecycle.one_replacement PASS
OMDB_CASE state US1.lifecycle.replacement_latch PASS
OMDB_CASE state US1.lifecycle.stale_subject PASS
OMDB_CASE state US1.lifecycle.stale_epoch PASS
OMDB_CASE state EC02.rapid_deaths_preserve_state PASS
OMDB_CASE state US1.lifecycle.accepted.0.6 PASS
OMDB_CASE state EC01.overlapping_contacts PASS
OMDB_CASE state US1.lifecycle.dead_ineligible PASS
OMDB_CASE state US1.lifecycle.one_replacement PASS
OMDB_CASE state US1.lifecycle.replacement_latch PASS
OMDB_CASE state US1.lifecycle.stale_subject PASS
OMDB_CASE state US1.lifecycle.stale_epoch PASS
OMDB_CASE state EC02.rapid_deaths_preserve_state PASS
OMDB_CASE state US1.lifecycle.accepted.0.7 PASS
OMDB_CASE state EC01.overlapping_contacts PASS
OMDB_CASE state US1.lifecycle.dead_ineligible PASS
OMDB_CASE state US1.lifecycle.one_replacement PASS
OMDB_CASE state US1.lifecycle.replacement_latch PASS
OMDB_CASE state US1.lifecycle.stale_subject PASS
OMDB_CASE state US1.lifecycle.stale_epoch PASS
OMDB_CASE state EC02.rapid_deaths_preserve_state PASS
OMDB_CASE state US1.lifecycle.accepted.0.8 PASS
OMDB_CASE state EC01.overlapping_contacts PASS
OMDB_CASE state US1.lifecycle.dead_ineligible PASS
OMDB_CASE state US1.lifecycle.one_replacement PASS
OMDB_CASE state US1.lifecycle.replacement_latch PASS
OMDB_CASE state US1.lifecycle.stale_subject PASS
OMDB_CASE state US1.lifecycle.stale_epoch PASS
OMDB_CASE state EC02.rapid_deaths_preserve_state PASS
OMDB_CASE state US1.lifecycle.accepted.0.9 PASS
OMDB_CASE state EC01.overlapping_contacts PASS
OMDB_CASE state US1.lifecycle.dead_ineligible PASS
OMDB_CASE state US1.lifecycle.one_replacement PASS
OMDB_CASE state US1.lifecycle.replacement_latch PASS
OMDB_CASE state US1.lifecycle.stale_subject PASS
OMDB_CASE state US1.lifecycle.stale_epoch PASS
OMDB_CASE state EC02.rapid_deaths_preserve_state PASS
OMDB_CASE state US1.lifecycle.accepted.0.10 PASS
OMDB_CASE state EC01.overlapping_contacts PASS
OMDB_CASE state US1.lifecycle.dead_ineligible PASS
OMDB_CASE state US1.lifecycle.one_replacement PASS
OMDB_CASE state US1.lifecycle.replacement_latch PASS
OMDB_CASE state US1.lifecycle.stale_subject PASS
OMDB_CASE state US1.lifecycle.stale_epoch PASS
OMDB_CASE state EC02.rapid_deaths_preserve_state PASS
OMDB_CASE state US1.lifecycle.accepted.0.11 PASS
OMDB_CASE state EC01.overlapping_contacts PASS
OMDB_CASE state US1.lifecycle.dead_ineligible PASS
OMDB_CASE state US1.lifecycle.one_replacement PASS
OMDB_CASE state US1.lifecycle.replacement_latch PASS
OMDB_CASE state US1.lifecycle.stale_subject PASS
OMDB_CASE state US1.lifecycle.stale_epoch PASS
OMDB_CASE state EC02.rapid_deaths_preserve_state PASS
OMDB_CASE state US1.lifecycle.retirement PASS
OMDB_CASE state US5.stale_exit PASS
OMDB_CASE state US5.wrong_subject_exit PASS
OMDB_CASE state EC13.exit_latch PASS
OMDB_CASE state US5.death_before_exit PASS
OMDB_CASE state US1.lifecycle.accepted.1.0 PASS
OMDB_CASE state EC01.overlapping_contacts PASS
OMDB_CASE state US1.lifecycle.dead_ineligible PASS
OMDB_CASE state US1.lifecycle.one_replacement PASS
OMDB_CASE state US1.lifecycle.replacement_latch PASS
OMDB_CASE state US1.lifecycle.stale_subject PASS
OMDB_CASE state US1.lifecycle.stale_epoch PASS
OMDB_CASE state EC02.rapid_deaths_preserve_state PASS
OMDB_CASE state US1.lifecycle.accepted.1.1 PASS
OMDB_CASE state EC01.overlapping_contacts PASS
OMDB_CASE state US1.lifecycle.dead_ineligible PASS
OMDB_CASE state US1.lifecycle.one_replacement PASS
OMDB_CASE state US1.lifecycle.replacement_latch PASS
OMDB_CASE state US1.lifecycle.stale_subject PASS
OMDB_CASE state US1.lifecycle.stale_epoch PASS
OMDB_CASE state EC02.rapid_deaths_preserve_state PASS
OMDB_CASE state US1.lifecycle.accepted.1.2 PASS
OMDB_CASE state EC01.overlapping_contacts PASS
OMDB_CASE state US1.lifecycle.dead_ineligible PASS
OMDB_CASE state US1.lifecycle.one_replacement PASS
OMDB_CASE state US1.lifecycle.replacement_latch PASS
OMDB_CASE state US1.lifecycle.stale_subject PASS
OMDB_CASE state US1.lifecycle.stale_epoch PASS
OMDB_CASE state EC02.rapid_deaths_preserve_state PASS
OMDB_CASE state US1.lifecycle.accepted.1.3 PASS
OMDB_CASE state EC01.overlapping_contacts PASS
OMDB_CASE state US1.lifecycle.dead_ineligible PASS
OMDB_CASE state US1.lifecycle.one_replacement PASS
OMDB_CASE state US1.lifecycle.replacement_latch PASS
OMDB_CASE state US1.lifecycle.stale_subject PASS
OMDB_CASE state US1.lifecycle.stale_epoch PASS
OMDB_CASE state EC02.rapid_deaths_preserve_state PASS
OMDB_CASE state US1.lifecycle.accepted.1.4 PASS
OMDB_CASE state EC01.overlapping_contacts PASS
OMDB_CASE state US1.lifecycle.dead_ineligible PASS
OMDB_CASE state US1.lifecycle.one_replacement PASS
OMDB_CASE state US1.lifecycle.replacement_latch PASS
OMDB_CASE state US1.lifecycle.stale_subject PASS
OMDB_CASE state US1.lifecycle.stale_epoch PASS
OMDB_CASE state EC02.rapid_deaths_preserve_state PASS
OMDB_CASE state US1.lifecycle.accepted.1.5 PASS
OMDB_CASE state EC01.overlapping_contacts PASS
OMDB_CASE state US1.lifecycle.dead_ineligible PASS
OMDB_CASE state US1.lifecycle.one_replacement PASS
OMDB_CASE state US1.lifecycle.replacement_latch PASS
OMDB_CASE state US1.lifecycle.stale_subject PASS
OMDB_CASE state US1.lifecycle.stale_epoch PASS
OMDB_CASE state EC02.rapid_deaths_preserve_state PASS
OMDB_CASE state US1.lifecycle.accepted.1.6 PASS
OMDB_CASE state EC01.overlapping_contacts PASS
OMDB_CASE state US1.lifecycle.dead_ineligible PASS
OMDB_CASE state US1.lifecycle.one_replacement PASS
OMDB_CASE state US1.lifecycle.replacement_latch PASS
OMDB_CASE state US1.lifecycle.stale_subject PASS
OMDB_CASE state US1.lifecycle.stale_epoch PASS
OMDB_CASE state EC02.rapid_deaths_preserve_state PASS
OMDB_CASE state US1.lifecycle.accepted.1.7 PASS
OMDB_CASE state EC01.overlapping_contacts PASS
OMDB_CASE state US1.lifecycle.dead_ineligible PASS
OMDB_CASE state US1.lifecycle.one_replacement PASS
OMDB_CASE state US1.lifecycle.replacement_latch PASS
OMDB_CASE state US1.lifecycle.stale_subject PASS
OMDB_CASE state US1.lifecycle.stale_epoch PASS
OMDB_CASE state EC02.rapid_deaths_preserve_state PASS
OMDB_CASE state US1.lifecycle.accepted.1.8 PASS
OMDB_CASE state EC01.overlapping_contacts PASS
OMDB_CASE state US1.lifecycle.dead_ineligible PASS
OMDB_CASE state US1.lifecycle.one_replacement PASS
OMDB_CASE state US1.lifecycle.replacement_latch PASS
OMDB_CASE state US1.lifecycle.stale_subject PASS
OMDB_CASE state US1.lifecycle.stale_epoch PASS
OMDB_CASE state EC02.rapid_deaths_preserve_state PASS
OMDB_CASE state US1.lifecycle.accepted.1.9 PASS
OMDB_CASE state EC01.overlapping_contacts PASS
OMDB_CASE state US1.lifecycle.dead_ineligible PASS
OMDB_CASE state US1.lifecycle.one_replacement PASS
OMDB_CASE state US1.lifecycle.replacement_latch PASS
OMDB_CASE state US1.lifecycle.stale_subject PASS
OMDB_CASE state US1.lifecycle.stale_epoch PASS
OMDB_CASE state EC02.rapid_deaths_preserve_state PASS
OMDB_CASE state US1.lifecycle.accepted.1.10 PASS
OMDB_CASE state EC01.overlapping_contacts PASS
OMDB_CASE state US1.lifecycle.dead_ineligible PASS
OMDB_CASE state US1.lifecycle.one_replacement PASS
OMDB_CASE state US1.lifecycle.replacement_latch PASS
OMDB_CASE state US1.lifecycle.stale_subject PASS
OMDB_CASE state US1.lifecycle.stale_epoch PASS
OMDB_CASE state EC02.rapid_deaths_preserve_state PASS
OMDB_CASE state US1.lifecycle.accepted.1.11 PASS
OMDB_CASE state EC01.overlapping_contacts PASS
OMDB_CASE state US1.lifecycle.dead_ineligible PASS
OMDB_CASE state US1.lifecycle.one_replacement PASS
OMDB_CASE state US1.lifecycle.replacement_latch PASS
OMDB_CASE state US1.lifecycle.stale_subject PASS
OMDB_CASE state US1.lifecycle.stale_epoch PASS
OMDB_CASE state EC02.rapid_deaths_preserve_state PASS
OMDB_CASE state US1.lifecycle.retirement PASS
OMDB_CASE state US5.stale_exit PASS
OMDB_CASE state US5.wrong_subject_exit PASS
OMDB_CASE state EC13.exit_latch PASS
OMDB_CASE state US5.death_before_exit PASS
OMDB_CASE state US1.lifecycle.accepted.2.0 PASS
OMDB_CASE state EC01.overlapping_contacts PASS
OMDB_CASE state US1.lifecycle.dead_ineligible PASS
OMDB_CASE state US1.lifecycle.one_replacement PASS
OMDB_CASE state US1.lifecycle.replacement_latch PASS
OMDB_CASE state US1.lifecycle.stale_subject PASS
OMDB_CASE state US1.lifecycle.stale_epoch PASS
OMDB_CASE state EC02.rapid_deaths_preserve_state PASS
OMDB_CASE state US1.lifecycle.accepted.2.1 PASS
OMDB_CASE state EC01.overlapping_contacts PASS
OMDB_CASE state US1.lifecycle.dead_ineligible PASS
OMDB_CASE state US1.lifecycle.one_replacement PASS
OMDB_CASE state US1.lifecycle.replacement_latch PASS
OMDB_CASE state US1.lifecycle.stale_subject PASS
OMDB_CASE state US1.lifecycle.stale_epoch PASS
OMDB_CASE state EC02.rapid_deaths_preserve_state PASS
OMDB_CASE state US1.lifecycle.accepted.2.2 PASS
OMDB_CASE state EC01.overlapping_contacts PASS
OMDB_CASE state US1.lifecycle.dead_ineligible PASS
OMDB_CASE state US1.lifecycle.one_replacement PASS
OMDB_CASE state US1.lifecycle.replacement_latch PASS
OMDB_CASE state US1.lifecycle.stale_subject PASS
OMDB_CASE state US1.lifecycle.stale_epoch PASS
OMDB_CASE state EC02.rapid_deaths_preserve_state PASS
OMDB_CASE state US1.lifecycle.accepted.2.3 PASS
OMDB_CASE state EC01.overlapping_contacts PASS
OMDB_CASE state US1.lifecycle.dead_ineligible PASS
OMDB_CASE state US1.lifecycle.one_replacement PASS
OMDB_CASE state US1.lifecycle.replacement_latch PASS
OMDB_CASE state US1.lifecycle.stale_subject PASS
OMDB_CASE state US1.lifecycle.stale_epoch PASS
OMDB_CASE state EC02.rapid_deaths_preserve_state PASS
OMDB_CASE state US1.lifecycle.accepted.2.4 PASS
OMDB_CASE state EC01.overlapping_contacts PASS
OMDB_CASE state US1.lifecycle.dead_ineligible PASS
OMDB_CASE state US1.lifecycle.one_replacement PASS
OMDB_CASE state US1.lifecycle.replacement_latch PASS
OMDB_CASE state US1.lifecycle.stale_subject PASS
OMDB_CASE state US1.lifecycle.stale_epoch PASS
OMDB_CASE state EC02.rapid_deaths_preserve_state PASS
OMDB_CASE state US1.lifecycle.accepted.2.5 PASS
OMDB_CASE state EC01.overlapping_contacts PASS
OMDB_CASE state US1.lifecycle.dead_ineligible PASS
OMDB_CASE state US1.lifecycle.one_replacement PASS
OMDB_CASE state US1.lifecycle.replacement_latch PASS
OMDB_CASE state US1.lifecycle.stale_subject PASS
OMDB_CASE state US1.lifecycle.stale_epoch PASS
OMDB_CASE state EC02.rapid_deaths_preserve_state PASS
OMDB_CASE state US1.lifecycle.accepted.2.6 PASS
OMDB_CASE state EC01.overlapping_contacts PASS
OMDB_CASE state US1.lifecycle.dead_ineligible PASS
OMDB_CASE state US1.lifecycle.one_replacement PASS
OMDB_CASE state US1.lifecycle.replacement_latch PASS
OMDB_CASE state US1.lifecycle.stale_subject PASS
OMDB_CASE state US1.lifecycle.stale_epoch PASS
OMDB_CASE state EC02.rapid_deaths_preserve_state PASS
OMDB_CASE state US1.lifecycle.accepted.2.7 PASS
OMDB_CASE state EC01.overlapping_contacts PASS
OMDB_CASE state US1.lifecycle.dead_ineligible PASS
OMDB_CASE state US1.lifecycle.one_replacement PASS
OMDB_CASE state US1.lifecycle.replacement_latch PASS
OMDB_CASE state US1.lifecycle.stale_subject PASS
OMDB_CASE state US1.lifecycle.stale_epoch PASS
OMDB_CASE state EC02.rapid_deaths_preserve_state PASS
OMDB_CASE state US1.lifecycle.accepted.2.8 PASS
OMDB_CASE state EC01.overlapping_contacts PASS
OMDB_CASE state US1.lifecycle.dead_ineligible PASS
OMDB_CASE state US1.lifecycle.one_replacement PASS
OMDB_CASE state US1.lifecycle.replacement_latch PASS
OMDB_CASE state US1.lifecycle.stale_subject PASS
OMDB_CASE state US1.lifecycle.stale_epoch PASS
OMDB_CASE state EC02.rapid_deaths_preserve_state PASS
OMDB_CASE state US1.lifecycle.accepted.2.9 PASS
OMDB_CASE state EC01.overlapping_contacts PASS
OMDB_CASE state US1.lifecycle.dead_ineligible PASS
OMDB_CASE state US1.lifecycle.one_replacement PASS
OMDB_CASE state US1.lifecycle.replacement_latch PASS
OMDB_CASE state US1.lifecycle.stale_subject PASS
OMDB_CASE state US1.lifecycle.stale_epoch PASS
OMDB_CASE state EC02.rapid_deaths_preserve_state PASS
OMDB_CASE state US1.lifecycle.accepted.2.10 PASS
OMDB_CASE state EC01.overlapping_contacts PASS
OMDB_CASE state US1.lifecycle.dead_ineligible PASS
OMDB_CASE state US1.lifecycle.one_replacement PASS
OMDB_CASE state US1.lifecycle.replacement_latch PASS
OMDB_CASE state US1.lifecycle.stale_subject PASS
OMDB_CASE state US1.lifecycle.stale_epoch PASS
OMDB_CASE state EC02.rapid_deaths_preserve_state PASS
OMDB_CASE state US1.lifecycle.accepted.2.11 PASS
OMDB_CASE state EC01.overlapping_contacts PASS
OMDB_CASE state US1.lifecycle.dead_ineligible PASS
OMDB_CASE state US1.lifecycle.one_replacement PASS
OMDB_CASE state US1.lifecycle.replacement_latch PASS
OMDB_CASE state US1.lifecycle.stale_subject PASS
OMDB_CASE state US1.lifecycle.stale_epoch PASS
OMDB_CASE state EC02.rapid_deaths_preserve_state PASS
OMDB_CASE state US1.lifecycle.retirement PASS
OMDB_CASE state US5.stale_exit PASS
OMDB_CASE state US5.wrong_subject_exit PASS
OMDB_CASE state EC13.exit_latch PASS
OMDB_CASE state US5.death_before_exit PASS
OMDB_CASE state US1.lifecycle.accepted.3.0 PASS
OMDB_CASE state EC01.overlapping_contacts PASS
OMDB_CASE state US1.lifecycle.dead_ineligible PASS
OMDB_CASE state US1.lifecycle.one_replacement PASS
OMDB_CASE state US1.lifecycle.replacement_latch PASS
OMDB_CASE state US1.lifecycle.stale_subject PASS
OMDB_CASE state US1.lifecycle.stale_epoch PASS
OMDB_CASE state EC02.rapid_deaths_preserve_state PASS
OMDB_CASE state US1.lifecycle.accepted.3.1 PASS
OMDB_CASE state EC01.overlapping_contacts PASS
OMDB_CASE state US1.lifecycle.dead_ineligible PASS
OMDB_CASE state US1.lifecycle.one_replacement PASS
OMDB_CASE state US1.lifecycle.replacement_latch PASS
OMDB_CASE state US1.lifecycle.stale_subject PASS
OMDB_CASE state US1.lifecycle.stale_epoch PASS
OMDB_CASE state EC02.rapid_deaths_preserve_state PASS
OMDB_CASE state US1.lifecycle.accepted.3.2 PASS
OMDB_CASE state EC01.overlapping_contacts PASS
OMDB_CASE state US1.lifecycle.dead_ineligible PASS
OMDB_CASE state US1.lifecycle.one_replacement PASS
OMDB_CASE state US1.lifecycle.replacement_latch PASS
OMDB_CASE state US1.lifecycle.stale_subject PASS
OMDB_CASE state US1.lifecycle.stale_epoch PASS
OMDB_CASE state EC02.rapid_deaths_preserve_state PASS
OMDB_CASE state US1.lifecycle.accepted.3.3 PASS
OMDB_CASE state EC01.overlapping_contacts PASS
OMDB_CASE state US1.lifecycle.dead_ineligible PASS
OMDB_CASE state US1.lifecycle.one_replacement PASS
OMDB_CASE state US1.lifecycle.replacement_latch PASS
OMDB_CASE state US1.lifecycle.stale_subject PASS
OMDB_CASE state US1.lifecycle.stale_epoch PASS
OMDB_CASE state EC02.rapid_deaths_preserve_state PASS
OMDB_CASE state US1.lifecycle.accepted.3.4 PASS
OMDB_CASE state EC01.overlapping_contacts PASS
OMDB_CASE state US1.lifecycle.dead_ineligible PASS
OMDB_CASE state US1.lifecycle.one_replacement PASS
OMDB_CASE state US1.lifecycle.replacement_latch PASS
OMDB_CASE state US1.lifecycle.stale_subject PASS
OMDB_CASE state US1.lifecycle.stale_epoch PASS
OMDB_CASE state EC02.rapid_deaths_preserve_state PASS
OMDB_CASE state US1.lifecycle.accepted.3.5 PASS
OMDB_CASE state EC01.overlapping_contacts PASS
OMDB_CASE state US1.lifecycle.dead_ineligible PASS
OMDB_CASE state US1.lifecycle.one_replacement PASS
OMDB_CASE state US1.lifecycle.replacement_latch PASS
OMDB_CASE state US1.lifecycle.stale_subject PASS
OMDB_CASE state US1.lifecycle.stale_epoch PASS
OMDB_CASE state EC02.rapid_deaths_preserve_state PASS
OMDB_CASE state US1.lifecycle.accepted.3.6 PASS
OMDB_CASE state EC01.overlapping_contacts PASS
OMDB_CASE state US1.lifecycle.dead_ineligible PASS
OMDB_CASE state US1.lifecycle.one_replacement PASS
OMDB_CASE state US1.lifecycle.replacement_latch PASS
OMDB_CASE state US1.lifecycle.stale_subject PASS
OMDB_CASE state US1.lifecycle.stale_epoch PASS
OMDB_CASE state EC02.rapid_deaths_preserve_state PASS
OMDB_CASE state US1.lifecycle.accepted.3.7 PASS
OMDB_CASE state EC01.overlapping_contacts PASS
OMDB_CASE state US1.lifecycle.dead_ineligible PASS
OMDB_CASE state US1.lifecycle.one_replacement PASS
OMDB_CASE state US1.lifecycle.replacement_latch PASS
OMDB_CASE state US1.lifecycle.stale_subject PASS
OMDB_CASE state US1.lifecycle.stale_epoch PASS
OMDB_CASE state EC02.rapid_deaths_preserve_state PASS
OMDB_CASE state US1.lifecycle.accepted.3.8 PASS
OMDB_CASE state EC01.overlapping_contacts PASS
OMDB_CASE state US1.lifecycle.dead_ineligible PASS
OMDB_CASE state US1.lifecycle.one_replacement PASS
OMDB_CASE state US1.lifecycle.replacement_latch PASS
OMDB_CASE state US1.lifecycle.stale_subject PASS
OMDB_CASE state US1.lifecycle.stale_epoch PASS
OMDB_CASE state EC02.rapid_deaths_preserve_state PASS
OMDB_CASE state US1.lifecycle.accepted.3.9 PASS
OMDB_CASE state EC01.overlapping_contacts PASS
OMDB_CASE state US1.lifecycle.dead_ineligible PASS
OMDB_CASE state US1.lifecycle.one_replacement PASS
OMDB_CASE state US1.lifecycle.replacement_latch PASS
OMDB_CASE state US1.lifecycle.stale_subject PASS
OMDB_CASE state US1.lifecycle.stale_epoch PASS
OMDB_CASE state EC02.rapid_deaths_preserve_state PASS
OMDB_CASE state US1.lifecycle.accepted.3.10 PASS
OMDB_CASE state EC01.overlapping_contacts PASS
OMDB_CASE state US1.lifecycle.dead_ineligible PASS
OMDB_CASE state US1.lifecycle.one_replacement PASS
OMDB_CASE state US1.lifecycle.replacement_latch PASS
OMDB_CASE state US1.lifecycle.stale_subject PASS
OMDB_CASE state US1.lifecycle.stale_epoch PASS
OMDB_CASE state EC02.rapid_deaths_preserve_state PASS
OMDB_CASE state US1.lifecycle.accepted.3.11 PASS
OMDB_CASE state EC01.overlapping_contacts PASS
OMDB_CASE state US1.lifecycle.dead_ineligible PASS
OMDB_CASE state US1.lifecycle.one_replacement PASS
OMDB_CASE state US1.lifecycle.replacement_latch PASS
OMDB_CASE state US1.lifecycle.stale_subject PASS
OMDB_CASE state US1.lifecycle.stale_epoch PASS
OMDB_CASE state EC02.rapid_deaths_preserve_state PASS
OMDB_CASE state US1.lifecycle.retirement PASS
OMDB_CASE state US5.stale_exit PASS
OMDB_CASE state US5.wrong_subject_exit PASS
OMDB_CASE state EC13.exit_latch PASS
OMDB_CASE state US5.death_before_exit PASS
OMDB_CASE state US1.lifecycle.accepted.4.0 PASS
OMDB_CASE state EC01.overlapping_contacts PASS
OMDB_CASE state US1.lifecycle.dead_ineligible PASS
OMDB_CASE state US1.lifecycle.one_replacement PASS
OMDB_CASE state US1.lifecycle.replacement_latch PASS
OMDB_CASE state US1.lifecycle.stale_subject PASS
OMDB_CASE state US1.lifecycle.stale_epoch PASS
OMDB_CASE state EC02.rapid_deaths_preserve_state PASS
OMDB_CASE state US1.lifecycle.accepted.4.1 PASS
OMDB_CASE state EC01.overlapping_contacts PASS
OMDB_CASE state US1.lifecycle.dead_ineligible PASS
OMDB_CASE state US1.lifecycle.one_replacement PASS
OMDB_CASE state US1.lifecycle.replacement_latch PASS
OMDB_CASE state US1.lifecycle.stale_subject PASS
OMDB_CASE state US1.lifecycle.stale_epoch PASS
OMDB_CASE state EC02.rapid_deaths_preserve_state PASS
OMDB_CASE state US1.lifecycle.accepted.4.2 PASS
OMDB_CASE state EC01.overlapping_contacts PASS
OMDB_CASE state US1.lifecycle.dead_ineligible PASS
OMDB_CASE state US1.lifecycle.one_replacement PASS
OMDB_CASE state US1.lifecycle.replacement_latch PASS
OMDB_CASE state US1.lifecycle.stale_subject PASS
OMDB_CASE state US1.lifecycle.stale_epoch PASS
OMDB_CASE state EC02.rapid_deaths_preserve_state PASS
OMDB_CASE state US1.lifecycle.accepted.4.3 PASS
OMDB_CASE state EC01.overlapping_contacts PASS
OMDB_CASE state US1.lifecycle.dead_ineligible PASS
OMDB_CASE state US1.lifecycle.one_replacement PASS
OMDB_CASE state US1.lifecycle.replacement_latch PASS
OMDB_CASE state US1.lifecycle.stale_subject PASS
OMDB_CASE state US1.lifecycle.stale_epoch PASS
OMDB_CASE state EC02.rapid_deaths_preserve_state PASS
OMDB_CASE state US1.lifecycle.accepted.4.4 PASS
OMDB_CASE state EC01.overlapping_contacts PASS
OMDB_CASE state US1.lifecycle.dead_ineligible PASS
OMDB_CASE state US1.lifecycle.one_replacement PASS
OMDB_CASE state US1.lifecycle.replacement_latch PASS
OMDB_CASE state US1.lifecycle.stale_subject PASS
OMDB_CASE state US1.lifecycle.stale_epoch PASS
OMDB_CASE state EC02.rapid_deaths_preserve_state PASS
OMDB_CASE state US1.lifecycle.accepted.4.5 PASS
OMDB_CASE state EC01.overlapping_contacts PASS
OMDB_CASE state US1.lifecycle.dead_ineligible PASS
OMDB_CASE state US1.lifecycle.one_replacement PASS
OMDB_CASE state US1.lifecycle.replacement_latch PASS
OMDB_CASE state US1.lifecycle.stale_subject PASS
OMDB_CASE state US1.lifecycle.stale_epoch PASS
OMDB_CASE state EC02.rapid_deaths_preserve_state PASS
OMDB_CASE state US1.lifecycle.accepted.4.6 PASS
OMDB_CASE state EC01.overlapping_contacts PASS
OMDB_CASE state US1.lifecycle.dead_ineligible PASS
OMDB_CASE state US1.lifecycle.one_replacement PASS
OMDB_CASE state US1.lifecycle.replacement_latch PASS
OMDB_CASE state US1.lifecycle.stale_subject PASS
OMDB_CASE state US1.lifecycle.stale_epoch PASS
OMDB_CASE state EC02.rapid_deaths_preserve_state PASS
OMDB_CASE state US1.lifecycle.accepted.4.7 PASS
OMDB_CASE state EC01.overlapping_contacts PASS
OMDB_CASE state US1.lifecycle.dead_ineligible PASS
OMDB_CASE state US1.lifecycle.one_replacement PASS
OMDB_CASE state US1.lifecycle.replacement_latch PASS
OMDB_CASE state US1.lifecycle.stale_subject PASS
OMDB_CASE state US1.lifecycle.stale_epoch PASS
OMDB_CASE state EC02.rapid_deaths_preserve_state PASS
OMDB_CASE state US1.lifecycle.accepted.4.8 PASS
OMDB_CASE state EC01.overlapping_contacts PASS
OMDB_CASE state US1.lifecycle.dead_ineligible PASS
OMDB_CASE state US1.lifecycle.one_replacement PASS
OMDB_CASE state US1.lifecycle.replacement_latch PASS
OMDB_CASE state US1.lifecycle.stale_subject PASS
OMDB_CASE state US1.lifecycle.stale_epoch PASS
OMDB_CASE state EC02.rapid_deaths_preserve_state PASS
OMDB_CASE state US1.lifecycle.accepted.4.9 PASS
OMDB_CASE state EC01.overlapping_contacts PASS
OMDB_CASE state US1.lifecycle.dead_ineligible PASS
OMDB_CASE state US1.lifecycle.one_replacement PASS
OMDB_CASE state US1.lifecycle.replacement_latch PASS
OMDB_CASE state US1.lifecycle.stale_subject PASS
OMDB_CASE state US1.lifecycle.stale_epoch PASS
OMDB_CASE state EC02.rapid_deaths_preserve_state PASS
OMDB_CASE state US1.lifecycle.accepted.4.10 PASS
OMDB_CASE state EC01.overlapping_contacts PASS
OMDB_CASE state US1.lifecycle.dead_ineligible PASS
OMDB_CASE state US1.lifecycle.one_replacement PASS
OMDB_CASE state US1.lifecycle.replacement_latch PASS
OMDB_CASE state US1.lifecycle.stale_subject PASS
OMDB_CASE state US1.lifecycle.stale_epoch PASS
OMDB_CASE state EC02.rapid_deaths_preserve_state PASS
OMDB_CASE state US1.lifecycle.accepted.4.11 PASS
OMDB_CASE state EC01.overlapping_contacts PASS
OMDB_CASE state US1.lifecycle.dead_ineligible PASS
OMDB_CASE state US1.lifecycle.one_replacement PASS
OMDB_CASE state US1.lifecycle.replacement_latch PASS
OMDB_CASE state US1.lifecycle.stale_subject PASS
OMDB_CASE state US1.lifecycle.stale_epoch PASS
OMDB_CASE state EC02.rapid_deaths_preserve_state PASS
OMDB_CASE state US1.lifecycle.retirement PASS
OMDB_CASE state US5.stale_exit PASS
OMDB_CASE state US5.wrong_subject_exit PASS
OMDB_CASE state EC13.exit_latch PASS
OMDB_CASE state US5.death_before_exit PASS
OMDB_CASE state US1.lifecycle.accepted.5.0 PASS
OMDB_CASE state EC01.overlapping_contacts PASS
OMDB_CASE state US1.lifecycle.dead_ineligible PASS
OMDB_CASE state US1.lifecycle.one_replacement PASS
OMDB_CASE state US1.lifecycle.replacement_latch PASS
OMDB_CASE state US1.lifecycle.stale_subject PASS
OMDB_CASE state US1.lifecycle.stale_epoch PASS
OMDB_CASE state EC02.rapid_deaths_preserve_state PASS
OMDB_CASE state US1.lifecycle.accepted.5.1 PASS
OMDB_CASE state EC01.overlapping_contacts PASS
OMDB_CASE state US1.lifecycle.dead_ineligible PASS
OMDB_CASE state US1.lifecycle.one_replacement PASS
OMDB_CASE state US1.lifecycle.replacement_latch PASS
OMDB_CASE state US1.lifecycle.stale_subject PASS
OMDB_CASE state US1.lifecycle.stale_epoch PASS
OMDB_CASE state EC02.rapid_deaths_preserve_state PASS
OMDB_CASE state US1.lifecycle.accepted.5.2 PASS
OMDB_CASE state EC01.overlapping_contacts PASS
OMDB_CASE state US1.lifecycle.dead_ineligible PASS
OMDB_CASE state US1.lifecycle.one_replacement PASS
OMDB_CASE state US1.lifecycle.replacement_latch PASS
OMDB_CASE state US1.lifecycle.stale_subject PASS
OMDB_CASE state US1.lifecycle.stale_epoch PASS
OMDB_CASE state EC02.rapid_deaths_preserve_state PASS
OMDB_CASE state US1.lifecycle.accepted.5.3 PASS
OMDB_CASE state EC01.overlapping_contacts PASS
OMDB_CASE state US1.lifecycle.dead_ineligible PASS
OMDB_CASE state US1.lifecycle.one_replacement PASS
OMDB_CASE state US1.lifecycle.replacement_latch PASS
OMDB_CASE state US1.lifecycle.stale_subject PASS
OMDB_CASE state US1.lifecycle.stale_epoch PASS
OMDB_CASE state EC02.rapid_deaths_preserve_state PASS
OMDB_CASE state US1.lifecycle.accepted.5.4 PASS
OMDB_CASE state EC01.overlapping_contacts PASS
OMDB_CASE state US1.lifecycle.dead_ineligible PASS
OMDB_CASE state US1.lifecycle.one_replacement PASS
OMDB_CASE state US1.lifecycle.replacement_latch PASS
OMDB_CASE state US1.lifecycle.stale_subject PASS
OMDB_CASE state US1.lifecycle.stale_epoch PASS
OMDB_CASE state EC02.rapid_deaths_preserve_state PASS
OMDB_CASE state US1.lifecycle.accepted.5.5 PASS
OMDB_CASE state EC01.overlapping_contacts PASS
OMDB_CASE state US1.lifecycle.dead_ineligible PASS
OMDB_CASE state US1.lifecycle.one_replacement PASS
OMDB_CASE state US1.lifecycle.replacement_latch PASS
OMDB_CASE state US1.lifecycle.stale_subject PASS
OMDB_CASE state US1.lifecycle.stale_epoch PASS
OMDB_CASE state EC02.rapid_deaths_preserve_state PASS
OMDB_CASE state US1.lifecycle.accepted.5.6 PASS
OMDB_CASE state EC01.overlapping_contacts PASS
OMDB_CASE state US1.lifecycle.dead_ineligible PASS
OMDB_CASE state US1.lifecycle.one_replacement PASS
OMDB_CASE state US1.lifecycle.replacement_latch PASS
OMDB_CASE state US1.lifecycle.stale_subject PASS
OMDB_CASE state US1.lifecycle.stale_epoch PASS
OMDB_CASE state EC02.rapid_deaths_preserve_state PASS
OMDB_CASE state US1.lifecycle.accepted.5.7 PASS
OMDB_CASE state EC01.overlapping_contacts PASS
OMDB_CASE state US1.lifecycle.dead_ineligible PASS
OMDB_CASE state US1.lifecycle.one_replacement PASS
OMDB_CASE state US1.lifecycle.replacement_latch PASS
OMDB_CASE state US1.lifecycle.stale_subject PASS
OMDB_CASE state US1.lifecycle.stale_epoch PASS
OMDB_CASE state EC02.rapid_deaths_preserve_state PASS
OMDB_CASE state US1.lifecycle.accepted.5.8 PASS
OMDB_CASE state EC01.overlapping_contacts PASS
OMDB_CASE state US1.lifecycle.dead_ineligible PASS
OMDB_CASE state US1.lifecycle.one_replacement PASS
OMDB_CASE state US1.lifecycle.replacement_latch PASS
OMDB_CASE state US1.lifecycle.stale_subject PASS
OMDB_CASE state US1.lifecycle.stale_epoch PASS
OMDB_CASE state EC02.rapid_deaths_preserve_state PASS
OMDB_CASE state US1.lifecycle.accepted.5.9 PASS
OMDB_CASE state EC01.overlapping_contacts PASS
OMDB_CASE state US1.lifecycle.dead_ineligible PASS
OMDB_CASE state US1.lifecycle.one_replacement PASS
OMDB_CASE state US1.lifecycle.replacement_latch PASS
OMDB_CASE state US1.lifecycle.stale_subject PASS
OMDB_CASE state US1.lifecycle.stale_epoch PASS
OMDB_CASE state EC02.rapid_deaths_preserve_state PASS
OMDB_CASE state US1.lifecycle.accepted.5.10 PASS
OMDB_CASE state EC01.overlapping_contacts PASS
OMDB_CASE state US1.lifecycle.dead_ineligible PASS
OMDB_CASE state US1.lifecycle.one_replacement PASS
OMDB_CASE state US1.lifecycle.replacement_latch PASS
OMDB_CASE state US1.lifecycle.stale_subject PASS
OMDB_CASE state US1.lifecycle.stale_epoch PASS
OMDB_CASE state EC02.rapid_deaths_preserve_state PASS
OMDB_CASE state US1.lifecycle.accepted.5.11 PASS
OMDB_CASE state EC01.overlapping_contacts PASS
OMDB_CASE state US1.lifecycle.dead_ineligible PASS
OMDB_CASE state US1.lifecycle.one_replacement PASS
OMDB_CASE state US1.lifecycle.replacement_latch PASS
OMDB_CASE state US1.lifecycle.stale_subject PASS
OMDB_CASE state US1.lifecycle.stale_epoch PASS
OMDB_CASE state EC02.rapid_deaths_preserve_state PASS
OMDB_CASE state US1.lifecycle.retirement PASS
OMDB_CASE state US5.stale_exit PASS
OMDB_CASE state US5.wrong_subject_exit PASS
OMDB_CASE state EC13.exit_latch PASS
OMDB_CASE state US5.death_before_exit PASS
OMDB_CASE state US1.lifecycle.accepted.6.0 PASS
OMDB_CASE state EC01.overlapping_contacts PASS
OMDB_CASE state US1.lifecycle.dead_ineligible PASS
OMDB_CASE state US1.lifecycle.one_replacement PASS
OMDB_CASE state US1.lifecycle.replacement_latch PASS
OMDB_CASE state US1.lifecycle.stale_subject PASS
OMDB_CASE state US1.lifecycle.stale_epoch PASS
OMDB_CASE state EC02.rapid_deaths_preserve_state PASS
OMDB_CASE state US1.lifecycle.accepted.6.1 PASS
OMDB_CASE state EC01.overlapping_contacts PASS
OMDB_CASE state US1.lifecycle.dead_ineligible PASS
OMDB_CASE state US1.lifecycle.one_replacement PASS
OMDB_CASE state US1.lifecycle.replacement_latch PASS
OMDB_CASE state US1.lifecycle.stale_subject PASS
OMDB_CASE state US1.lifecycle.stale_epoch PASS
OMDB_CASE state EC02.rapid_deaths_preserve_state PASS
OMDB_CASE state US1.lifecycle.accepted.6.2 PASS
OMDB_CASE state EC01.overlapping_contacts PASS
OMDB_CASE state US1.lifecycle.dead_ineligible PASS
OMDB_CASE state US1.lifecycle.one_replacement PASS
OMDB_CASE state US1.lifecycle.replacement_latch PASS
OMDB_CASE state US1.lifecycle.stale_subject PASS
OMDB_CASE state US1.lifecycle.stale_epoch PASS
OMDB_CASE state EC02.rapid_deaths_preserve_state PASS
OMDB_CASE state US1.lifecycle.accepted.6.3 PASS
OMDB_CASE state EC01.overlapping_contacts PASS
OMDB_CASE state US1.lifecycle.dead_ineligible PASS
OMDB_CASE state US1.lifecycle.one_replacement PASS
OMDB_CASE state US1.lifecycle.replacement_latch PASS
OMDB_CASE state US1.lifecycle.stale_subject PASS
OMDB_CASE state US1.lifecycle.stale_epoch PASS
OMDB_CASE state EC02.rapid_deaths_preserve_state PASS
OMDB_CASE state US1.lifecycle.accepted.6.4 PASS
OMDB_CASE state EC01.overlapping_contacts PASS
OMDB_CASE state US1.lifecycle.dead_ineligible PASS
OMDB_CASE state US1.lifecycle.one_replacement PASS
OMDB_CASE state US1.lifecycle.replacement_latch PASS
OMDB_CASE state US1.lifecycle.stale_subject PASS
OMDB_CASE state US1.lifecycle.stale_epoch PASS
OMDB_CASE state EC02.rapid_deaths_preserve_state PASS
OMDB_CASE state US1.lifecycle.accepted.6.5 PASS
OMDB_CASE state EC01.overlapping_contacts PASS
OMDB_CASE state US1.lifecycle.dead_ineligible PASS
OMDB_CASE state US1.lifecycle.one_replacement PASS
OMDB_CASE state US1.lifecycle.replacement_latch PASS
OMDB_CASE state US1.lifecycle.stale_subject PASS
OMDB_CASE state US1.lifecycle.stale_epoch PASS
OMDB_CASE state EC02.rapid_deaths_preserve_state PASS
OMDB_CASE state US1.lifecycle.accepted.6.6 PASS
OMDB_CASE state EC01.overlapping_contacts PASS
OMDB_CASE state US1.lifecycle.dead_ineligible PASS
OMDB_CASE state US1.lifecycle.one_replacement PASS
OMDB_CASE state US1.lifecycle.replacement_latch PASS
OMDB_CASE state US1.lifecycle.stale_subject PASS
OMDB_CASE state US1.lifecycle.stale_epoch PASS
OMDB_CASE state EC02.rapid_deaths_preserve_state PASS
OMDB_CASE state US1.lifecycle.accepted.6.7 PASS
OMDB_CASE state EC01.overlapping_contacts PASS
OMDB_CASE state US1.lifecycle.dead_ineligible PASS
OMDB_CASE state US1.lifecycle.one_replacement PASS
OMDB_CASE state US1.lifecycle.replacement_latch PASS
OMDB_CASE state US1.lifecycle.stale_subject PASS
OMDB_CASE state US1.lifecycle.stale_epoch PASS
OMDB_CASE state EC02.rapid_deaths_preserve_state PASS
OMDB_CASE state US1.lifecycle.accepted.6.8 PASS
OMDB_CASE state EC01.overlapping_contacts PASS
OMDB_CASE state US1.lifecycle.dead_ineligible PASS
OMDB_CASE state US1.lifecycle.one_replacement PASS
OMDB_CASE state US1.lifecycle.replacement_latch PASS
OMDB_CASE state US1.lifecycle.stale_subject PASS
OMDB_CASE state US1.lifecycle.stale_epoch PASS
OMDB_CASE state EC02.rapid_deaths_preserve_state PASS
OMDB_CASE state US1.lifecycle.accepted.6.9 PASS
OMDB_CASE state EC01.overlapping_contacts PASS
OMDB_CASE state US1.lifecycle.dead_ineligible PASS
OMDB_CASE state US1.lifecycle.one_replacement PASS
OMDB_CASE state US1.lifecycle.replacement_latch PASS
OMDB_CASE state US1.lifecycle.stale_subject PASS
OMDB_CASE state US1.lifecycle.stale_epoch PASS
OMDB_CASE state EC02.rapid_deaths_preserve_state PASS
OMDB_CASE state US1.lifecycle.accepted.6.10 PASS
OMDB_CASE state EC01.overlapping_contacts PASS
OMDB_CASE state US1.lifecycle.dead_ineligible PASS
OMDB_CASE state US1.lifecycle.one_replacement PASS
OMDB_CASE state US1.lifecycle.replacement_latch PASS
OMDB_CASE state US1.lifecycle.stale_subject PASS
OMDB_CASE state US1.lifecycle.stale_epoch PASS
OMDB_CASE state EC02.rapid_deaths_preserve_state PASS
OMDB_CASE state US1.lifecycle.accepted.6.11 PASS
OMDB_CASE state EC01.overlapping_contacts PASS
OMDB_CASE state US1.lifecycle.dead_ineligible PASS
OMDB_CASE state US1.lifecycle.one_replacement PASS
OMDB_CASE state US1.lifecycle.replacement_latch PASS
OMDB_CASE state US1.lifecycle.stale_subject PASS
OMDB_CASE state US1.lifecycle.stale_epoch PASS
OMDB_CASE state EC02.rapid_deaths_preserve_state PASS
OMDB_CASE state US1.lifecycle.retirement PASS
OMDB_CASE state US5.stale_exit PASS
OMDB_CASE state US5.wrong_subject_exit PASS
OMDB_CASE state EC13.exit_latch PASS
OMDB_CASE state US5.death_before_exit PASS
OMDB_CASE state US1.lifecycle.accepted.7.0 PASS
OMDB_CASE state EC01.overlapping_contacts PASS
OMDB_CASE state US1.lifecycle.dead_ineligible PASS
OMDB_CASE state US1.lifecycle.one_replacement PASS
OMDB_CASE state US1.lifecycle.replacement_latch PASS
OMDB_CASE state US1.lifecycle.stale_subject PASS
OMDB_CASE state US1.lifecycle.stale_epoch PASS
OMDB_CASE state EC02.rapid_deaths_preserve_state PASS
OMDB_CASE state US1.lifecycle.accepted.7.1 PASS
OMDB_CASE state EC01.overlapping_contacts PASS
OMDB_CASE state US1.lifecycle.dead_ineligible PASS
OMDB_CASE state US1.lifecycle.one_replacement PASS
OMDB_CASE state US1.lifecycle.replacement_latch PASS
OMDB_CASE state US1.lifecycle.stale_subject PASS
OMDB_CASE state US1.lifecycle.stale_epoch PASS
OMDB_CASE state EC02.rapid_deaths_preserve_state PASS
OMDB_CASE state US1.lifecycle.accepted.7.2 PASS
OMDB_CASE state EC01.overlapping_contacts PASS
OMDB_CASE state US1.lifecycle.dead_ineligible PASS
OMDB_CASE state US1.lifecycle.one_replacement PASS
OMDB_CASE state US1.lifecycle.replacement_latch PASS
OMDB_CASE state US1.lifecycle.stale_subject PASS
OMDB_CASE state US1.lifecycle.stale_epoch PASS
OMDB_CASE state EC02.rapid_deaths_preserve_state PASS
OMDB_CASE state US1.lifecycle.accepted.7.3 PASS
OMDB_CASE state EC01.overlapping_contacts PASS
OMDB_CASE state US1.lifecycle.dead_ineligible PASS
OMDB_CASE state US1.lifecycle.one_replacement PASS
OMDB_CASE state US1.lifecycle.replacement_latch PASS
OMDB_CASE state US1.lifecycle.stale_subject PASS
OMDB_CASE state US1.lifecycle.stale_epoch PASS
OMDB_CASE state EC02.rapid_deaths_preserve_state PASS
OMDB_CASE state US1.lifecycle.accepted.7.4 PASS
OMDB_CASE state EC01.overlapping_contacts PASS
OMDB_CASE state US1.lifecycle.dead_ineligible PASS
OMDB_CASE state US1.lifecycle.one_replacement PASS
OMDB_CASE state US1.lifecycle.replacement_latch PASS
OMDB_CASE state US1.lifecycle.stale_subject PASS
OMDB_CASE state US1.lifecycle.stale_epoch PASS
OMDB_CASE state EC02.rapid_deaths_preserve_state PASS
OMDB_CASE state US1.lifecycle.accepted.7.5 PASS
OMDB_CASE state EC01.overlapping_contacts PASS
OMDB_CASE state US1.lifecycle.dead_ineligible PASS
OMDB_CASE state US1.lifecycle.one_replacement PASS
OMDB_CASE state US1.lifecycle.replacement_latch PASS
OMDB_CASE state US1.lifecycle.stale_subject PASS
OMDB_CASE state US1.lifecycle.stale_epoch PASS
OMDB_CASE state EC02.rapid_deaths_preserve_state PASS
OMDB_CASE state US1.lifecycle.accepted.7.6 PASS
OMDB_CASE state EC01.overlapping_contacts PASS
OMDB_CASE state US1.lifecycle.dead_ineligible PASS
OMDB_CASE state US1.lifecycle.one_replacement PASS
OMDB_CASE state US1.lifecycle.replacement_latch PASS
OMDB_CASE state US1.lifecycle.stale_subject PASS
OMDB_CASE state US1.lifecycle.stale_epoch PASS
OMDB_CASE state EC02.rapid_deaths_preserve_state PASS
OMDB_CASE state US1.lifecycle.accepted.7.7 PASS
OMDB_CASE state EC01.overlapping_contacts PASS
OMDB_CASE state US1.lifecycle.dead_ineligible PASS
OMDB_CASE state US1.lifecycle.one_replacement PASS
OMDB_CASE state US1.lifecycle.replacement_latch PASS
OMDB_CASE state US1.lifecycle.stale_subject PASS
OMDB_CASE state US1.lifecycle.stale_epoch PASS
OMDB_CASE state EC02.rapid_deaths_preserve_state PASS
OMDB_CASE state US1.lifecycle.accepted.7.8 PASS
OMDB_CASE state EC01.overlapping_contacts PASS
OMDB_CASE state US1.lifecycle.dead_ineligible PASS
OMDB_CASE state US1.lifecycle.one_replacement PASS
OMDB_CASE state US1.lifecycle.replacement_latch PASS
OMDB_CASE state US1.lifecycle.stale_subject PASS
OMDB_CASE state US1.lifecycle.stale_epoch PASS
OMDB_CASE state EC02.rapid_deaths_preserve_state PASS
OMDB_CASE state US1.lifecycle.accepted.7.9 PASS
OMDB_CASE state EC01.overlapping_contacts PASS
OMDB_CASE state US1.lifecycle.dead_ineligible PASS
OMDB_CASE state US1.lifecycle.one_replacement PASS
OMDB_CASE state US1.lifecycle.replacement_latch PASS
OMDB_CASE state US1.lifecycle.stale_subject PASS
OMDB_CASE state US1.lifecycle.stale_epoch PASS
OMDB_CASE state EC02.rapid_deaths_preserve_state PASS
OMDB_CASE state US1.lifecycle.accepted.7.10 PASS
OMDB_CASE state EC01.overlapping_contacts PASS
OMDB_CASE state US1.lifecycle.dead_ineligible PASS
OMDB_CASE state US1.lifecycle.one_replacement PASS
OMDB_CASE state US1.lifecycle.replacement_latch PASS
OMDB_CASE state US1.lifecycle.stale_subject PASS
OMDB_CASE state US1.lifecycle.stale_epoch PASS
OMDB_CASE state EC02.rapid_deaths_preserve_state PASS
OMDB_CASE state US1.lifecycle.accepted.7.11 PASS
OMDB_CASE state EC01.overlapping_contacts PASS
OMDB_CASE state US1.lifecycle.dead_ineligible PASS
OMDB_CASE state US1.lifecycle.one_replacement PASS
OMDB_CASE state US1.lifecycle.replacement_latch PASS
OMDB_CASE state US1.lifecycle.stale_subject PASS
OMDB_CASE state US1.lifecycle.stale_epoch PASS
OMDB_CASE state EC02.rapid_deaths_preserve_state PASS
OMDB_CASE state US1.lifecycle.retirement PASS
OMDB_CASE state US5.stale_exit PASS
OMDB_CASE state US5.wrong_subject_exit PASS
OMDB_CASE state EC13.exit_latch PASS
OMDB_CASE state US5.death_before_exit PASS
OMDB_CASE state US1.lifecycle.accepted.8.0 PASS
OMDB_CASE state EC01.overlapping_contacts PASS
OMDB_CASE state US1.lifecycle.dead_ineligible PASS
OMDB_CASE state US1.lifecycle.one_replacement PASS
OMDB_CASE state US1.lifecycle.replacement_latch PASS
OMDB_CASE state US1.lifecycle.stale_subject PASS
OMDB_CASE state US1.lifecycle.stale_epoch PASS
OMDB_CASE state EC02.rapid_deaths_preserve_state PASS
OMDB_CASE state US1.lifecycle.accepted.8.1 PASS
OMDB_CASE state EC01.overlapping_contacts PASS
OMDB_CASE state US1.lifecycle.dead_ineligible PASS
OMDB_CASE state US1.lifecycle.one_replacement PASS
OMDB_CASE state US1.lifecycle.replacement_latch PASS
OMDB_CASE state US1.lifecycle.stale_subject PASS
OMDB_CASE state US1.lifecycle.stale_epoch PASS
OMDB_CASE state EC02.rapid_deaths_preserve_state PASS
OMDB_CASE state US1.lifecycle.accepted.8.2 PASS
OMDB_CASE state EC01.overlapping_contacts PASS
OMDB_CASE state US1.lifecycle.dead_ineligible PASS
OMDB_CASE state US1.lifecycle.one_replacement PASS
OMDB_CASE state US1.lifecycle.replacement_latch PASS
OMDB_CASE state US1.lifecycle.stale_subject PASS
OMDB_CASE state US1.lifecycle.stale_epoch PASS
OMDB_CASE state EC02.rapid_deaths_preserve_state PASS
OMDB_CASE state US1.lifecycle.accepted.8.3 PASS
OMDB_CASE state EC01.overlapping_contacts PASS
OMDB_CASE state US1.lifecycle.dead_ineligible PASS
OMDB_CASE state US1.lifecycle.one_replacement PASS
OMDB_CASE state US1.lifecycle.replacement_latch PASS
OMDB_CASE state US1.lifecycle.stale_subject PASS
OMDB_CASE state US1.lifecycle.stale_epoch PASS
OMDB_CASE state EC02.rapid_deaths_preserve_state PASS
OMDB_CASE state US1.lifecycle.accepted.8.4 PASS
OMDB_CASE state EC01.overlapping_contacts PASS
OMDB_CASE state US1.lifecycle.dead_ineligible PASS
OMDB_CASE state US1.lifecycle.one_replacement PASS
OMDB_CASE state US1.lifecycle.replacement_latch PASS
OMDB_CASE state US1.lifecycle.stale_subject PASS
OMDB_CASE state US1.lifecycle.stale_epoch PASS
OMDB_CASE state EC02.rapid_deaths_preserve_state PASS
OMDB_CASE state US1.lifecycle.accepted.8.5 PASS
OMDB_CASE state EC01.overlapping_contacts PASS
OMDB_CASE state US1.lifecycle.dead_ineligible PASS
OMDB_CASE state US1.lifecycle.one_replacement PASS
OMDB_CASE state US1.lifecycle.replacement_latch PASS
OMDB_CASE state US1.lifecycle.stale_subject PASS
OMDB_CASE state US1.lifecycle.stale_epoch PASS
OMDB_CASE state EC02.rapid_deaths_preserve_state PASS
OMDB_CASE state US1.lifecycle.accepted.8.6 PASS
OMDB_CASE state EC01.overlapping_contacts PASS
OMDB_CASE state US1.lifecycle.dead_ineligible PASS
OMDB_CASE state US1.lifecycle.one_replacement PASS
OMDB_CASE state US1.lifecycle.replacement_latch PASS
OMDB_CASE state US1.lifecycle.stale_subject PASS
OMDB_CASE state US1.lifecycle.stale_epoch PASS
OMDB_CASE state EC02.rapid_deaths_preserve_state PASS
OMDB_CASE state US1.lifecycle.accepted.8.7 PASS
OMDB_CASE state EC01.overlapping_contacts PASS
OMDB_CASE state US1.lifecycle.dead_ineligible PASS
OMDB_CASE state US1.lifecycle.one_replacement PASS
OMDB_CASE state US1.lifecycle.replacement_latch PASS
OMDB_CASE state US1.lifecycle.stale_subject PASS
OMDB_CASE state US1.lifecycle.stale_epoch PASS
OMDB_CASE state EC02.rapid_deaths_preserve_state PASS
OMDB_CASE state US1.lifecycle.accepted.8.8 PASS
OMDB_CASE state EC01.overlapping_contacts PASS
OMDB_CASE state US1.lifecycle.dead_ineligible PASS
OMDB_CASE state US1.lifecycle.one_replacement PASS
OMDB_CASE state US1.lifecycle.replacement_latch PASS
OMDB_CASE state US1.lifecycle.stale_subject PASS
OMDB_CASE state US1.lifecycle.stale_epoch PASS
OMDB_CASE state EC02.rapid_deaths_preserve_state PASS
OMDB_CASE state US1.lifecycle.accepted.8.9 PASS
OMDB_CASE state EC01.overlapping_contacts PASS
OMDB_CASE state US1.lifecycle.dead_ineligible PASS
OMDB_CASE state US1.lifecycle.one_replacement PASS
OMDB_CASE state US1.lifecycle.replacement_latch PASS
OMDB_CASE state US1.lifecycle.stale_subject PASS
OMDB_CASE state US1.lifecycle.stale_epoch PASS
OMDB_CASE state EC02.rapid_deaths_preserve_state PASS
OMDB_CASE state US1.lifecycle.accepted.8.10 PASS
OMDB_CASE state EC01.overlapping_contacts PASS
OMDB_CASE state US1.lifecycle.dead_ineligible PASS
OMDB_CASE state US1.lifecycle.one_replacement PASS
OMDB_CASE state US1.lifecycle.replacement_latch PASS
OMDB_CASE state US1.lifecycle.stale_subject PASS
OMDB_CASE state US1.lifecycle.stale_epoch PASS
OMDB_CASE state EC02.rapid_deaths_preserve_state PASS
OMDB_CASE state US1.lifecycle.accepted.8.11 PASS
OMDB_CASE state EC01.overlapping_contacts PASS
OMDB_CASE state US1.lifecycle.dead_ineligible PASS
OMDB_CASE state US1.lifecycle.one_replacement PASS
OMDB_CASE state US1.lifecycle.replacement_latch PASS
OMDB_CASE state US1.lifecycle.stale_subject PASS
OMDB_CASE state US1.lifecycle.stale_epoch PASS
OMDB_CASE state EC02.rapid_deaths_preserve_state PASS
OMDB_CASE state US1.lifecycle.retirement PASS
OMDB_CASE state US5.stale_exit PASS
OMDB_CASE state US5.wrong_subject_exit PASS
OMDB_CASE state EC13.exit_latch PASS
OMDB_CASE state US5.death_before_exit PASS
OMDB_CASE state US1.lifecycle.accepted.9.0 PASS
OMDB_CASE state EC01.overlapping_contacts PASS
OMDB_CASE state US1.lifecycle.dead_ineligible PASS
OMDB_CASE state US1.lifecycle.one_replacement PASS
OMDB_CASE state US1.lifecycle.replacement_latch PASS
OMDB_CASE state US1.lifecycle.stale_subject PASS
OMDB_CASE state US1.lifecycle.stale_epoch PASS
OMDB_CASE state EC02.rapid_deaths_preserve_state PASS
OMDB_CASE state US1.lifecycle.accepted.9.1 PASS
OMDB_CASE state EC01.overlapping_contacts PASS
OMDB_CASE state US1.lifecycle.dead_ineligible PASS
OMDB_CASE state US1.lifecycle.one_replacement PASS
OMDB_CASE state US1.lifecycle.replacement_latch PASS
OMDB_CASE state US1.lifecycle.stale_subject PASS
OMDB_CASE state US1.lifecycle.stale_epoch PASS
OMDB_CASE state EC02.rapid_deaths_preserve_state PASS
OMDB_CASE state US1.lifecycle.accepted.9.2 PASS
OMDB_CASE state EC01.overlapping_contacts PASS
OMDB_CASE state US1.lifecycle.dead_ineligible PASS
OMDB_CASE state US1.lifecycle.one_replacement PASS
OMDB_CASE state US1.lifecycle.replacement_latch PASS
OMDB_CASE state US1.lifecycle.stale_subject PASS
OMDB_CASE state US1.lifecycle.stale_epoch PASS
OMDB_CASE state EC02.rapid_deaths_preserve_state PASS
OMDB_CASE state US1.lifecycle.accepted.9.3 PASS
OMDB_CASE state EC01.overlapping_contacts PASS
OMDB_CASE state US1.lifecycle.dead_ineligible PASS
OMDB_CASE state US1.lifecycle.one_replacement PASS
OMDB_CASE state US1.lifecycle.replacement_latch PASS
OMDB_CASE state US1.lifecycle.stale_subject PASS
OMDB_CASE state US1.lifecycle.stale_epoch PASS
OMDB_CASE state EC02.rapid_deaths_preserve_state PASS
OMDB_CASE state US1.lifecycle.accepted.9.4 PASS
OMDB_CASE state EC01.overlapping_contacts PASS
OMDB_CASE state US1.lifecycle.dead_ineligible PASS
OMDB_CASE state US1.lifecycle.one_replacement PASS
OMDB_CASE state US1.lifecycle.replacement_latch PASS
OMDB_CASE state US1.lifecycle.stale_subject PASS
OMDB_CASE state US1.lifecycle.stale_epoch PASS
OMDB_CASE state EC02.rapid_deaths_preserve_state PASS
OMDB_CASE state US1.lifecycle.accepted.9.5 PASS
OMDB_CASE state EC01.overlapping_contacts PASS
OMDB_CASE state US1.lifecycle.dead_ineligible PASS
OMDB_CASE state US1.lifecycle.one_replacement PASS
OMDB_CASE state US1.lifecycle.replacement_latch PASS
OMDB_CASE state US1.lifecycle.stale_subject PASS
OMDB_CASE state US1.lifecycle.stale_epoch PASS
OMDB_CASE state EC02.rapid_deaths_preserve_state PASS
OMDB_CASE state US1.lifecycle.accepted.9.6 PASS
OMDB_CASE state EC01.overlapping_contacts PASS
OMDB_CASE state US1.lifecycle.dead_ineligible PASS
OMDB_CASE state US1.lifecycle.one_replacement PASS
OMDB_CASE state US1.lifecycle.replacement_latch PASS
OMDB_CASE state US1.lifecycle.stale_subject PASS
OMDB_CASE state US1.lifecycle.stale_epoch PASS
OMDB_CASE state EC02.rapid_deaths_preserve_state PASS
OMDB_CASE state US1.lifecycle.accepted.9.7 PASS
OMDB_CASE state EC01.overlapping_contacts PASS
OMDB_CASE state US1.lifecycle.dead_ineligible PASS
OMDB_CASE state US1.lifecycle.one_replacement PASS
OMDB_CASE state US1.lifecycle.replacement_latch PASS
OMDB_CASE state US1.lifecycle.stale_subject PASS
OMDB_CASE state US1.lifecycle.stale_epoch PASS
OMDB_CASE state EC02.rapid_deaths_preserve_state PASS
OMDB_CASE state US1.lifecycle.accepted.9.8 PASS
OMDB_CASE state EC01.overlapping_contacts PASS
OMDB_CASE state US1.lifecycle.dead_ineligible PASS
OMDB_CASE state US1.lifecycle.one_replacement PASS
OMDB_CASE state US1.lifecycle.replacement_latch PASS
OMDB_CASE state US1.lifecycle.stale_subject PASS
OMDB_CASE state US1.lifecycle.stale_epoch PASS
OMDB_CASE state EC02.rapid_deaths_preserve_state PASS
OMDB_CASE state US1.lifecycle.accepted.9.9 PASS
OMDB_CASE state EC01.overlapping_contacts PASS
OMDB_CASE state US1.lifecycle.dead_ineligible PASS
OMDB_CASE state US1.lifecycle.one_replacement PASS
OMDB_CASE state US1.lifecycle.replacement_latch PASS
OMDB_CASE state US1.lifecycle.stale_subject PASS
OMDB_CASE state US1.lifecycle.stale_epoch PASS
OMDB_CASE state EC02.rapid_deaths_preserve_state PASS
OMDB_CASE state US1.lifecycle.accepted.9.10 PASS
OMDB_CASE state EC01.overlapping_contacts PASS
OMDB_CASE state US1.lifecycle.dead_ineligible PASS
OMDB_CASE state US1.lifecycle.one_replacement PASS
OMDB_CASE state US1.lifecycle.replacement_latch PASS
OMDB_CASE state US1.lifecycle.stale_subject PASS
OMDB_CASE state US1.lifecycle.stale_epoch PASS
OMDB_CASE state EC02.rapid_deaths_preserve_state PASS
OMDB_CASE state US1.lifecycle.accepted.9.11 PASS
OMDB_CASE state EC01.overlapping_contacts PASS
OMDB_CASE state US1.lifecycle.dead_ineligible PASS
OMDB_CASE state US1.lifecycle.one_replacement PASS
OMDB_CASE state US1.lifecycle.replacement_latch PASS
OMDB_CASE state US1.lifecycle.stale_subject PASS
OMDB_CASE state US1.lifecycle.stale_epoch PASS
OMDB_CASE state EC02.rapid_deaths_preserve_state PASS
OMDB_CASE state US1.lifecycle.retirement PASS
OMDB_CASE state US5.stale_exit PASS
OMDB_CASE state US5.wrong_subject_exit PASS
OMDB_CASE state EC13.exit_latch PASS
OMDB_CASE state US5.death_before_exit PASS
OMDB_CASE state US1.screen_direction.0 PASS
OMDB_CASE state US1.screen_direction.0 PASS
OMDB_CASE state US1.screen_direction.0 PASS
OMDB_CASE state US1.screen_direction.0 PASS
OMDB_CASE state US1.normalized_diagonal PASS
OMDB_CASE state US1.analog_magnitude PASS
OMDB_CASE state US1.jump_echo_rejected PASS
OMDB_CASE state US1.jump_buffer_one_press PASS
OMDB_CASE state US1.screen_direction.1 PASS
OMDB_CASE state US1.screen_direction.1 PASS
OMDB_CASE state US1.screen_direction.1 PASS
OMDB_CASE state US1.screen_direction.1 PASS
OMDB_CASE state US1.normalized_diagonal PASS
OMDB_CASE state US1.analog_magnitude PASS
OMDB_CASE state US1.jump_echo_rejected PASS
OMDB_CASE state US1.jump_buffer_one_press PASS
OMDB_CASE state US1.screen_direction.2 PASS
OMDB_CASE state US1.screen_direction.2 PASS
OMDB_CASE state US1.screen_direction.2 PASS
OMDB_CASE state US1.screen_direction.2 PASS
OMDB_CASE state US1.normalized_diagonal PASS
OMDB_CASE state US1.analog_magnitude PASS
OMDB_CASE state US1.jump_echo_rejected PASS
OMDB_CASE state US1.jump_buffer_one_press PASS
OMDB_CASE state US1.screen_direction.3 PASS
OMDB_CASE state US1.screen_direction.3 PASS
OMDB_CASE state US1.screen_direction.3 PASS
OMDB_CASE state US1.screen_direction.3 PASS
OMDB_CASE state US1.normalized_diagonal PASS
OMDB_CASE state US1.analog_magnitude PASS
OMDB_CASE state US1.jump_echo_rejected PASS
OMDB_CASE state US1.jump_buffer_one_press PASS
OMDB_CASE state US1.screen_direction.4 PASS
OMDB_CASE state US1.screen_direction.4 PASS
OMDB_CASE state US1.screen_direction.4 PASS
OMDB_CASE state US1.screen_direction.4 PASS
OMDB_CASE state US1.normalized_diagonal PASS
OMDB_CASE state US1.analog_magnitude PASS
OMDB_CASE state US1.jump_echo_rejected PASS
OMDB_CASE state US1.jump_buffer_one_press PASS
OMDB_CASE state US1.screen_direction.5 PASS
OMDB_CASE state US1.screen_direction.5 PASS
OMDB_CASE state US1.screen_direction.5 PASS
OMDB_CASE state US1.screen_direction.5 PASS
OMDB_CASE state US1.normalized_diagonal PASS
OMDB_CASE state US1.analog_magnitude PASS
OMDB_CASE state US1.jump_echo_rejected PASS
OMDB_CASE state US1.jump_buffer_one_press PASS
OMDB_CASE state US1.screen_direction.6 PASS
OMDB_CASE state US1.screen_direction.6 PASS
OMDB_CASE state US1.screen_direction.6 PASS
OMDB_CASE state US1.screen_direction.6 PASS
OMDB_CASE state US1.normalized_diagonal PASS
OMDB_CASE state US1.analog_magnitude PASS
OMDB_CASE state US1.jump_echo_rejected PASS
OMDB_CASE state US1.jump_buffer_one_press PASS
OMDB_CASE state US1.screen_direction.7 PASS
OMDB_CASE state US1.screen_direction.7 PASS
OMDB_CASE state US1.screen_direction.7 PASS
OMDB_CASE state US1.screen_direction.7 PASS
OMDB_CASE state US1.normalized_diagonal PASS
OMDB_CASE state US1.analog_magnitude PASS
OMDB_CASE state US1.jump_echo_rejected PASS
OMDB_CASE state US1.jump_buffer_one_press PASS
OMDB_CASE state US1.screen_direction.8 PASS
OMDB_CASE state US1.screen_direction.8 PASS
OMDB_CASE state US1.screen_direction.8 PASS
OMDB_CASE state US1.screen_direction.8 PASS
OMDB_CASE state US1.normalized_diagonal PASS
OMDB_CASE state US1.analog_magnitude PASS
OMDB_CASE state US1.jump_echo_rejected PASS
OMDB_CASE state US1.jump_buffer_one_press PASS
OMDB_CASE state US1.screen_direction.9 PASS
OMDB_CASE state US1.screen_direction.9 PASS
OMDB_CASE state US1.screen_direction.9 PASS
OMDB_CASE state US1.screen_direction.9 PASS
OMDB_CASE state US1.normalized_diagonal PASS
OMDB_CASE state US1.analog_magnitude PASS
OMDB_CASE state US1.jump_echo_rejected PASS
OMDB_CASE state US1.jump_buffer_one_press PASS
OMDB_CASE state US1.registry.creation.0.0 PASS
OMDB_CASE state US1.registry.unique_identity PASS
OMDB_CASE state US1.registry.fifo_cap PASS
OMDB_CASE state US1.registry.oldest PASS
OMDB_CASE state US1.registry.eviction_result PASS
OMDB_CASE state US1.registry.immutable_age_origin PASS
OMDB_CASE state US1.registry.copy_isolation PASS
OMDB_CASE state US1.registry.creation.0.1 PASS
OMDB_CASE state US1.registry.unique_identity PASS
OMDB_CASE state US1.registry.fifo_cap PASS
OMDB_CASE state US1.registry.oldest PASS
OMDB_CASE state US1.registry.eviction_result PASS
OMDB_CASE state US1.registry.immutable_age_origin PASS
OMDB_CASE state US1.registry.copy_isolation PASS
OMDB_CASE state US1.registry.creation.0.2 PASS
OMDB_CASE state US1.registry.unique_identity PASS
OMDB_CASE state US1.registry.fifo_cap PASS
OMDB_CASE state US1.registry.oldest PASS
OMDB_CASE state US1.registry.eviction_result PASS
OMDB_CASE state US1.registry.immutable_age_origin PASS
OMDB_CASE state US1.registry.copy_isolation PASS
OMDB_CASE state US1.registry.creation.0.3 PASS
OMDB_CASE state US1.registry.unique_identity PASS
OMDB_CASE state US1.registry.fifo_cap PASS
OMDB_CASE state US1.registry.oldest PASS
OMDB_CASE state US1.registry.eviction_result PASS
OMDB_CASE state US1.registry.immutable_age_origin PASS
OMDB_CASE state US1.registry.copy_isolation PASS
OMDB_CASE state US1.registry.creation.0.4 PASS
OMDB_CASE state US1.registry.unique_identity PASS
OMDB_CASE state US1.registry.fifo_cap PASS
OMDB_CASE state US1.registry.oldest PASS
OMDB_CASE state US1.registry.eviction_result PASS
OMDB_CASE state US1.registry.immutable_age_origin PASS
OMDB_CASE state US1.registry.copy_isolation PASS
OMDB_CASE state US1.registry.creation.0.5 PASS
OMDB_CASE state US1.registry.unique_identity PASS
OMDB_CASE state US1.registry.fifo_cap PASS
OMDB_CASE state US1.registry.oldest PASS
OMDB_CASE state US1.registry.eviction_result PASS
OMDB_CASE state US1.registry.immutable_age_origin PASS
OMDB_CASE state US1.registry.copy_isolation PASS
OMDB_CASE state US1.registry.creation.0.6 PASS
OMDB_CASE state US1.registry.unique_identity PASS
OMDB_CASE state US1.registry.fifo_cap PASS
OMDB_CASE state US1.registry.oldest PASS
OMDB_CASE state US1.registry.eviction_result PASS
OMDB_CASE state US1.registry.immutable_age_origin PASS
OMDB_CASE state US1.registry.copy_isolation PASS
OMDB_CASE state US1.registry.creation.0.7 PASS
OMDB_CASE state US1.registry.unique_identity PASS
OMDB_CASE state US1.registry.fifo_cap PASS
OMDB_CASE state US1.registry.oldest PASS
OMDB_CASE state US1.registry.eviction_result PASS
OMDB_CASE state US1.registry.immutable_age_origin PASS
OMDB_CASE state US1.registry.copy_isolation PASS
OMDB_CASE state US1.registry.creation.0.8 PASS
OMDB_CASE state US1.registry.unique_identity PASS
OMDB_CASE state US1.registry.fifo_cap PASS
OMDB_CASE state US1.registry.oldest PASS
OMDB_CASE state US1.registry.eviction_result PASS
OMDB_CASE state US1.registry.immutable_age_origin PASS
OMDB_CASE state US1.registry.copy_isolation PASS
OMDB_CASE state US1.registry.creation.0.9 PASS
OMDB_CASE state US1.registry.unique_identity PASS
OMDB_CASE state US1.registry.fifo_cap PASS
OMDB_CASE state US1.registry.oldest PASS
OMDB_CASE state US1.registry.eviction_result PASS
OMDB_CASE state US1.registry.immutable_age_origin PASS
OMDB_CASE state US1.registry.copy_isolation PASS
OMDB_CASE state US1.registry.creation.0.10 PASS
OMDB_CASE state US1.registry.unique_identity PASS
OMDB_CASE state US1.registry.fifo_cap PASS
OMDB_CASE state US1.registry.oldest PASS
OMDB_CASE state US1.registry.eviction_result PASS
OMDB_CASE state US1.registry.immutable_age_origin PASS
OMDB_CASE state US1.registry.copy_isolation PASS
OMDB_CASE state US1.registry.creation.0.11 PASS
OMDB_CASE state US1.registry.unique_identity PASS
OMDB_CASE state US1.registry.fifo_cap PASS
OMDB_CASE state US1.registry.oldest PASS
OMDB_CASE state US1.registry.eviction_result PASS
OMDB_CASE state US1.registry.immutable_age_origin PASS
OMDB_CASE state US1.registry.copy_isolation PASS
OMDB_CASE state US1.registry.creation.1.0 PASS
OMDB_CASE state US1.registry.unique_identity PASS
OMDB_CASE state US1.registry.fifo_cap PASS
OMDB_CASE state US1.registry.oldest PASS
OMDB_CASE state US1.registry.eviction_result PASS
OMDB_CASE state US1.registry.immutable_age_origin PASS
OMDB_CASE state US1.registry.copy_isolation PASS
OMDB_CASE state US1.registry.creation.1.1 PASS
OMDB_CASE state US1.registry.unique_identity PASS
OMDB_CASE state US1.registry.fifo_cap PASS
OMDB_CASE state US1.registry.oldest PASS
OMDB_CASE state US1.registry.eviction_result PASS
OMDB_CASE state US1.registry.immutable_age_origin PASS
OMDB_CASE state US1.registry.copy_isolation PASS
OMDB_CASE state US1.registry.creation.1.2 PASS
OMDB_CASE state US1.registry.unique_identity PASS
OMDB_CASE state US1.registry.fifo_cap PASS
OMDB_CASE state US1.registry.oldest PASS
OMDB_CASE state US1.registry.eviction_result PASS
OMDB_CASE state US1.registry.immutable_age_origin PASS
OMDB_CASE state US1.registry.copy_isolation PASS
OMDB_CASE state US1.registry.creation.1.3 PASS
OMDB_CASE state US1.registry.unique_identity PASS
OMDB_CASE state US1.registry.fifo_cap PASS
OMDB_CASE state US1.registry.oldest PASS
OMDB_CASE state US1.registry.eviction_result PASS
OMDB_CASE state US1.registry.immutable_age_origin PASS
OMDB_CASE state US1.registry.copy_isolation PASS
OMDB_CASE state US1.registry.creation.1.4 PASS
OMDB_CASE state US1.registry.unique_identity PASS
OMDB_CASE state US1.registry.fifo_cap PASS
OMDB_CASE state US1.registry.oldest PASS
OMDB_CASE state US1.registry.eviction_result PASS
OMDB_CASE state US1.registry.immutable_age_origin PASS
OMDB_CASE state US1.registry.copy_isolation PASS
OMDB_CASE state US1.registry.creation.1.5 PASS
OMDB_CASE state US1.registry.unique_identity PASS
OMDB_CASE state US1.registry.fifo_cap PASS
OMDB_CASE state US1.registry.oldest PASS
OMDB_CASE state US1.registry.eviction_result PASS
OMDB_CASE state US1.registry.immutable_age_origin PASS
OMDB_CASE state US1.registry.copy_isolation PASS
OMDB_CASE state US1.registry.creation.1.6 PASS
OMDB_CASE state US1.registry.unique_identity PASS
OMDB_CASE state US1.registry.fifo_cap PASS
OMDB_CASE state US1.registry.oldest PASS
OMDB_CASE state US1.registry.eviction_result PASS
OMDB_CASE state US1.registry.immutable_age_origin PASS
OMDB_CASE state US1.registry.copy_isolation PASS
OMDB_CASE state US1.registry.creation.1.7 PASS
OMDB_CASE state US1.registry.unique_identity PASS
OMDB_CASE state US1.registry.fifo_cap PASS
OMDB_CASE state US1.registry.oldest PASS
OMDB_CASE state US1.registry.eviction_result PASS
OMDB_CASE state US1.registry.immutable_age_origin PASS
OMDB_CASE state US1.registry.copy_isolation PASS
OMDB_CASE state US1.registry.creation.1.8 PASS
OMDB_CASE state US1.registry.unique_identity PASS
OMDB_CASE state US1.registry.fifo_cap PASS
OMDB_CASE state US1.registry.oldest PASS
OMDB_CASE state US1.registry.eviction_result PASS
OMDB_CASE state US1.registry.immutable_age_origin PASS
OMDB_CASE state US1.registry.copy_isolation PASS
OMDB_CASE state US1.registry.creation.1.9 PASS
OMDB_CASE state US1.registry.unique_identity PASS
OMDB_CASE state US1.registry.fifo_cap PASS
OMDB_CASE state US1.registry.oldest PASS
OMDB_CASE state US1.registry.eviction_result PASS
OMDB_CASE state US1.registry.immutable_age_origin PASS
OMDB_CASE state US1.registry.copy_isolation PASS
OMDB_CASE state US1.registry.creation.1.10 PASS
OMDB_CASE state US1.registry.unique_identity PASS
OMDB_CASE state US1.registry.fifo_cap PASS
OMDB_CASE state US1.registry.oldest PASS
OMDB_CASE state US1.registry.eviction_result PASS
OMDB_CASE state US1.registry.immutable_age_origin PASS
OMDB_CASE state US1.registry.copy_isolation PASS
OMDB_CASE state US1.registry.creation.1.11 PASS
OMDB_CASE state US1.registry.unique_identity PASS
OMDB_CASE state US1.registry.fifo_cap PASS
OMDB_CASE state US1.registry.oldest PASS
OMDB_CASE state US1.registry.eviction_result PASS
OMDB_CASE state US1.registry.immutable_age_origin PASS
OMDB_CASE state US1.registry.copy_isolation PASS
OMDB_CASE state US1.registry.creation.2.0 PASS
OMDB_CASE state US1.registry.unique_identity PASS
OMDB_CASE state US1.registry.fifo_cap PASS
OMDB_CASE state US1.registry.oldest PASS
OMDB_CASE state US1.registry.eviction_result PASS
OMDB_CASE state US1.registry.immutable_age_origin PASS
OMDB_CASE state US1.registry.copy_isolation PASS
OMDB_CASE state US1.registry.creation.2.1 PASS
OMDB_CASE state US1.registry.unique_identity PASS
OMDB_CASE state US1.registry.fifo_cap PASS
OMDB_CASE state US1.registry.oldest PASS
OMDB_CASE state US1.registry.eviction_result PASS
OMDB_CASE state US1.registry.immutable_age_origin PASS
OMDB_CASE state US1.registry.copy_isolation PASS
OMDB_CASE state US1.registry.creation.2.2 PASS
OMDB_CASE state US1.registry.unique_identity PASS
OMDB_CASE state US1.registry.fifo_cap PASS
OMDB_CASE state US1.registry.oldest PASS
OMDB_CASE state US1.registry.eviction_result PASS
OMDB_CASE state US1.registry.immutable_age_origin PASS
OMDB_CASE state US1.registry.copy_isolation PASS
OMDB_CASE state US1.registry.creation.2.3 PASS
OMDB_CASE state US1.registry.unique_identity PASS
OMDB_CASE state US1.registry.fifo_cap PASS
OMDB_CASE state US1.registry.oldest PASS
OMDB_CASE state US1.registry.eviction_result PASS
OMDB_CASE state US1.registry.immutable_age_origin PASS
OMDB_CASE state US1.registry.copy_isolation PASS
OMDB_CASE state US1.registry.creation.2.4 PASS
OMDB_CASE state US1.registry.unique_identity PASS
OMDB_CASE state US1.registry.fifo_cap PASS
OMDB_CASE state US1.registry.oldest PASS
OMDB_CASE state US1.registry.eviction_result PASS
OMDB_CASE state US1.registry.immutable_age_origin PASS
OMDB_CASE state US1.registry.copy_isolation PASS
OMDB_CASE state US1.registry.creation.2.5 PASS
OMDB_CASE state US1.registry.unique_identity PASS
OMDB_CASE state US1.registry.fifo_cap PASS
OMDB_CASE state US1.registry.oldest PASS
OMDB_CASE state US1.registry.eviction_result PASS
OMDB_CASE state US1.registry.immutable_age_origin PASS
OMDB_CASE state US1.registry.copy_isolation PASS
OMDB_CASE state US1.registry.creation.2.6 PASS
OMDB_CASE state US1.registry.unique_identity PASS
OMDB_CASE state US1.registry.fifo_cap PASS
OMDB_CASE state US1.registry.oldest PASS
OMDB_CASE state US1.registry.eviction_result PASS
OMDB_CASE state US1.registry.immutable_age_origin PASS
OMDB_CASE state US1.registry.copy_isolation PASS
OMDB_CASE state US1.registry.creation.2.7 PASS
OMDB_CASE state US1.registry.unique_identity PASS
OMDB_CASE state US1.registry.fifo_cap PASS
OMDB_CASE state US1.registry.oldest PASS
OMDB_CASE state US1.registry.eviction_result PASS
OMDB_CASE state US1.registry.immutable_age_origin PASS
OMDB_CASE state US1.registry.copy_isolation PASS
OMDB_CASE state US1.registry.creation.2.8 PASS
OMDB_CASE state US1.registry.unique_identity PASS
OMDB_CASE state US1.registry.fifo_cap PASS
OMDB_CASE state US1.registry.oldest PASS
OMDB_CASE state US1.registry.eviction_result PASS
OMDB_CASE state US1.registry.immutable_age_origin PASS
OMDB_CASE state US1.registry.copy_isolation PASS
OMDB_CASE state US1.registry.creation.2.9 PASS
OMDB_CASE state US1.registry.unique_identity PASS
OMDB_CASE state US1.registry.fifo_cap PASS
OMDB_CASE state US1.registry.oldest PASS
OMDB_CASE state US1.registry.eviction_result PASS
OMDB_CASE state US1.registry.immutable_age_origin PASS
OMDB_CASE state US1.registry.copy_isolation PASS
OMDB_CASE state US1.registry.creation.2.10 PASS
OMDB_CASE state US1.registry.unique_identity PASS
OMDB_CASE state US1.registry.fifo_cap PASS
OMDB_CASE state US1.registry.oldest PASS
OMDB_CASE state US1.registry.eviction_result PASS
OMDB_CASE state US1.registry.immutable_age_origin PASS
OMDB_CASE state US1.registry.copy_isolation PASS
OMDB_CASE state US1.registry.creation.2.11 PASS
OMDB_CASE state US1.registry.unique_identity PASS
OMDB_CASE state US1.registry.fifo_cap PASS
OMDB_CASE state US1.registry.oldest PASS
OMDB_CASE state US1.registry.eviction_result PASS
OMDB_CASE state US1.registry.immutable_age_origin PASS
OMDB_CASE state US1.registry.copy_isolation PASS
OMDB_CASE state US1.registry.creation.3.0 PASS
OMDB_CASE state US1.registry.unique_identity PASS
OMDB_CASE state US1.registry.fifo_cap PASS
OMDB_CASE state US1.registry.oldest PASS
OMDB_CASE state US1.registry.eviction_result PASS
OMDB_CASE state US1.registry.immutable_age_origin PASS
OMDB_CASE state US1.registry.copy_isolation PASS
OMDB_CASE state US1.registry.creation.3.1 PASS
OMDB_CASE state US1.registry.unique_identity PASS
OMDB_CASE state US1.registry.fifo_cap PASS
OMDB_CASE state US1.registry.oldest PASS
OMDB_CASE state US1.registry.eviction_result PASS
OMDB_CASE state US1.registry.immutable_age_origin PASS
OMDB_CASE state US1.registry.copy_isolation PASS
OMDB_CASE state US1.registry.creation.3.2 PASS
OMDB_CASE state US1.registry.unique_identity PASS
OMDB_CASE state US1.registry.fifo_cap PASS
OMDB_CASE state US1.registry.oldest PASS
OMDB_CASE state US1.registry.eviction_result PASS
OMDB_CASE state US1.registry.immutable_age_origin PASS
OMDB_CASE state US1.registry.copy_isolation PASS
OMDB_CASE state US1.registry.creation.3.3 PASS
OMDB_CASE state US1.registry.unique_identity PASS
OMDB_CASE state US1.registry.fifo_cap PASS
OMDB_CASE state US1.registry.oldest PASS
OMDB_CASE state US1.registry.eviction_result PASS
OMDB_CASE state US1.registry.immutable_age_origin PASS
OMDB_CASE state US1.registry.copy_isolation PASS
OMDB_CASE state US1.registry.creation.3.4 PASS
OMDB_CASE state US1.registry.unique_identity PASS
OMDB_CASE state US1.registry.fifo_cap PASS
OMDB_CASE state US1.registry.oldest PASS
OMDB_CASE state US1.registry.eviction_result PASS
OMDB_CASE state US1.registry.immutable_age_origin PASS
OMDB_CASE state US1.registry.copy_isolation PASS
OMDB_CASE state US1.registry.creation.3.5 PASS
OMDB_CASE state US1.registry.unique_identity PASS
OMDB_CASE state US1.registry.fifo_cap PASS
OMDB_CASE state US1.registry.oldest PASS
OMDB_CASE state US1.registry.eviction_result PASS
OMDB_CASE state US1.registry.immutable_age_origin PASS
OMDB_CASE state US1.registry.copy_isolation PASS
OMDB_CASE state US1.registry.creation.3.6 PASS
OMDB_CASE state US1.registry.unique_identity PASS
OMDB_CASE state US1.registry.fifo_cap PASS
OMDB_CASE state US1.registry.oldest PASS
OMDB_CASE state US1.registry.eviction_result PASS
OMDB_CASE state US1.registry.immutable_age_origin PASS
OMDB_CASE state US1.registry.copy_isolation PASS
OMDB_CASE state US1.registry.creation.3.7 PASS
OMDB_CASE state US1.registry.unique_identity PASS
OMDB_CASE state US1.registry.fifo_cap PASS
OMDB_CASE state US1.registry.oldest PASS
OMDB_CASE state US1.registry.eviction_result PASS
OMDB_CASE state US1.registry.immutable_age_origin PASS
OMDB_CASE state US1.registry.copy_isolation PASS
OMDB_CASE state US1.registry.creation.3.8 PASS
OMDB_CASE state US1.registry.unique_identity PASS
OMDB_CASE state US1.registry.fifo_cap PASS
OMDB_CASE state US1.registry.oldest PASS
OMDB_CASE state US1.registry.eviction_result PASS
OMDB_CASE state US1.registry.immutable_age_origin PASS
OMDB_CASE state US1.registry.copy_isolation PASS
OMDB_CASE state US1.registry.creation.3.9 PASS
OMDB_CASE state US1.registry.unique_identity PASS
OMDB_CASE state US1.registry.fifo_cap PASS
OMDB_CASE state US1.registry.oldest PASS
OMDB_CASE state US1.registry.eviction_result PASS
OMDB_CASE state US1.registry.immutable_age_origin PASS
OMDB_CASE state US1.registry.copy_isolation PASS
OMDB_CASE state US1.registry.creation.3.10 PASS
OMDB_CASE state US1.registry.unique_identity PASS
OMDB_CASE state US1.registry.fifo_cap PASS
OMDB_CASE state US1.registry.oldest PASS
OMDB_CASE state US1.registry.eviction_result PASS
OMDB_CASE state US1.registry.immutable_age_origin PASS
OMDB_CASE state US1.registry.copy_isolation PASS
OMDB_CASE state US1.registry.creation.3.11 PASS
OMDB_CASE state US1.registry.unique_identity PASS
OMDB_CASE state US1.registry.fifo_cap PASS
OMDB_CASE state US1.registry.oldest PASS
OMDB_CASE state US1.registry.eviction_result PASS
OMDB_CASE state US1.registry.immutable_age_origin PASS
OMDB_CASE state US1.registry.copy_isolation PASS
OMDB_CASE state US1.registry.creation.4.0 PASS
OMDB_CASE state US1.registry.unique_identity PASS
OMDB_CASE state US1.registry.fifo_cap PASS
OMDB_CASE state US1.registry.oldest PASS
OMDB_CASE state US1.registry.eviction_result PASS
OMDB_CASE state US1.registry.immutable_age_origin PASS
OMDB_CASE state US1.registry.copy_isolation PASS
OMDB_CASE state US1.registry.creation.4.1 PASS
OMDB_CASE state US1.registry.unique_identity PASS
OMDB_CASE state US1.registry.fifo_cap PASS
OMDB_CASE state US1.registry.oldest PASS
OMDB_CASE state US1.registry.eviction_result PASS
OMDB_CASE state US1.registry.immutable_age_origin PASS
OMDB_CASE state US1.registry.copy_isolation PASS
OMDB_CASE state US1.registry.creation.4.2 PASS
OMDB_CASE state US1.registry.unique_identity PASS
OMDB_CASE state US1.registry.fifo_cap PASS
OMDB_CASE state US1.registry.oldest PASS
OMDB_CASE state US1.registry.eviction_result PASS
OMDB_CASE state US1.registry.immutable_age_origin PASS
OMDB_CASE state US1.registry.copy_isolation PASS
OMDB_CASE state US1.registry.creation.4.3 PASS
OMDB_CASE state US1.registry.unique_identity PASS
OMDB_CASE state US1.registry.fifo_cap PASS
OMDB_CASE state US1.registry.oldest PASS
OMDB_CASE state US1.registry.eviction_result PASS
OMDB_CASE state US1.registry.immutable_age_origin PASS
OMDB_CASE state US1.registry.copy_isolation PASS
OMDB_CASE state US1.registry.creation.4.4 PASS
OMDB_CASE state US1.registry.unique_identity PASS
OMDB_CASE state US1.registry.fifo_cap PASS
OMDB_CASE state US1.registry.oldest PASS
OMDB_CASE state US1.registry.eviction_result PASS
OMDB_CASE state US1.registry.immutable_age_origin PASS
OMDB_CASE state US1.registry.copy_isolation PASS
OMDB_CASE state US1.registry.creation.4.5 PASS
OMDB_CASE state US1.registry.unique_identity PASS
OMDB_CASE state US1.registry.fifo_cap PASS
OMDB_CASE state US1.registry.oldest PASS
OMDB_CASE state US1.registry.eviction_result PASS
OMDB_CASE state US1.registry.immutable_age_origin PASS
OMDB_CASE state US1.registry.copy_isolation PASS
OMDB_CASE state US1.registry.creation.4.6 PASS
OMDB_CASE state US1.registry.unique_identity PASS
OMDB_CASE state US1.registry.fifo_cap PASS
OMDB_CASE state US1.registry.oldest PASS
OMDB_CASE state US1.registry.eviction_result PASS
OMDB_CASE state US1.registry.immutable_age_origin PASS
OMDB_CASE state US1.registry.copy_isolation PASS
OMDB_CASE state US1.registry.creation.4.7 PASS
OMDB_CASE state US1.registry.unique_identity PASS
OMDB_CASE state US1.registry.fifo_cap PASS
OMDB_CASE state US1.registry.oldest PASS
OMDB_CASE state US1.registry.eviction_result PASS
OMDB_CASE state US1.registry.immutable_age_origin PASS
OMDB_CASE state US1.registry.copy_isolation PASS
OMDB_CASE state US1.registry.creation.4.8 PASS
OMDB_CASE state US1.registry.unique_identity PASS
OMDB_CASE state US1.registry.fifo_cap PASS
OMDB_CASE state US1.registry.oldest PASS
OMDB_CASE state US1.registry.eviction_result PASS
OMDB_CASE state US1.registry.immutable_age_origin PASS
OMDB_CASE state US1.registry.copy_isolation PASS
OMDB_CASE state US1.registry.creation.4.9 PASS
OMDB_CASE state US1.registry.unique_identity PASS
OMDB_CASE state US1.registry.fifo_cap PASS
OMDB_CASE state US1.registry.oldest PASS
OMDB_CASE state US1.registry.eviction_result PASS
OMDB_CASE state US1.registry.immutable_age_origin PASS
OMDB_CASE state US1.registry.copy_isolation PASS
OMDB_CASE state US1.registry.creation.4.10 PASS
OMDB_CASE state US1.registry.unique_identity PASS
OMDB_CASE state US1.registry.fifo_cap PASS
OMDB_CASE state US1.registry.oldest PASS
OMDB_CASE state US1.registry.eviction_result PASS
OMDB_CASE state US1.registry.immutable_age_origin PASS
OMDB_CASE state US1.registry.copy_isolation PASS
OMDB_CASE state US1.registry.creation.4.11 PASS
OMDB_CASE state US1.registry.unique_identity PASS
OMDB_CASE state US1.registry.fifo_cap PASS
OMDB_CASE state US1.registry.oldest PASS
OMDB_CASE state US1.registry.eviction_result PASS
OMDB_CASE state US1.registry.immutable_age_origin PASS
OMDB_CASE state US1.registry.copy_isolation PASS
OMDB_CASE state US1.registry.creation.5.0 PASS
OMDB_CASE state US1.registry.unique_identity PASS
OMDB_CASE state US1.registry.fifo_cap PASS
OMDB_CASE state US1.registry.oldest PASS
OMDB_CASE state US1.registry.eviction_result PASS
OMDB_CASE state US1.registry.immutable_age_origin PASS
OMDB_CASE state US1.registry.copy_isolation PASS
OMDB_CASE state US1.registry.creation.5.1 PASS
OMDB_CASE state US1.registry.unique_identity PASS
OMDB_CASE state US1.registry.fifo_cap PASS
OMDB_CASE state US1.registry.oldest PASS
OMDB_CASE state US1.registry.eviction_result PASS
OMDB_CASE state US1.registry.immutable_age_origin PASS
OMDB_CASE state US1.registry.copy_isolation PASS
OMDB_CASE state US1.registry.creation.5.2 PASS
OMDB_CASE state US1.registry.unique_identity PASS
OMDB_CASE state US1.registry.fifo_cap PASS
OMDB_CASE state US1.registry.oldest PASS
OMDB_CASE state US1.registry.eviction_result PASS
OMDB_CASE state US1.registry.immutable_age_origin PASS
OMDB_CASE state US1.registry.copy_isolation PASS
OMDB_CASE state US1.registry.creation.5.3 PASS
OMDB_CASE state US1.registry.unique_identity PASS
OMDB_CASE state US1.registry.fifo_cap PASS
OMDB_CASE state US1.registry.oldest PASS
OMDB_CASE state US1.registry.eviction_result PASS
OMDB_CASE state US1.registry.immutable_age_origin PASS
OMDB_CASE state US1.registry.copy_isolation PASS
OMDB_CASE state US1.registry.creation.5.4 PASS
OMDB_CASE state US1.registry.unique_identity PASS
OMDB_CASE state US1.registry.fifo_cap PASS
OMDB_CASE state US1.registry.oldest PASS
OMDB_CASE state US1.registry.eviction_result PASS
OMDB_CASE state US1.registry.immutable_age_origin PASS
OMDB_CASE state US1.registry.copy_isolation PASS
OMDB_CASE state US1.registry.creation.5.5 PASS
OMDB_CASE state US1.registry.unique_identity PASS
OMDB_CASE state US1.registry.fifo_cap PASS
OMDB_CASE state US1.registry.oldest PASS
OMDB_CASE state US1.registry.eviction_result PASS
OMDB_CASE state US1.registry.immutable_age_origin PASS
OMDB_CASE state US1.registry.copy_isolation PASS
OMDB_CASE state US1.registry.creation.5.6 PASS
OMDB_CASE state US1.registry.unique_identity PASS
OMDB_CASE state US1.registry.fifo_cap PASS
OMDB_CASE state US1.registry.oldest PASS
OMDB_CASE state US1.registry.eviction_result PASS
OMDB_CASE state US1.registry.immutable_age_origin PASS
OMDB_CASE state US1.registry.copy_isolation PASS
OMDB_CASE state US1.registry.creation.5.7 PASS
OMDB_CASE state US1.registry.unique_identity PASS
OMDB_CASE state US1.registry.fifo_cap PASS
OMDB_CASE state US1.registry.oldest PASS
OMDB_CASE state US1.registry.eviction_result PASS
OMDB_CASE state US1.registry.immutable_age_origin PASS
OMDB_CASE state US1.registry.copy_isolation PASS
OMDB_CASE state US1.registry.creation.5.8 PASS
OMDB_CASE state US1.registry.unique_identity PASS
OMDB_CASE state US1.registry.fifo_cap PASS
OMDB_CASE state US1.registry.oldest PASS
OMDB_CASE state US1.registry.eviction_result PASS
OMDB_CASE state US1.registry.immutable_age_origin PASS
OMDB_CASE state US1.registry.copy_isolation PASS
OMDB_CASE state US1.registry.creation.5.9 PASS
OMDB_CASE state US1.registry.unique_identity PASS
OMDB_CASE state US1.registry.fifo_cap PASS
OMDB_CASE state US1.registry.oldest PASS
OMDB_CASE state US1.registry.eviction_result PASS
OMDB_CASE state US1.registry.immutable_age_origin PASS
OMDB_CASE state US1.registry.copy_isolation PASS
OMDB_CASE state US1.registry.creation.5.10 PASS
OMDB_CASE state US1.registry.unique_identity PASS
OMDB_CASE state US1.registry.fifo_cap PASS
OMDB_CASE state US1.registry.oldest PASS
OMDB_CASE state US1.registry.eviction_result PASS
OMDB_CASE state US1.registry.immutable_age_origin PASS
OMDB_CASE state US1.registry.copy_isolation PASS
OMDB_CASE state US1.registry.creation.5.11 PASS
OMDB_CASE state US1.registry.unique_identity PASS
OMDB_CASE state US1.registry.fifo_cap PASS
OMDB_CASE state US1.registry.oldest PASS
OMDB_CASE state US1.registry.eviction_result PASS
OMDB_CASE state US1.registry.immutable_age_origin PASS
OMDB_CASE state US1.registry.copy_isolation PASS
OMDB_CASE state US1.registry.creation.6.0 PASS
OMDB_CASE state US1.registry.unique_identity PASS
OMDB_CASE state US1.registry.fifo_cap PASS
OMDB_CASE state US1.registry.oldest PASS
OMDB_CASE state US1.registry.eviction_result PASS
OMDB_CASE state US1.registry.immutable_age_origin PASS
OMDB_CASE state US1.registry.copy_isolation PASS
OMDB_CASE state US1.registry.creation.6.1 PASS
OMDB_CASE state US1.registry.unique_identity PASS
OMDB_CASE state US1.registry.fifo_cap PASS
OMDB_CASE state US1.registry.oldest PASS
OMDB_CASE state US1.registry.eviction_result PASS
OMDB_CASE state US1.registry.immutable_age_origin PASS
OMDB_CASE state US1.registry.copy_isolation PASS
OMDB_CASE state US1.registry.creation.6.2 PASS
OMDB_CASE state US1.registry.unique_identity PASS
OMDB_CASE state US1.registry.fifo_cap PASS
OMDB_CASE state US1.registry.oldest PASS
OMDB_CASE state US1.registry.eviction_result PASS
OMDB_CASE state US1.registry.immutable_age_origin PASS
OMDB_CASE state US1.registry.copy_isolation PASS
OMDB_CASE state US1.registry.creation.6.3 PASS
OMDB_CASE state US1.registry.unique_identity PASS
OMDB_CASE state US1.registry.fifo_cap PASS
OMDB_CASE state US1.registry.oldest PASS
OMDB_CASE state US1.registry.eviction_result PASS
OMDB_CASE state US1.registry.immutable_age_origin PASS
OMDB_CASE state US1.registry.copy_isolation PASS
OMDB_CASE state US1.registry.creation.6.4 PASS
OMDB_CASE state US1.registry.unique_identity PASS
OMDB_CASE state US1.registry.fifo_cap PASS
OMDB_CASE state US1.registry.oldest PASS
OMDB_CASE state US1.registry.eviction_result PASS
OMDB_CASE state US1.registry.immutable_age_origin PASS
OMDB_CASE state US1.registry.copy_isolation PASS
OMDB_CASE state US1.registry.creation.6.5 PASS
OMDB_CASE state US1.registry.unique_identity PASS
OMDB_CASE state US1.registry.fifo_cap PASS
OMDB_CASE state US1.registry.oldest PASS
OMDB_CASE state US1.registry.eviction_result PASS
OMDB_CASE state US1.registry.immutable_age_origin PASS
OMDB_CASE state US1.registry.copy_isolation PASS
OMDB_CASE state US1.registry.creation.6.6 PASS
OMDB_CASE state US1.registry.unique_identity PASS
OMDB_CASE state US1.registry.fifo_cap PASS
OMDB_CASE state US1.registry.oldest PASS
OMDB_CASE state US1.registry.eviction_result PASS
OMDB_CASE state US1.registry.immutable_age_origin PASS
OMDB_CASE state US1.registry.copy_isolation PASS
OMDB_CASE state US1.registry.creation.6.7 PASS
OMDB_CASE state US1.registry.unique_identity PASS
OMDB_CASE state US1.registry.fifo_cap PASS
OMDB_CASE state US1.registry.oldest PASS
OMDB_CASE state US1.registry.eviction_result PASS
OMDB_CASE state US1.registry.immutable_age_origin PASS
OMDB_CASE state US1.registry.copy_isolation PASS
OMDB_CASE state US1.registry.creation.6.8 PASS
OMDB_CASE state US1.registry.unique_identity PASS
OMDB_CASE state US1.registry.fifo_cap PASS
OMDB_CASE state US1.registry.oldest PASS
OMDB_CASE state US1.registry.eviction_result PASS
OMDB_CASE state US1.registry.immutable_age_origin PASS
OMDB_CASE state US1.registry.copy_isolation PASS
OMDB_CASE state US1.registry.creation.6.9 PASS
OMDB_CASE state US1.registry.unique_identity PASS
OMDB_CASE state US1.registry.fifo_cap PASS
OMDB_CASE state US1.registry.oldest PASS
OMDB_CASE state US1.registry.eviction_result PASS
OMDB_CASE state US1.registry.immutable_age_origin PASS
OMDB_CASE state US1.registry.copy_isolation PASS
OMDB_CASE state US1.registry.creation.6.10 PASS
OMDB_CASE state US1.registry.unique_identity PASS
OMDB_CASE state US1.registry.fifo_cap PASS
OMDB_CASE state US1.registry.oldest PASS
OMDB_CASE state US1.registry.eviction_result PASS
OMDB_CASE state US1.registry.immutable_age_origin PASS
OMDB_CASE state US1.registry.copy_isolation PASS
OMDB_CASE state US1.registry.creation.6.11 PASS
OMDB_CASE state US1.registry.unique_identity PASS
OMDB_CASE state US1.registry.fifo_cap PASS
OMDB_CASE state US1.registry.oldest PASS
OMDB_CASE state US1.registry.eviction_result PASS
OMDB_CASE state US1.registry.immutable_age_origin PASS
OMDB_CASE state US1.registry.copy_isolation PASS
OMDB_CASE state US1.registry.creation.7.0 PASS
OMDB_CASE state US1.registry.unique_identity PASS
OMDB_CASE state US1.registry.fifo_cap PASS
OMDB_CASE state US1.registry.oldest PASS
OMDB_CASE state US1.registry.eviction_result PASS
OMDB_CASE state US1.registry.immutable_age_origin PASS
OMDB_CASE state US1.registry.copy_isolation PASS
OMDB_CASE state US1.registry.creation.7.1 PASS
OMDB_CASE state US1.registry.unique_identity PASS
OMDB_CASE state US1.registry.fifo_cap PASS
OMDB_CASE state US1.registry.oldest PASS
OMDB_CASE state US1.registry.eviction_result PASS
OMDB_CASE state US1.registry.immutable_age_origin PASS
OMDB_CASE state US1.registry.copy_isolation PASS
OMDB_CASE state US1.registry.creation.7.2 PASS
OMDB_CASE state US1.registry.unique_identity PASS
OMDB_CASE state US1.registry.fifo_cap PASS
OMDB_CASE state US1.registry.oldest PASS
OMDB_CASE state US1.registry.eviction_result PASS
OMDB_CASE state US1.registry.immutable_age_origin PASS
OMDB_CASE state US1.registry.copy_isolation PASS
OMDB_CASE state US1.registry.creation.7.3 PASS
OMDB_CASE state US1.registry.unique_identity PASS
OMDB_CASE state US1.registry.fifo_cap PASS
OMDB_CASE state US1.registry.oldest PASS
OMDB_CASE state US1.registry.eviction_result PASS
OMDB_CASE state US1.registry.immutable_age_origin PASS
OMDB_CASE state US1.registry.copy_isolation PASS
OMDB_CASE state US1.registry.creation.7.4 PASS
OMDB_CASE state US1.registry.unique_identity PASS
OMDB_CASE state US1.registry.fifo_cap PASS
OMDB_CASE state US1.registry.oldest PASS
OMDB_CASE state US1.registry.eviction_result PASS
OMDB_CASE state US1.registry.immutable_age_origin PASS
OMDB_CASE state US1.registry.copy_isolation PASS
OMDB_CASE state US1.registry.creation.7.5 PASS
OMDB_CASE state US1.registry.unique_identity PASS
OMDB_CASE state US1.registry.fifo_cap PASS
OMDB_CASE state US1.registry.oldest PASS
OMDB_CASE state US1.registry.eviction_result PASS
OMDB_CASE state US1.registry.immutable_age_origin PASS
OMDB_CASE state US1.registry.copy_isolation PASS
OMDB_CASE state US1.registry.creation.7.6 PASS
OMDB_CASE state US1.registry.unique_identity PASS
OMDB_CASE state US1.registry.fifo_cap PASS
OMDB_CASE state US1.registry.oldest PASS
OMDB_CASE state US1.registry.eviction_result PASS
OMDB_CASE state US1.registry.immutable_age_origin PASS
OMDB_CASE state US1.registry.copy_isolation PASS
OMDB_CASE state US1.registry.creation.7.7 PASS
OMDB_CASE state US1.registry.unique_identity PASS
OMDB_CASE state US1.registry.fifo_cap PASS
OMDB_CASE state US1.registry.oldest PASS
OMDB_CASE state US1.registry.eviction_result PASS
OMDB_CASE state US1.registry.immutable_age_origin PASS
OMDB_CASE state US1.registry.copy_isolation PASS
OMDB_CASE state US1.registry.creation.7.8 PASS
OMDB_CASE state US1.registry.unique_identity PASS
OMDB_CASE state US1.registry.fifo_cap PASS
OMDB_CASE state US1.registry.oldest PASS
OMDB_CASE state US1.registry.eviction_result PASS
OMDB_CASE state US1.registry.immutable_age_origin PASS
OMDB_CASE state US1.registry.copy_isolation PASS
OMDB_CASE state US1.registry.creation.7.9 PASS
OMDB_CASE state US1.registry.unique_identity PASS
OMDB_CASE state US1.registry.fifo_cap PASS
OMDB_CASE state US1.registry.oldest PASS
OMDB_CASE state US1.registry.eviction_result PASS
OMDB_CASE state US1.registry.immutable_age_origin PASS
OMDB_CASE state US1.registry.copy_isolation PASS
OMDB_CASE state US1.registry.creation.7.10 PASS
OMDB_CASE state US1.registry.unique_identity PASS
OMDB_CASE state US1.registry.fifo_cap PASS
OMDB_CASE state US1.registry.oldest PASS
OMDB_CASE state US1.registry.eviction_result PASS
OMDB_CASE state US1.registry.immutable_age_origin PASS
OMDB_CASE state US1.registry.copy_isolation PASS
OMDB_CASE state US1.registry.creation.7.11 PASS
OMDB_CASE state US1.registry.unique_identity PASS
OMDB_CASE state US1.registry.fifo_cap PASS
OMDB_CASE state US1.registry.oldest PASS
OMDB_CASE state US1.registry.eviction_result PASS
OMDB_CASE state US1.registry.immutable_age_origin PASS
OMDB_CASE state US1.registry.copy_isolation PASS
OMDB_CASE state US1.registry.creation.8.0 PASS
OMDB_CASE state US1.registry.unique_identity PASS
OMDB_CASE state US1.registry.fifo_cap PASS
OMDB_CASE state US1.registry.oldest PASS
OMDB_CASE state US1.registry.eviction_result PASS
OMDB_CASE state US1.registry.immutable_age_origin PASS
OMDB_CASE state US1.registry.copy_isolation PASS
OMDB_CASE state US1.registry.creation.8.1 PASS
OMDB_CASE state US1.registry.unique_identity PASS
OMDB_CASE state US1.registry.fifo_cap PASS
OMDB_CASE state US1.registry.oldest PASS
OMDB_CASE state US1.registry.eviction_result PASS
OMDB_CASE state US1.registry.immutable_age_origin PASS
OMDB_CASE state US1.registry.copy_isolation PASS
OMDB_CASE state US1.registry.creation.8.2 PASS
OMDB_CASE state US1.registry.unique_identity PASS
OMDB_CASE state US1.registry.fifo_cap PASS
OMDB_CASE state US1.registry.oldest PASS
OMDB_CASE state US1.registry.eviction_result PASS
OMDB_CASE state US1.registry.immutable_age_origin PASS
OMDB_CASE state US1.registry.copy_isolation PASS
OMDB_CASE state US1.registry.creation.8.3 PASS
OMDB_CASE state US1.registry.unique_identity PASS
OMDB_CASE state US1.registry.fifo_cap PASS
OMDB_CASE state US1.registry.oldest PASS
OMDB_CASE state US1.registry.eviction_result PASS
OMDB_CASE state US1.registry.immutable_age_origin PASS
OMDB_CASE state US1.registry.copy_isolation PASS
OMDB_CASE state US1.registry.creation.8.4 PASS
OMDB_CASE state US1.registry.unique_identity PASS
OMDB_CASE state US1.registry.fifo_cap PASS
OMDB_CASE state US1.registry.oldest PASS
OMDB_CASE state US1.registry.eviction_result PASS
OMDB_CASE state US1.registry.immutable_age_origin PASS
OMDB_CASE state US1.registry.copy_isolation PASS
OMDB_CASE state US1.registry.creation.8.5 PASS
OMDB_CASE state US1.registry.unique_identity PASS
OMDB_CASE state US1.registry.fifo_cap PASS
OMDB_CASE state US1.registry.oldest PASS
OMDB_CASE state US1.registry.eviction_result PASS
OMDB_CASE state US1.registry.immutable_age_origin PASS
OMDB_CASE state US1.registry.copy_isolation PASS
OMDB_CASE state US1.registry.creation.8.6 PASS
OMDB_CASE state US1.registry.unique_identity PASS
OMDB_CASE state US1.registry.fifo_cap PASS
OMDB_CASE state US1.registry.oldest PASS
OMDB_CASE state US1.registry.eviction_result PASS
OMDB_CASE state US1.registry.immutable_age_origin PASS
OMDB_CASE state US1.registry.copy_isolation PASS
OMDB_CASE state US1.registry.creation.8.7 PASS
OMDB_CASE state US1.registry.unique_identity PASS
OMDB_CASE state US1.registry.fifo_cap PASS
OMDB_CASE state US1.registry.oldest PASS
OMDB_CASE state US1.registry.eviction_result PASS
OMDB_CASE state US1.registry.immutable_age_origin PASS
OMDB_CASE state US1.registry.copy_isolation PASS
OMDB_CASE state US1.registry.creation.8.8 PASS
OMDB_CASE state US1.registry.unique_identity PASS
OMDB_CASE state US1.registry.fifo_cap PASS
OMDB_CASE state US1.registry.oldest PASS
OMDB_CASE state US1.registry.eviction_result PASS
OMDB_CASE state US1.registry.immutable_age_origin PASS
OMDB_CASE state US1.registry.copy_isolation PASS
OMDB_CASE state US1.registry.creation.8.9 PASS
OMDB_CASE state US1.registry.unique_identity PASS
OMDB_CASE state US1.registry.fifo_cap PASS
OMDB_CASE state US1.registry.oldest PASS
OMDB_CASE state US1.registry.eviction_result PASS
OMDB_CASE state US1.registry.immutable_age_origin PASS
OMDB_CASE state US1.registry.copy_isolation PASS
OMDB_CASE state US1.registry.creation.8.10 PASS
OMDB_CASE state US1.registry.unique_identity PASS
OMDB_CASE state US1.registry.fifo_cap PASS
OMDB_CASE state US1.registry.oldest PASS
OMDB_CASE state US1.registry.eviction_result PASS
OMDB_CASE state US1.registry.immutable_age_origin PASS
OMDB_CASE state US1.registry.copy_isolation PASS
OMDB_CASE state US1.registry.creation.8.11 PASS
OMDB_CASE state US1.registry.unique_identity PASS
OMDB_CASE state US1.registry.fifo_cap PASS
OMDB_CASE state US1.registry.oldest PASS
OMDB_CASE state US1.registry.eviction_result PASS
OMDB_CASE state US1.registry.immutable_age_origin PASS
OMDB_CASE state US1.registry.copy_isolation PASS
OMDB_CASE state US1.registry.creation.9.0 PASS
OMDB_CASE state US1.registry.unique_identity PASS
OMDB_CASE state US1.registry.fifo_cap PASS
OMDB_CASE state US1.registry.oldest PASS
OMDB_CASE state US1.registry.eviction_result PASS
OMDB_CASE state US1.registry.immutable_age_origin PASS
OMDB_CASE state US1.registry.copy_isolation PASS
OMDB_CASE state US1.registry.creation.9.1 PASS
OMDB_CASE state US1.registry.unique_identity PASS
OMDB_CASE state US1.registry.fifo_cap PASS
OMDB_CASE state US1.registry.oldest PASS
OMDB_CASE state US1.registry.eviction_result PASS
OMDB_CASE state US1.registry.immutable_age_origin PASS
OMDB_CASE state US1.registry.copy_isolation PASS
OMDB_CASE state US1.registry.creation.9.2 PASS
OMDB_CASE state US1.registry.unique_identity PASS
OMDB_CASE state US1.registry.fifo_cap PASS
OMDB_CASE state US1.registry.oldest PASS
OMDB_CASE state US1.registry.eviction_result PASS
OMDB_CASE state US1.registry.immutable_age_origin PASS
OMDB_CASE state US1.registry.copy_isolation PASS
OMDB_CASE state US1.registry.creation.9.3 PASS
OMDB_CASE state US1.registry.unique_identity PASS
OMDB_CASE state US1.registry.fifo_cap PASS
OMDB_CASE state US1.registry.oldest PASS
OMDB_CASE state US1.registry.eviction_result PASS
OMDB_CASE state US1.registry.immutable_age_origin PASS
OMDB_CASE state US1.registry.copy_isolation PASS
OMDB_CASE state US1.registry.creation.9.4 PASS
OMDB_CASE state US1.registry.unique_identity PASS
OMDB_CASE state US1.registry.fifo_cap PASS
OMDB_CASE state US1.registry.oldest PASS
OMDB_CASE state US1.registry.eviction_result PASS
OMDB_CASE state US1.registry.immutable_age_origin PASS
OMDB_CASE state US1.registry.copy_isolation PASS
OMDB_CASE state US1.registry.creation.9.5 PASS
OMDB_CASE state US1.registry.unique_identity PASS
OMDB_CASE state US1.registry.fifo_cap PASS
OMDB_CASE state US1.registry.oldest PASS
OMDB_CASE state US1.registry.eviction_result PASS
OMDB_CASE state US1.registry.immutable_age_origin PASS
OMDB_CASE state US1.registry.copy_isolation PASS
OMDB_CASE state US1.registry.creation.9.6 PASS
OMDB_CASE state US1.registry.unique_identity PASS
OMDB_CASE state US1.registry.fifo_cap PASS
OMDB_CASE state US1.registry.oldest PASS
OMDB_CASE state US1.registry.eviction_result PASS
OMDB_CASE state US1.registry.immutable_age_origin PASS
OMDB_CASE state US1.registry.copy_isolation PASS
OMDB_CASE state US1.registry.creation.9.7 PASS
OMDB_CASE state US1.registry.unique_identity PASS
OMDB_CASE state US1.registry.fifo_cap PASS
OMDB_CASE state US1.registry.oldest PASS
OMDB_CASE state US1.registry.eviction_result PASS
OMDB_CASE state US1.registry.immutable_age_origin PASS
OMDB_CASE state US1.registry.copy_isolation PASS
OMDB_CASE state US1.registry.creation.9.8 PASS
OMDB_CASE state US1.registry.unique_identity PASS
OMDB_CASE state US1.registry.fifo_cap PASS
OMDB_CASE state US1.registry.oldest PASS
OMDB_CASE state US1.registry.eviction_result PASS
OMDB_CASE state US1.registry.immutable_age_origin PASS
OMDB_CASE state US1.registry.copy_isolation PASS
OMDB_CASE state US1.registry.creation.9.9 PASS
OMDB_CASE state US1.registry.unique_identity PASS
OMDB_CASE state US1.registry.fifo_cap PASS
OMDB_CASE state US1.registry.oldest PASS
OMDB_CASE state US1.registry.eviction_result PASS
OMDB_CASE state US1.registry.immutable_age_origin PASS
OMDB_CASE state US1.registry.copy_isolation PASS
OMDB_CASE state US1.registry.creation.9.10 PASS
OMDB_CASE state US1.registry.unique_identity PASS
OMDB_CASE state US1.registry.fifo_cap PASS
OMDB_CASE state US1.registry.oldest PASS
OMDB_CASE state US1.registry.eviction_result PASS
OMDB_CASE state US1.registry.immutable_age_origin PASS
OMDB_CASE state US1.registry.copy_isolation PASS
OMDB_CASE state US1.registry.creation.9.11 PASS
OMDB_CASE state US1.registry.unique_identity PASS
OMDB_CASE state US1.registry.fifo_cap PASS
OMDB_CASE state US1.registry.oldest PASS
OMDB_CASE state US1.registry.eviction_result PASS
OMDB_CASE state US1.registry.immutable_age_origin PASS
OMDB_CASE state US1.registry.copy_isolation PASS
OMDB_CASE state EC14.unique_saw_contributors.0 PASS
OMDB_CASE state EC14.remaining_jam PASS
OMDB_CASE state EC14.final_removal_reactivates PASS
OMDB_CASE state EC14.unique_saw_contributors.1 PASS
OMDB_CASE state EC14.remaining_jam PASS
OMDB_CASE state EC14.final_removal_reactivates PASS
OMDB_CASE state EC14.unique_saw_contributors.2 PASS
OMDB_CASE state EC14.remaining_jam PASS
OMDB_CASE state EC14.final_removal_reactivates PASS
OMDB_CASE state EC14.unique_saw_contributors.3 PASS
OMDB_CASE state EC14.remaining_jam PASS
OMDB_CASE state EC14.final_removal_reactivates PASS
OMDB_CASE state EC14.unique_saw_contributors.4 PASS
OMDB_CASE state EC14.remaining_jam PASS
OMDB_CASE state EC14.final_removal_reactivates PASS
OMDB_CASE state EC14.unique_saw_contributors.5 PASS
OMDB_CASE state EC14.remaining_jam PASS
OMDB_CASE state EC14.final_removal_reactivates PASS
OMDB_CASE state EC14.unique_saw_contributors.6 PASS
OMDB_CASE state EC14.remaining_jam PASS
OMDB_CASE state EC14.final_removal_reactivates PASS
OMDB_CASE state EC14.unique_saw_contributors.7 PASS
OMDB_CASE state EC14.remaining_jam PASS
OMDB_CASE state EC14.final_removal_reactivates PASS
OMDB_CASE state EC14.unique_saw_contributors.8 PASS
OMDB_CASE state EC14.remaining_jam PASS
OMDB_CASE state EC14.final_removal_reactivates PASS
OMDB_CASE state EC14.unique_saw_contributors.9 PASS
OMDB_CASE state EC14.remaining_jam PASS
OMDB_CASE state EC14.final_removal_reactivates PASS
OMDB_CASE physics US3.anvil_clear_warning.0 PASS
OMDB_CASE physics US3.anvil_warned_impact PASS
OMDB_CASE physics US3.anvil_repeatable_cycle PASS
OMDB_CASE physics EC08.anvil_corpse_immunity_stability PASS
OMDB_CASE physics EC09.anvil_retirement_cancels_cycle PASS
OMDB_CASE physics US3.anvil_clear_warning.1 PASS
OMDB_CASE physics US3.anvil_warned_impact PASS
OMDB_CASE physics US3.anvil_repeatable_cycle PASS
OMDB_CASE physics EC08.anvil_corpse_immunity_stability PASS
OMDB_CASE physics EC09.anvil_retirement_cancels_cycle PASS
OMDB_CASE physics US3.anvil_clear_warning.2 PASS
OMDB_CASE physics US3.anvil_warned_impact PASS
OMDB_CASE physics US3.anvil_repeatable_cycle PASS
OMDB_CASE physics EC08.anvil_corpse_immunity_stability PASS
OMDB_CASE physics EC09.anvil_retirement_cancels_cycle PASS
OMDB_CASE physics US3.anvil_clear_warning.3 PASS
OMDB_CASE physics US3.anvil_warned_impact PASS
OMDB_CASE physics US3.anvil_repeatable_cycle PASS
OMDB_CASE physics EC08.anvil_corpse_immunity_stability PASS
OMDB_CASE physics EC09.anvil_retirement_cancels_cycle PASS
OMDB_CASE physics US3.anvil_clear_warning.4 PASS
OMDB_CASE physics US3.anvil_warned_impact PASS
OMDB_CASE physics US3.anvil_repeatable_cycle PASS
OMDB_CASE physics EC08.anvil_corpse_immunity_stability PASS
OMDB_CASE physics EC09.anvil_retirement_cancels_cycle PASS
OMDB_CASE physics US3.anvil_clear_warning.5 PASS
OMDB_CASE physics US3.anvil_warned_impact PASS
OMDB_CASE physics US3.anvil_repeatable_cycle PASS
OMDB_CASE physics EC08.anvil_corpse_immunity_stability PASS
OMDB_CASE physics EC09.anvil_retirement_cancels_cycle PASS
OMDB_CASE physics US3.anvil_clear_warning.6 PASS
OMDB_CASE physics US3.anvil_warned_impact PASS
OMDB_CASE physics US3.anvil_repeatable_cycle PASS
OMDB_CASE physics EC08.anvil_corpse_immunity_stability PASS
OMDB_CASE physics EC09.anvil_retirement_cancels_cycle PASS
OMDB_CASE physics US3.anvil_clear_warning.7 PASS
OMDB_CASE physics US3.anvil_warned_impact PASS
OMDB_CASE physics US3.anvil_repeatable_cycle PASS
OMDB_CASE physics EC08.anvil_corpse_immunity_stability PASS
OMDB_CASE physics EC09.anvil_retirement_cancels_cycle PASS
OMDB_CASE physics US3.anvil_clear_warning.8 PASS
OMDB_CASE physics US3.anvil_warned_impact PASS
OMDB_CASE physics US3.anvil_repeatable_cycle PASS
OMDB_CASE physics EC08.anvil_corpse_immunity_stability PASS
OMDB_CASE physics EC09.anvil_retirement_cancels_cycle PASS
OMDB_CASE physics US3.anvil_clear_warning.9 PASS
OMDB_CASE physics US3.anvil_warned_impact PASS
OMDB_CASE physics US3.anvil_repeatable_cycle PASS
OMDB_CASE physics EC08.anvil_corpse_immunity_stability PASS
OMDB_CASE physics EC09.anvil_retirement_cancels_cycle PASS
OMDB_CASE physics ART.anvil_hookup PASS
OMDB_CASE physics ART.anvil_phase.0.0 PASS
OMDB_CASE physics ART.anvil_phase.0.85 PASS
OMDB_CASE physics ART.anvil_phase.0.925 PASS
OMDB_CASE physics ART.anvil_phase.1.0 PASS
OMDB_CASE physics ART.anvil_phase.1.2 PASS
OMDB_CASE physics ART.anvil_phase.1.7 PASS
OMDB_CASE physics ART.anvil_phase.2.2 PASS
OMDB_CASE physics ART.anvil_phase.2.9 PASS
OMDB_CASE physics ART.anvil_pivot_footprint PASS
OMDB_CASE physics ART.anvil_owner_strike_agreement PASS
OMDB_CASE physics ART.anvil_pause PASS
OMDB_CASE physics ART.anvil_skipped_phase_no_replayed_pose PASS
OMDB_CASE physics ART.anvil_retired_no_update PASS
OMDB_CASE physics ART.anvil_hookup PASS
OMDB_CASE physics ART.anvil_phase.0.0 PASS
OMDB_CASE physics ART.anvil_phase.0.85 PASS
OMDB_CASE physics ART.anvil_phase.0.925 PASS
OMDB_CASE physics ART.anvil_phase.1.0 PASS
OMDB_CASE physics ART.anvil_phase.1.2 PASS
OMDB_CASE physics ART.anvil_phase.1.7 PASS
OMDB_CASE physics ART.anvil_phase.2.2 PASS
OMDB_CASE physics ART.anvil_phase.2.9 PASS
OMDB_CASE physics ART.anvil_pivot_footprint PASS
OMDB_CASE physics ART.anvil_owner_strike_agreement PASS
OMDB_CASE physics ART.anvil_pause PASS
OMDB_CASE physics ART.anvil_skipped_phase_no_replayed_pose PASS
OMDB_CASE physics ART.anvil_retired_no_update PASS
OMDB_CASE physics ART.anvil_hookup PASS
OMDB_CASE physics ART.anvil_phase.0.0 PASS
OMDB_CASE physics ART.anvil_phase.0.85 PASS
OMDB_CASE physics ART.anvil_phase.0.925 PASS
OMDB_CASE physics ART.anvil_phase.1.0 PASS
OMDB_CASE physics ART.anvil_phase.1.2 PASS
OMDB_CASE physics ART.anvil_phase.1.7 PASS
OMDB_CASE physics ART.anvil_phase.2.2 PASS
OMDB_CASE physics ART.anvil_phase.2.9 PASS
OMDB_CASE physics ART.anvil_pivot_footprint PASS
OMDB_CASE physics ART.anvil_owner_strike_agreement PASS
OMDB_CASE physics ART.anvil_pause PASS
OMDB_CASE physics ART.anvil_skipped_phase_no_replayed_pose PASS
OMDB_CASE physics ART.anvil_retired_no_update PASS
OMDB_CASE physics ART.anvil_hookup PASS
OMDB_CASE physics ART.anvil_phase.0.0 PASS
OMDB_CASE physics ART.anvil_phase.0.85 PASS
OMDB_CASE physics ART.anvil_phase.0.925 PASS
OMDB_CASE physics ART.anvil_phase.1.0 PASS
OMDB_CASE physics ART.anvil_phase.1.2 PASS
OMDB_CASE physics ART.anvil_phase.1.7 PASS
OMDB_CASE physics ART.anvil_phase.2.2 PASS
OMDB_CASE physics ART.anvil_phase.2.9 PASS
OMDB_CASE physics ART.anvil_pivot_footprint PASS
OMDB_CASE physics ART.anvil_owner_strike_agreement PASS
OMDB_CASE physics ART.anvil_pause PASS
OMDB_CASE physics ART.anvil_skipped_phase_no_replayed_pose PASS
OMDB_CASE physics ART.anvil_retired_no_update PASS
OMDB_CASE physics ART.anvil_hookup PASS
OMDB_CASE physics ART.anvil_phase.0.0 PASS
OMDB_CASE physics ART.anvil_phase.0.85 PASS
OMDB_CASE physics ART.anvil_phase.0.925 PASS
OMDB_CASE physics ART.anvil_phase.1.0 PASS
OMDB_CASE physics ART.anvil_phase.1.2 PASS
OMDB_CASE physics ART.anvil_phase.1.7 PASS
OMDB_CASE physics ART.anvil_phase.2.2 PASS
OMDB_CASE physics ART.anvil_phase.2.9 PASS
OMDB_CASE physics ART.anvil_pivot_footprint PASS
OMDB_CASE physics ART.anvil_owner_strike_agreement PASS
OMDB_CASE physics ART.anvil_pause PASS
OMDB_CASE physics ART.anvil_skipped_phase_no_replayed_pose PASS
OMDB_CASE physics ART.anvil_retired_no_update PASS
OMDB_CASE physics ART.anvil_hookup PASS
OMDB_CASE physics ART.anvil_phase.0.0 PASS
OMDB_CASE physics ART.anvil_phase.0.85 PASS
OMDB_CASE physics ART.anvil_phase.0.925 PASS
OMDB_CASE physics ART.anvil_phase.1.0 PASS
OMDB_CASE physics ART.anvil_phase.1.2 PASS
OMDB_CASE physics ART.anvil_phase.1.7 PASS
OMDB_CASE physics ART.anvil_phase.2.2 PASS
OMDB_CASE physics ART.anvil_phase.2.9 PASS
OMDB_CASE physics ART.anvil_pivot_footprint PASS
OMDB_CASE physics ART.anvil_owner_strike_agreement PASS
OMDB_CASE physics ART.anvil_pause PASS
OMDB_CASE physics ART.anvil_skipped_phase_no_replayed_pose PASS
OMDB_CASE physics ART.anvil_retired_no_update PASS
OMDB_CASE physics ART.anvil_hookup PASS
OMDB_CASE physics ART.anvil_phase.0.0 PASS
OMDB_CASE physics ART.anvil_phase.0.85 PASS
OMDB_CASE physics ART.anvil_phase.0.925 PASS
OMDB_CASE physics ART.anvil_phase.1.0 PASS
OMDB_CASE physics ART.anvil_phase.1.2 PASS
OMDB_CASE physics ART.anvil_phase.1.7 PASS
OMDB_CASE physics ART.anvil_phase.2.2 PASS
OMDB_CASE physics ART.anvil_phase.2.9 PASS
OMDB_CASE physics ART.anvil_pivot_footprint PASS
OMDB_CASE physics ART.anvil_owner_strike_agreement PASS
OMDB_CASE physics ART.anvil_pause PASS
OMDB_CASE physics ART.anvil_skipped_phase_no_replayed_pose PASS
OMDB_CASE physics ART.anvil_retired_no_update PASS
OMDB_CASE physics ART.anvil_hookup PASS
OMDB_CASE physics ART.anvil_phase.0.0 PASS
OMDB_CASE physics ART.anvil_phase.0.85 PASS
OMDB_CASE physics ART.anvil_phase.0.925 PASS
OMDB_CASE physics ART.anvil_phase.1.0 PASS
OMDB_CASE physics ART.anvil_phase.1.2 PASS
OMDB_CASE physics ART.anvil_phase.1.7 PASS
OMDB_CASE physics ART.anvil_phase.2.2 PASS
OMDB_CASE physics ART.anvil_phase.2.9 PASS
OMDB_CASE physics ART.anvil_pivot_footprint PASS
OMDB_CASE physics ART.anvil_owner_strike_agreement PASS
OMDB_CASE physics ART.anvil_pause PASS
OMDB_CASE physics ART.anvil_skipped_phase_no_replayed_pose PASS
OMDB_CASE physics ART.anvil_retired_no_update PASS
OMDB_CASE physics ART.anvil_hookup PASS
OMDB_CASE physics ART.anvil_phase.0.0 PASS
OMDB_CASE physics ART.anvil_phase.0.85 PASS
OMDB_CASE physics ART.anvil_phase.0.925 PASS
OMDB_CASE physics ART.anvil_phase.1.0 PASS
OMDB_CASE physics ART.anvil_phase.1.2 PASS
OMDB_CASE physics ART.anvil_phase.1.7 PASS
OMDB_CASE physics ART.anvil_phase.2.2 PASS
OMDB_CASE physics ART.anvil_phase.2.9 PASS
OMDB_CASE physics ART.anvil_pivot_footprint PASS
OMDB_CASE physics ART.anvil_owner_strike_agreement PASS
OMDB_CASE physics ART.anvil_pause PASS
OMDB_CASE physics ART.anvil_skipped_phase_no_replayed_pose PASS
OMDB_CASE physics ART.anvil_retired_no_update PASS
OMDB_CASE physics ART.anvil_hookup PASS
OMDB_CASE physics ART.anvil_phase.0.0 PASS
OMDB_CASE physics ART.anvil_phase.0.85 PASS
OMDB_CASE physics ART.anvil_phase.0.925 PASS
OMDB_CASE physics ART.anvil_phase.1.0 PASS
OMDB_CASE physics ART.anvil_phase.1.2 PASS
OMDB_CASE physics ART.anvil_phase.1.7 PASS
OMDB_CASE physics ART.anvil_phase.2.2 PASS
OMDB_CASE physics ART.anvil_phase.2.9 PASS
OMDB_CASE physics ART.anvil_pivot_footprint PASS
OMDB_CASE physics ART.anvil_owner_strike_agreement PASS
OMDB_CASE physics ART.anvil_pause PASS
OMDB_CASE physics ART.anvil_skipped_phase_no_replayed_pose PASS
OMDB_CASE physics ART.anvil_retired_no_update PASS
OMDB_CASE physics ART.manifest_three_trial_assets PASS
OMDB_CASE physics ART.provenance.kaykit_spike_cluster PASS
OMDB_CASE physics ART.dependency.assets/art/kaykit_dungeon/spike_cluster.glb PASS
OMDB_CASE physics ART.import_isolation.kaykit_spike_cluster PASS
OMDB_CASE physics ART.inventory_matches.kaykit_spike_cluster PASS
OMDB_CASE physics ART.provenance.iron_anvil PASS
OMDB_CASE physics ART.dependency.assets/art/iron_anvil/anvil.glb PASS
OMDB_CASE physics ART.import_isolation.iron_anvil PASS
OMDB_CASE physics ART.inventory_matches.iron_anvil PASS
OMDB_CASE physics ART.provenance.sawblade PASS
OMDB_CASE physics ART.dependency.assets/art/sawblade/sawblade.glb PASS
OMDB_CASE physics ART.import_isolation.sawblade PASS
OMDB_CASE physics ART.inventory_matches.sawblade PASS
OMDB_CASE physics ART.fixture_candidate_hookup PASS
OMDB_CASE physics ART.fixture_candidate_hookup PASS
OMDB_CASE physics ART.fixture_candidate_hookup PASS
OMDB_CASE physics ART.fixture_pause_isolated PASS
OMDB_CASE physics ART.fixture_label_free PASS
OMDB_CASE physics ART.fixture_fresh_baseline PASS
OMDB_CASE physics ART.fixture_fresh_candidate PASS
OMDB_CASE physics US7.cheerful_music_loops PASS
OMDB_CASE physics US7.bounded_audio_voices_separate_music PASS
OMDB_CASE physics US7.hazard_voice_sfx_routing PASS
OMDB_CASE physics US7.hazard_voice_sfx_routing PASS
OMDB_CASE physics US7.hazard_voice_sfx_routing PASS
OMDB_CASE physics US7.hazard_voice_sfx_routing PASS
OMDB_CASE physics US7.short_cartoon_cue.spike_hit PASS
OMDB_CASE physics US7.short_cartoon_cue.saw_hit PASS
OMDB_CASE physics US7.short_cartoon_cue.saw_jam PASS
OMDB_CASE physics US7.short_cartoon_cue.anvil_warning PASS
OMDB_CASE physics US7.short_cartoon_cue.anvil_drop PASS
OMDB_CASE physics US7.short_cartoon_cue.body_pop PASS
OMDB_CASE physics US7.distinct_hazard_sources PASS
OMDB_CASE physics US2.scene_pickup PASS
OMDB_CASE physics US7.overlapping_death_cue_once_and_muted_respawn PASS
OMDB_CASE physics US7.hazard_type_independent_of_authored_id PASS
OMDB_CASE physics US7.jam_cue_on_transition_not_every_tick PASS
OMDB_CASE physics US7.warning_and_impact_once_per_cycle PASS
OMDB_CASE physics US7.lethal_anvil_impact_not_duplicated PASS
OMDB_CASE physics US7.retired_room_emits_no_cues PASS
OMDB_CASE physics US7.cheerful_music_loops PASS
OMDB_CASE physics US7.bounded_audio_voices_separate_music PASS
OMDB_CASE physics US7.hazard_voice_sfx_routing PASS
OMDB_CASE physics US7.hazard_voice_sfx_routing PASS
OMDB_CASE physics US7.hazard_voice_sfx_routing PASS
OMDB_CASE physics US7.hazard_voice_sfx_routing PASS
OMDB_CASE physics US7.short_cartoon_cue.spike_hit PASS
OMDB_CASE physics US7.short_cartoon_cue.saw_hit PASS
OMDB_CASE physics US7.short_cartoon_cue.saw_jam PASS
OMDB_CASE physics US7.short_cartoon_cue.anvil_warning PASS
OMDB_CASE physics US7.short_cartoon_cue.anvil_drop PASS
OMDB_CASE physics US7.short_cartoon_cue.body_pop PASS
OMDB_CASE physics US7.distinct_hazard_sources PASS
OMDB_CASE physics US2.scene_pickup PASS
OMDB_CASE physics US7.overlapping_death_cue_once_and_muted_respawn PASS
OMDB_CASE physics US7.hazard_type_independent_of_authored_id PASS
OMDB_CASE physics US7.jam_cue_on_transition_not_every_tick PASS
OMDB_CASE physics US7.warning_and_impact_once_per_cycle PASS
OMDB_CASE physics US7.lethal_anvil_impact_not_duplicated PASS
OMDB_CASE physics US7.retired_room_emits_no_cues PASS
OMDB_CASE physics US7.cheerful_music_loops PASS
OMDB_CASE physics US7.bounded_audio_voices_separate_music PASS
OMDB_CASE physics US7.hazard_voice_sfx_routing PASS
OMDB_CASE physics US7.hazard_voice_sfx_routing PASS
OMDB_CASE physics US7.hazard_voice_sfx_routing PASS
OMDB_CASE physics US7.hazard_voice_sfx_routing PASS
OMDB_CASE physics US7.short_cartoon_cue.spike_hit PASS
OMDB_CASE physics US7.short_cartoon_cue.saw_hit PASS
OMDB_CASE physics US7.short_cartoon_cue.saw_jam PASS
OMDB_CASE physics US7.short_cartoon_cue.anvil_warning PASS
OMDB_CASE physics US7.short_cartoon_cue.anvil_drop PASS
OMDB_CASE physics US7.short_cartoon_cue.body_pop PASS
OMDB_CASE physics US7.distinct_hazard_sources PASS
OMDB_CASE physics US2.scene_pickup PASS
OMDB_CASE physics US7.overlapping_death_cue_once_and_muted_respawn PASS
OMDB_CASE physics US7.hazard_type_independent_of_authored_id PASS
OMDB_CASE physics US7.jam_cue_on_transition_not_every_tick PASS
OMDB_CASE physics US7.warning_and_impact_once_per_cycle PASS
OMDB_CASE physics US7.lethal_anvil_impact_not_duplicated PASS
OMDB_CASE physics US7.retired_room_emits_no_cues PASS
OMDB_CASE physics US7.cheerful_music_loops PASS
OMDB_CASE physics US7.bounded_audio_voices_separate_music PASS
OMDB_CASE physics US7.hazard_voice_sfx_routing PASS
OMDB_CASE physics US7.hazard_voice_sfx_routing PASS
OMDB_CASE physics US7.hazard_voice_sfx_routing PASS
OMDB_CASE physics US7.hazard_voice_sfx_routing PASS
OMDB_CASE physics US7.short_cartoon_cue.spike_hit PASS
OMDB_CASE physics US7.short_cartoon_cue.saw_hit PASS
OMDB_CASE physics US7.short_cartoon_cue.saw_jam PASS
OMDB_CASE physics US7.short_cartoon_cue.anvil_warning PASS
OMDB_CASE physics US7.short_cartoon_cue.anvil_drop PASS
OMDB_CASE physics US7.short_cartoon_cue.body_pop PASS
OMDB_CASE physics US7.distinct_hazard_sources PASS
OMDB_CASE physics US2.scene_pickup PASS
OMDB_CASE physics US7.overlapping_death_cue_once_and_muted_respawn PASS
OMDB_CASE physics US7.hazard_type_independent_of_authored_id PASS
OMDB_CASE physics US7.jam_cue_on_transition_not_every_tick PASS
OMDB_CASE physics US7.warning_and_impact_once_per_cycle PASS
OMDB_CASE physics US7.lethal_anvil_impact_not_duplicated PASS
OMDB_CASE physics US7.retired_room_emits_no_cues PASS
OMDB_CASE physics US7.cheerful_music_loops PASS
OMDB_CASE physics US7.bounded_audio_voices_separate_music PASS
OMDB_CASE physics US7.hazard_voice_sfx_routing PASS
OMDB_CASE physics US7.hazard_voice_sfx_routing PASS
OMDB_CASE physics US7.hazard_voice_sfx_routing PASS
OMDB_CASE physics US7.hazard_voice_sfx_routing PASS
OMDB_CASE physics US7.short_cartoon_cue.spike_hit PASS
OMDB_CASE physics US7.short_cartoon_cue.saw_hit PASS
OMDB_CASE physics US7.short_cartoon_cue.saw_jam PASS
OMDB_CASE physics US7.short_cartoon_cue.anvil_warning PASS
OMDB_CASE physics US7.short_cartoon_cue.anvil_drop PASS
OMDB_CASE physics US7.short_cartoon_cue.body_pop PASS
OMDB_CASE physics US7.distinct_hazard_sources PASS
OMDB_CASE physics US2.scene_pickup PASS
OMDB_CASE physics US7.overlapping_death_cue_once_and_muted_respawn PASS
OMDB_CASE physics US7.hazard_type_independent_of_authored_id PASS
OMDB_CASE physics US7.jam_cue_on_transition_not_every_tick PASS
OMDB_CASE physics US7.warning_and_impact_once_per_cycle PASS
OMDB_CASE physics US7.lethal_anvil_impact_not_duplicated PASS
OMDB_CASE physics US7.retired_room_emits_no_cues PASS
OMDB_CASE physics US7.cheerful_music_loops PASS
OMDB_CASE physics US7.bounded_audio_voices_separate_music PASS
OMDB_CASE physics US7.hazard_voice_sfx_routing PASS
OMDB_CASE physics US7.hazard_voice_sfx_routing PASS
OMDB_CASE physics US7.hazard_voice_sfx_routing PASS
OMDB_CASE physics US7.hazard_voice_sfx_routing PASS
OMDB_CASE physics US7.short_cartoon_cue.spike_hit PASS
OMDB_CASE physics US7.short_cartoon_cue.saw_hit PASS
OMDB_CASE physics US7.short_cartoon_cue.saw_jam PASS
OMDB_CASE physics US7.short_cartoon_cue.anvil_warning PASS
OMDB_CASE physics US7.short_cartoon_cue.anvil_drop PASS
OMDB_CASE physics US7.short_cartoon_cue.body_pop PASS
OMDB_CASE physics US7.distinct_hazard_sources PASS
OMDB_CASE physics US2.scene_pickup PASS
OMDB_CASE physics US7.overlapping_death_cue_once_and_muted_respawn PASS
OMDB_CASE physics US7.hazard_type_independent_of_authored_id PASS
OMDB_CASE physics US7.jam_cue_on_transition_not_every_tick PASS
OMDB_CASE physics US7.warning_and_impact_once_per_cycle PASS
OMDB_CASE physics US7.lethal_anvil_impact_not_duplicated PASS
OMDB_CASE physics US7.retired_room_emits_no_cues PASS
OMDB_CASE physics US7.cheerful_music_loops PASS
OMDB_CASE physics US7.bounded_audio_voices_separate_music PASS
OMDB_CASE physics US7.hazard_voice_sfx_routing PASS
OMDB_CASE physics US7.hazard_voice_sfx_routing PASS
OMDB_CASE physics US7.hazard_voice_sfx_routing PASS
OMDB_CASE physics US7.hazard_voice_sfx_routing PASS
OMDB_CASE physics US7.short_cartoon_cue.spike_hit PASS
OMDB_CASE physics US7.short_cartoon_cue.saw_hit PASS
OMDB_CASE physics US7.short_cartoon_cue.saw_jam PASS
OMDB_CASE physics US7.short_cartoon_cue.anvil_warning PASS
OMDB_CASE physics US7.short_cartoon_cue.anvil_drop PASS
OMDB_CASE physics US7.short_cartoon_cue.body_pop PASS
OMDB_CASE physics US7.distinct_hazard_sources PASS
OMDB_CASE physics US2.scene_pickup PASS
OMDB_CASE physics US7.overlapping_death_cue_once_and_muted_respawn PASS
OMDB_CASE physics US7.hazard_type_independent_of_authored_id PASS
OMDB_CASE physics US7.jam_cue_on_transition_not_every_tick PASS
OMDB_CASE physics US7.warning_and_impact_once_per_cycle PASS
OMDB_CASE physics US7.lethal_anvil_impact_not_duplicated PASS
OMDB_CASE physics US7.retired_room_emits_no_cues PASS
OMDB_CASE physics US7.cheerful_music_loops PASS
OMDB_CASE physics US7.bounded_audio_voices_separate_music PASS
OMDB_CASE physics US7.hazard_voice_sfx_routing PASS
OMDB_CASE physics US7.hazard_voice_sfx_routing PASS
OMDB_CASE physics US7.hazard_voice_sfx_routing PASS
OMDB_CASE physics US7.hazard_voice_sfx_routing PASS
OMDB_CASE physics US7.short_cartoon_cue.spike_hit PASS
OMDB_CASE physics US7.short_cartoon_cue.saw_hit PASS
OMDB_CASE physics US7.short_cartoon_cue.saw_jam PASS
OMDB_CASE physics US7.short_cartoon_cue.anvil_warning PASS
OMDB_CASE physics US7.short_cartoon_cue.anvil_drop PASS
OMDB_CASE physics US7.short_cartoon_cue.body_pop PASS
OMDB_CASE physics US7.distinct_hazard_sources PASS
OMDB_CASE physics US2.scene_pickup PASS
OMDB_CASE physics US7.overlapping_death_cue_once_and_muted_respawn PASS
OMDB_CASE physics US7.hazard_type_independent_of_authored_id PASS
OMDB_CASE physics US7.jam_cue_on_transition_not_every_tick PASS
OMDB_CASE physics US7.warning_and_impact_once_per_cycle PASS
OMDB_CASE physics US7.lethal_anvil_impact_not_duplicated PASS
OMDB_CASE physics US7.retired_room_emits_no_cues PASS
OMDB_CASE physics US7.cheerful_music_loops PASS
OMDB_CASE physics US7.bounded_audio_voices_separate_music PASS
OMDB_CASE physics US7.hazard_voice_sfx_routing PASS
OMDB_CASE physics US7.hazard_voice_sfx_routing PASS
OMDB_CASE physics US7.hazard_voice_sfx_routing PASS
OMDB_CASE physics US7.hazard_voice_sfx_routing PASS
OMDB_CASE physics US7.short_cartoon_cue.spike_hit PASS
OMDB_CASE physics US7.short_cartoon_cue.saw_hit PASS
OMDB_CASE physics US7.short_cartoon_cue.saw_jam PASS
OMDB_CASE physics US7.short_cartoon_cue.anvil_warning PASS
OMDB_CASE physics US7.short_cartoon_cue.anvil_drop PASS
OMDB_CASE physics US7.short_cartoon_cue.body_pop PASS
OMDB_CASE physics US7.distinct_hazard_sources PASS
OMDB_CASE physics US2.scene_pickup PASS
OMDB_CASE physics US7.overlapping_death_cue_once_and_muted_respawn PASS
OMDB_CASE physics US7.hazard_type_independent_of_authored_id PASS
OMDB_CASE physics US7.jam_cue_on_transition_not_every_tick PASS
OMDB_CASE physics US7.warning_and_impact_once_per_cycle PASS
OMDB_CASE physics US7.lethal_anvil_impact_not_duplicated PASS
OMDB_CASE physics US7.retired_room_emits_no_cues PASS
OMDB_CASE physics US7.cheerful_music_loops PASS
OMDB_CASE physics US7.bounded_audio_voices_separate_music PASS
OMDB_CASE physics US7.hazard_voice_sfx_routing PASS
OMDB_CASE physics US7.hazard_voice_sfx_routing PASS
OMDB_CASE physics US7.hazard_voice_sfx_routing PASS
OMDB_CASE physics US7.hazard_voice_sfx_routing PASS
OMDB_CASE physics US7.short_cartoon_cue.spike_hit PASS
OMDB_CASE physics US7.short_cartoon_cue.saw_hit PASS
OMDB_CASE physics US7.short_cartoon_cue.saw_jam PASS
OMDB_CASE physics US7.short_cartoon_cue.anvil_warning PASS
OMDB_CASE physics US7.short_cartoon_cue.anvil_drop PASS
OMDB_CASE physics US7.short_cartoon_cue.body_pop PASS
OMDB_CASE physics US7.distinct_hazard_sources PASS
OMDB_CASE physics US2.scene_pickup PASS
OMDB_CASE physics US7.overlapping_death_cue_once_and_muted_respawn PASS
OMDB_CASE physics US7.hazard_type_independent_of_authored_id PASS
OMDB_CASE physics US7.jam_cue_on_transition_not_every_tick PASS
OMDB_CASE physics US7.warning_and_impact_once_per_cycle PASS
OMDB_CASE physics US7.lethal_anvil_impact_not_duplicated PASS
OMDB_CASE physics US7.retired_room_emits_no_cues PASS
OMDB_CASE physics US5.room2.empty_bypass_blocked.0.-5.6 PASS
OMDB_CASE physics US5.solid_gate_prevents_walkaround PASS
OMDB_CASE physics US5.room2.empty_bypass_blocked.0.0.0 PASS
OMDB_CASE physics US5.solid_gate_prevents_walkaround PASS
OMDB_CASE physics US5.room2.empty_bypass_blocked.0.5.6 PASS
OMDB_CASE physics US5.solid_gate_prevents_walkaround PASS
OMDB_CASE physics US5.isolated_Exit_blocked.room2.-5.6 PASS
OMDB_CASE physics US5.closed_partition_blocks_walk_and_jump PASS
OMDB_CASE physics US5.isolated_Exit_blocked.room2.0.0 PASS
OMDB_CASE physics US5.closed_partition_blocks_walk_and_jump PASS
OMDB_CASE physics US5.isolated_Exit_blocked.room2.5.6 PASS
OMDB_CASE physics US5.closed_partition_blocks_walk_and_jump PASS
OMDB_CASE physics US5.room3.empty_bypass_blocked.0.-5.6 PASS
OMDB_CASE physics US5.solid_gate_prevents_walkaround PASS
OMDB_CASE physics US5.room3.empty_bypass_blocked.0.0.0 PASS
OMDB_CASE physics US5.active_saw_jump_lethal PASS
OMDB_CASE physics US5.room3.empty_bypass_blocked.0.5.6 PASS
OMDB_CASE physics US5.solid_gate_prevents_walkaround PASS
OMDB_CASE physics US5.room4.empty_bypass_blocked.0.-5.6 PASS
OMDB_CASE physics US5.full_spike_width_lethal PASS
OMDB_CASE physics US5.room4.empty_bypass_blocked.0.0.0 PASS
OMDB_CASE physics US5.full_spike_width_lethal PASS
OMDB_CASE physics US5.room4.empty_bypass_blocked.0.5.6 PASS
OMDB_CASE physics US5.full_spike_width_lethal PASS
OMDB_CASE physics US5.isolated_Exit_blocked.room4.-5.6 PASS
OMDB_CASE physics US5.closed_partition_blocks_walk_and_jump PASS
OMDB_CASE physics US5.isolated_Exit_blocked.room4.0.0 PASS
OMDB_CASE physics US5.closed_partition_blocks_walk_and_jump PASS
OMDB_CASE physics US5.isolated_Exit_blocked.room4.5.6 PASS
OMDB_CASE physics US5.closed_partition_blocks_walk_and_jump PASS
OMDB_CASE physics US5.room5.empty_bypass_blocked.0.-5.6 PASS
OMDB_CASE physics US5.full_spike_width_lethal PASS
OMDB_CASE physics US5.room5.empty_bypass_blocked.0.0.0 PASS
OMDB_CASE physics US5.full_spike_width_lethal PASS
OMDB_CASE physics US5.room5.empty_bypass_blocked.0.5.6 PASS
OMDB_CASE physics US5.full_spike_width_lethal PASS
OMDB_CASE physics US5.isolated_Exit_blocked.room5.-5.6 PASS
OMDB_CASE physics US5.closed_partition_blocks_walk_and_jump PASS
OMDB_CASE physics US5.isolated_Exit_blocked.room5.0.0 PASS
OMDB_CASE physics US5.closed_partition_blocks_walk_and_jump PASS
OMDB_CASE physics US5.isolated_Exit_blocked.room5.5.6 PASS
OMDB_CASE physics US5.closed_partition_blocks_walk_and_jump PASS
OMDB_CASE physics US5.isolated_Saw_blocked.room5.-5.6 PASS
OMDB_CASE physics US5.closed_partition_blocks_walk_and_jump PASS
OMDB_CASE physics US5.isolated_Saw_blocked.room5.0.0 PASS
OMDB_CASE physics US5.combined_active_saw_blocks_jump PASS
OMDB_CASE physics US5.isolated_Saw_blocked.room5.5.6 PASS
OMDB_CASE physics US5.closed_partition_blocks_walk_and_jump PASS
OMDB_CASE physics US5.room6.empty_bypass_blocked.0.-5.6 PASS
OMDB_CASE physics US5.full_spike_width_lethal PASS
OMDB_CASE physics US5.room6.empty_bypass_blocked.0.0.0 PASS
OMDB_CASE physics US5.full_spike_width_lethal PASS
OMDB_CASE physics US5.room6.empty_bypass_blocked.0.5.6 PASS
OMDB_CASE physics US5.full_spike_width_lethal PASS
OMDB_CASE physics US5.isolated_Exit_blocked.room6.-5.6 PASS
OMDB_CASE physics US5.closed_partition_blocks_walk_and_jump PASS
OMDB_CASE physics US5.isolated_Exit_blocked.room6.2.5 PASS
OMDB_CASE physics US5.closed_partition_blocks_walk_and_jump PASS
OMDB_CASE physics US5.isolated_Exit_blocked.room6.5.6 PASS
OMDB_CASE physics US5.closed_partition_blocks_walk_and_jump PASS
OMDB_CASE physics US5.isolated_Saw_blocked.room6.-5.6 PASS
OMDB_CASE physics US5.closed_partition_blocks_walk_and_jump PASS
OMDB_CASE physics US5.isolated_Saw_blocked.room6.0.0 PASS
OMDB_CASE physics US5.combined_active_saw_blocks_jump PASS
OMDB_CASE physics US5.isolated_Saw_blocked.room6.5.6 PASS
OMDB_CASE physics US5.closed_partition_blocks_walk_and_jump PASS
OMDB_CASE physics US5.room2.empty_bypass_blocked.1.-5.6 PASS
OMDB_CASE physics US5.solid_gate_prevents_walkaround PASS
OMDB_CASE physics US5.room2.empty_bypass_blocked.1.0.0 PASS
OMDB_CASE physics US5.solid_gate_prevents_walkaround PASS
OMDB_CASE physics US5.room2.empty_bypass_blocked.1.5.6 PASS
OMDB_CASE physics US5.solid_gate_prevents_walkaround PASS
OMDB_CASE physics US5.isolated_Exit_blocked.room2.-5.6 PASS
OMDB_CASE physics US5.closed_partition_blocks_walk_and_jump PASS
OMDB_CASE physics US5.isolated_Exit_blocked.room2.0.0 PASS
OMDB_CASE physics US5.closed_partition_blocks_walk_and_jump PASS
OMDB_CASE physics US5.isolated_Exit_blocked.room2.5.6 PASS
OMDB_CASE physics US5.closed_partition_blocks_walk_and_jump PASS
OMDB_CASE physics US5.room3.empty_bypass_blocked.1.-5.6 PASS
OMDB_CASE physics US5.solid_gate_prevents_walkaround PASS
OMDB_CASE physics US5.room3.empty_bypass_blocked.1.0.0 PASS
OMDB_CASE physics US5.active_saw_jump_lethal PASS
OMDB_CASE physics US5.room3.empty_bypass_blocked.1.5.6 PASS
OMDB_CASE physics US5.solid_gate_prevents_walkaround PASS
OMDB_CASE physics US5.room4.empty_bypass_blocked.1.-5.6 PASS
OMDB_CASE physics US5.full_spike_width_lethal PASS
OMDB_CASE physics US5.room4.empty_bypass_blocked.1.0.0 PASS
OMDB_CASE physics US5.full_spike_width_lethal PASS
OMDB_CASE physics US5.room4.empty_bypass_blocked.1.5.6 PASS
OMDB_CASE physics US5.full_spike_width_lethal PASS
OMDB_CASE physics US5.isolated_Exit_blocked.room4.-5.6 PASS
OMDB_CASE physics US5.closed_partition_blocks_walk_and_jump PASS
OMDB_CASE physics US5.isolated_Exit_blocked.room4.0.0 PASS
OMDB_CASE physics US5.closed_partition_blocks_walk_and_jump PASS
OMDB_CASE physics US5.isolated_Exit_blocked.room4.5.6 PASS
OMDB_CASE physics US5.closed_partition_blocks_walk_and_jump PASS
OMDB_CASE physics US5.room5.empty_bypass_blocked.1.-5.6 PASS
OMDB_CASE physics US5.full_spike_width_lethal PASS
OMDB_CASE physics US5.room5.empty_bypass_blocked.1.0.0 PASS
OMDB_CASE physics US5.full_spike_width_lethal PASS
OMDB_CASE physics US5.room5.empty_bypass_blocked.1.5.6 PASS
OMDB_CASE physics US5.full_spike_width_lethal PASS
OMDB_CASE physics US5.isolated_Exit_blocked.room5.-5.6 PASS
OMDB_CASE physics US5.closed_partition_blocks_walk_and_jump PASS
OMDB_CASE physics US5.isolated_Exit_blocked.room5.0.0 PASS
OMDB_CASE physics US5.closed_partition_blocks_walk_and_jump PASS
OMDB_CASE physics US5.isolated_Exit_blocked.room5.5.6 PASS
OMDB_CASE physics US5.closed_partition_blocks_walk_and_jump PASS
OMDB_CASE physics US5.isolated_Saw_blocked.room5.-5.6 PASS
OMDB_CASE physics US5.closed_partition_blocks_walk_and_jump PASS
OMDB_CASE physics US5.isolated_Saw_blocked.room5.0.0 PASS
OMDB_CASE physics US5.combined_active_saw_blocks_jump PASS
OMDB_CASE physics US5.isolated_Saw_blocked.room5.5.6 PASS
OMDB_CASE physics US5.closed_partition_blocks_walk_and_jump PASS
OMDB_CASE physics US5.room6.empty_bypass_blocked.1.-5.6 PASS
OMDB_CASE physics US5.full_spike_width_lethal PASS
OMDB_CASE physics US5.room6.empty_bypass_blocked.1.0.0 PASS
OMDB_CASE physics US5.full_spike_width_lethal PASS
OMDB_CASE physics US5.room6.empty_bypass_blocked.1.5.6 PASS
OMDB_CASE physics US5.full_spike_width_lethal PASS
OMDB_CASE physics US5.isolated_Exit_blocked.room6.-5.6 PASS
OMDB_CASE physics US5.closed_partition_blocks_walk_and_jump PASS
OMDB_CASE physics US5.isolated_Exit_blocked.room6.2.5 PASS
OMDB_CASE physics US5.closed_partition_blocks_walk_and_jump PASS
OMDB_CASE physics US5.isolated_Exit_blocked.room6.5.6 PASS
OMDB_CASE physics US5.closed_partition_blocks_walk_and_jump PASS
OMDB_CASE physics US5.isolated_Saw_blocked.room6.-5.6 PASS
OMDB_CASE physics US5.closed_partition_blocks_walk_and_jump PASS
OMDB_CASE physics US5.isolated_Saw_blocked.room6.0.0 PASS
OMDB_CASE physics US5.combined_active_saw_blocks_jump PASS
OMDB_CASE physics US5.isolated_Saw_blocked.room6.5.6 PASS
OMDB_CASE physics US5.closed_partition_blocks_walk_and_jump PASS
OMDB_CASE physics US5.room2.empty_bypass_blocked.2.-5.6 PASS
OMDB_CASE physics US5.solid_gate_prevents_walkaround PASS
OMDB_CASE physics US5.room2.empty_bypass_blocked.2.0.0 PASS
OMDB_CASE physics US5.solid_gate_prevents_walkaround PASS
OMDB_CASE physics US5.room2.empty_bypass_blocked.2.5.6 PASS
OMDB_CASE physics US5.solid_gate_prevents_walkaround PASS
OMDB_CASE physics US5.isolated_Exit_blocked.room2.-5.6 PASS
OMDB_CASE physics US5.closed_partition_blocks_walk_and_jump PASS
OMDB_CASE physics US5.isolated_Exit_blocked.room2.0.0 PASS
OMDB_CASE physics US5.closed_partition_blocks_walk_and_jump PASS
OMDB_CASE physics US5.isolated_Exit_blocked.room2.5.6 PASS
OMDB_CASE physics US5.closed_partition_blocks_walk_and_jump PASS
OMDB_CASE physics US5.room3.empty_bypass_blocked.2.-5.6 PASS
OMDB_CASE physics US5.solid_gate_prevents_walkaround PASS
OMDB_CASE physics US5.room3.empty_bypass_blocked.2.0.0 PASS
OMDB_CASE physics US5.active_saw_jump_lethal PASS
OMDB_CASE physics US5.room3.empty_bypass_blocked.2.5.6 PASS
OMDB_CASE physics US5.solid_gate_prevents_walkaround PASS
OMDB_CASE physics US5.room4.empty_bypass_blocked.2.-5.6 PASS
OMDB_CASE physics US5.full_spike_width_lethal PASS
OMDB_CASE physics US5.room4.empty_bypass_blocked.2.0.0 PASS
OMDB_CASE physics US5.full_spike_width_lethal PASS
OMDB_CASE physics US5.room4.empty_bypass_blocked.2.5.6 PASS
OMDB_CASE physics US5.full_spike_width_lethal PASS
OMDB_CASE physics US5.isolated_Exit_blocked.room4.-5.6 PASS
OMDB_CASE physics US5.closed_partition_blocks_walk_and_jump PASS
OMDB_CASE physics US5.isolated_Exit_blocked.room4.0.0 PASS
OMDB_CASE physics US5.closed_partition_blocks_walk_and_jump PASS
OMDB_CASE physics US5.isolated_Exit_blocked.room4.5.6 PASS
OMDB_CASE physics US5.closed_partition_blocks_walk_and_jump PASS
OMDB_CASE physics US5.room5.empty_bypass_blocked.2.-5.6 PASS
OMDB_CASE physics US5.full_spike_width_lethal PASS
OMDB_CASE physics US5.room5.empty_bypass_blocked.2.0.0 PASS
OMDB_CASE physics US5.full_spike_width_lethal PASS
OMDB_CASE physics US5.room5.empty_bypass_blocked.2.5.6 PASS
OMDB_CASE physics US5.full_spike_width_lethal PASS
OMDB_CASE physics US5.isolated_Exit_blocked.room5.-5.6 PASS
OMDB_CASE physics US5.closed_partition_blocks_walk_and_jump PASS
OMDB_CASE physics US5.isolated_Exit_blocked.room5.0.0 PASS
OMDB_CASE physics US5.closed_partition_blocks_walk_and_jump PASS
OMDB_CASE physics US5.isolated_Exit_blocked.room5.5.6 PASS
OMDB_CASE physics US5.closed_partition_blocks_walk_and_jump PASS
OMDB_CASE physics US5.isolated_Saw_blocked.room5.-5.6 PASS
OMDB_CASE physics US5.closed_partition_blocks_walk_and_jump PASS
OMDB_CASE physics US5.isolated_Saw_blocked.room5.0.0 PASS
OMDB_CASE physics US5.combined_active_saw_blocks_jump PASS
OMDB_CASE physics US5.isolated_Saw_blocked.room5.5.6 PASS
OMDB_CASE physics US5.closed_partition_blocks_walk_and_jump PASS
OMDB_CASE physics US5.room6.empty_bypass_blocked.2.-5.6 PASS
OMDB_CASE physics US5.full_spike_width_lethal PASS
OMDB_CASE physics US5.room6.empty_bypass_blocked.2.0.0 PASS
OMDB_CASE physics US5.full_spike_width_lethal PASS
OMDB_CASE physics US5.room6.empty_bypass_blocked.2.5.6 PASS
OMDB_CASE physics US5.full_spike_width_lethal PASS
OMDB_CASE physics US5.isolated_Exit_blocked.room6.-5.6 PASS
OMDB_CASE physics US5.closed_partition_blocks_walk_and_jump PASS
OMDB_CASE physics US5.isolated_Exit_blocked.room6.2.5 PASS
OMDB_CASE physics US5.closed_partition_blocks_walk_and_jump PASS
OMDB_CASE physics US5.isolated_Exit_blocked.room6.5.6 PASS
OMDB_CASE physics US5.closed_partition_blocks_walk_and_jump PASS
OMDB_CASE physics US5.isolated_Saw_blocked.room6.-5.6 PASS
OMDB_CASE physics US5.closed_partition_blocks_walk_and_jump PASS
OMDB_CASE physics US5.isolated_Saw_blocked.room6.0.0 PASS
OMDB_CASE physics US5.combined_active_saw_blocks_jump PASS
OMDB_CASE physics US5.isolated_Saw_blocked.room6.5.6 PASS
OMDB_CASE physics US5.closed_partition_blocks_walk_and_jump PASS
OMDB_CASE physics US5.room2.empty_bypass_blocked.3.-5.6 PASS
OMDB_CASE physics US5.solid_gate_prevents_walkaround PASS
OMDB_CASE physics US5.room2.empty_bypass_blocked.3.0.0 PASS
OMDB_CASE physics US5.solid_gate_prevents_walkaround PASS
OMDB_CASE physics US5.room2.empty_bypass_blocked.3.5.6 PASS
OMDB_CASE physics US5.solid_gate_prevents_walkaround PASS
OMDB_CASE physics US5.isolated_Exit_blocked.room2.-5.6 PASS
OMDB_CASE physics US5.closed_partition_blocks_walk_and_jump PASS
OMDB_CASE physics US5.isolated_Exit_blocked.room2.0.0 PASS
OMDB_CASE physics US5.closed_partition_blocks_walk_and_jump PASS
OMDB_CASE physics US5.isolated_Exit_blocked.room2.5.6 PASS
OMDB_CASE physics US5.closed_partition_blocks_walk_and_jump PASS
OMDB_CASE physics US5.room3.empty_bypass_blocked.3.-5.6 PASS
OMDB_CASE physics US5.solid_gate_prevents_walkaround PASS
OMDB_CASE physics US5.room3.empty_bypass_blocked.3.0.0 PASS
OMDB_CASE physics US5.active_saw_jump_lethal PASS
OMDB_CASE physics US5.room3.empty_bypass_blocked.3.5.6 PASS
OMDB_CASE physics US5.solid_gate_prevents_walkaround PASS
OMDB_CASE physics US5.room4.empty_bypass_blocked.3.-5.6 PASS
OMDB_CASE physics US5.full_spike_width_lethal PASS
OMDB_CASE physics US5.room4.empty_bypass_blocked.3.0.0 PASS
OMDB_CASE physics US5.full_spike_width_lethal PASS
OMDB_CASE physics US5.room4.empty_bypass_blocked.3.5.6 PASS
OMDB_CASE physics US5.full_spike_width_lethal PASS
OMDB_CASE physics US5.isolated_Exit_blocked.room4.-5.6 PASS
OMDB_CASE physics US5.closed_partition_blocks_walk_and_jump PASS
OMDB_CASE physics US5.isolated_Exit_blocked.room4.0.0 PASS
OMDB_CASE physics US5.closed_partition_blocks_walk_and_jump PASS
OMDB_CASE physics US5.isolated_Exit_blocked.room4.5.6 PASS
OMDB_CASE physics US5.closed_partition_blocks_walk_and_jump PASS
OMDB_CASE physics US5.room5.empty_bypass_blocked.3.-5.6 PASS
OMDB_CASE physics US5.full_spike_width_lethal PASS
OMDB_CASE physics US5.room5.empty_bypass_blocked.3.0.0 PASS
OMDB_CASE physics US5.full_spike_width_lethal PASS
OMDB_CASE physics US5.room5.empty_bypass_blocked.3.5.6 PASS
OMDB_CASE physics US5.full_spike_width_lethal PASS
OMDB_CASE physics US5.isolated_Exit_blocked.room5.-5.6 PASS
OMDB_CASE physics US5.closed_partition_blocks_walk_and_jump PASS
OMDB_CASE physics US5.isolated_Exit_blocked.room5.0.0 PASS
OMDB_CASE physics US5.closed_partition_blocks_walk_and_jump PASS
OMDB_CASE physics US5.isolated_Exit_blocked.room5.5.6 PASS
OMDB_CASE physics US5.closed_partition_blocks_walk_and_jump PASS
OMDB_CASE physics US5.isolated_Saw_blocked.room5.-5.6 PASS
OMDB_CASE physics US5.closed_partition_blocks_walk_and_jump PASS
OMDB_CASE physics US5.isolated_Saw_blocked.room5.0.0 PASS
OMDB_CASE physics US5.combined_active_saw_blocks_jump PASS
OMDB_CASE physics US5.isolated_Saw_blocked.room5.5.6 PASS
OMDB_CASE physics US5.closed_partition_blocks_walk_and_jump PASS
OMDB_CASE physics US5.room6.empty_bypass_blocked.3.-5.6 PASS
OMDB_CASE physics US5.full_spike_width_lethal PASS
OMDB_CASE physics US5.room6.empty_bypass_blocked.3.0.0 PASS
OMDB_CASE physics US5.full_spike_width_lethal PASS
OMDB_CASE physics US5.room6.empty_bypass_blocked.3.5.6 PASS
OMDB_CASE physics US5.full_spike_width_lethal PASS
OMDB_CASE physics US5.isolated_Exit_blocked.room6.-5.6 PASS
OMDB_CASE physics US5.closed_partition_blocks_walk_and_jump PASS
OMDB_CASE physics US5.isolated_Exit_blocked.room6.2.5 PASS
OMDB_CASE physics US5.closed_partition_blocks_walk_and_jump PASS
OMDB_CASE physics US5.isolated_Exit_blocked.room6.5.6 PASS
OMDB_CASE physics US5.closed_partition_blocks_walk_and_jump PASS
OMDB_CASE physics US5.isolated_Saw_blocked.room6.-5.6 PASS
OMDB_CASE physics US5.closed_partition_blocks_walk_and_jump PASS
OMDB_CASE physics US5.isolated_Saw_blocked.room6.0.0 PASS
OMDB_CASE physics US5.combined_active_saw_blocks_jump PASS
OMDB_CASE physics US5.isolated_Saw_blocked.room6.5.6 PASS
OMDB_CASE physics US5.closed_partition_blocks_walk_and_jump PASS
OMDB_CASE physics US5.room2.empty_bypass_blocked.4.-5.6 PASS
OMDB_CASE physics US5.solid_gate_prevents_walkaround PASS
OMDB_CASE physics US5.room2.empty_bypass_blocked.4.0.0 PASS
OMDB_CASE physics US5.solid_gate_prevents_walkaround PASS
OMDB_CASE physics US5.room2.empty_bypass_blocked.4.5.6 PASS
OMDB_CASE physics US5.solid_gate_prevents_walkaround PASS
OMDB_CASE physics US5.isolated_Exit_blocked.room2.-5.6 PASS
OMDB_CASE physics US5.closed_partition_blocks_walk_and_jump PASS
OMDB_CASE physics US5.isolated_Exit_blocked.room2.0.0 PASS
OMDB_CASE physics US5.closed_partition_blocks_walk_and_jump PASS
OMDB_CASE physics US5.isolated_Exit_blocked.room2.5.6 PASS
OMDB_CASE physics US5.closed_partition_blocks_walk_and_jump PASS
OMDB_CASE physics US5.room3.empty_bypass_blocked.4.-5.6 PASS
OMDB_CASE physics US5.solid_gate_prevents_walkaround PASS
OMDB_CASE physics US5.room3.empty_bypass_blocked.4.0.0 PASS
OMDB_CASE physics US5.active_saw_jump_lethal PASS
OMDB_CASE physics US5.room3.empty_bypass_blocked.4.5.6 PASS
OMDB_CASE physics US5.solid_gate_prevents_walkaround PASS
OMDB_CASE physics US5.room4.empty_bypass_blocked.4.-5.6 PASS
OMDB_CASE physics US5.full_spike_width_lethal PASS
OMDB_CASE physics US5.room4.empty_bypass_blocked.4.0.0 PASS
OMDB_CASE physics US5.full_spike_width_lethal PASS
OMDB_CASE physics US5.room4.empty_bypass_blocked.4.5.6 PASS
OMDB_CASE physics US5.full_spike_width_lethal PASS
OMDB_CASE physics US5.isolated_Exit_blocked.room4.-5.6 PASS
OMDB_CASE physics US5.closed_partition_blocks_walk_and_jump PASS
OMDB_CASE physics US5.isolated_Exit_blocked.room4.0.0 PASS
OMDB_CASE physics US5.closed_partition_blocks_walk_and_jump PASS
OMDB_CASE physics US5.isolated_Exit_blocked.room4.5.6 PASS
OMDB_CASE physics US5.closed_partition_blocks_walk_and_jump PASS
OMDB_CASE physics US5.room5.empty_bypass_blocked.4.-5.6 PASS
OMDB_CASE physics US5.full_spike_width_lethal PASS
OMDB_CASE physics US5.room5.empty_bypass_blocked.4.0.0 PASS
OMDB_CASE physics US5.full_spike_width_lethal PASS
OMDB_CASE physics US5.room5.empty_bypass_blocked.4.5.6 PASS
OMDB_CASE physics US5.full_spike_width_lethal PASS
OMDB_CASE physics US5.isolated_Exit_blocked.room5.-5.6 PASS
OMDB_CASE physics US5.closed_partition_blocks_walk_and_jump PASS
OMDB_CASE physics US5.isolated_Exit_blocked.room5.0.0 PASS
OMDB_CASE physics US5.closed_partition_blocks_walk_and_jump PASS
OMDB_CASE physics US5.isolated_Exit_blocked.room5.5.6 PASS
OMDB_CASE physics US5.closed_partition_blocks_walk_and_jump PASS
OMDB_CASE physics US5.isolated_Saw_blocked.room5.-5.6 PASS
OMDB_CASE physics US5.closed_partition_blocks_walk_and_jump PASS
OMDB_CASE physics US5.isolated_Saw_blocked.room5.0.0 PASS
OMDB_CASE physics US5.combined_active_saw_blocks_jump PASS
OMDB_CASE physics US5.isolated_Saw_blocked.room5.5.6 PASS
OMDB_CASE physics US5.closed_partition_blocks_walk_and_jump PASS
OMDB_CASE physics US5.room6.empty_bypass_blocked.4.-5.6 PASS
OMDB_CASE physics US5.full_spike_width_lethal PASS
OMDB_CASE physics US5.room6.empty_bypass_blocked.4.0.0 PASS
OMDB_CASE physics US5.full_spike_width_lethal PASS
OMDB_CASE physics US5.room6.empty_bypass_blocked.4.5.6 PASS
OMDB_CASE physics US5.full_spike_width_lethal PASS
OMDB_CASE physics US5.isolated_Exit_blocked.room6.-5.6 PASS
OMDB_CASE physics US5.closed_partition_blocks_walk_and_jump PASS
OMDB_CASE physics US5.isolated_Exit_blocked.room6.2.5 PASS
OMDB_CASE physics US5.closed_partition_blocks_walk_and_jump PASS
OMDB_CASE physics US5.isolated_Exit_blocked.room6.5.6 PASS
OMDB_CASE physics US5.closed_partition_blocks_walk_and_jump PASS
OMDB_CASE physics US5.isolated_Saw_blocked.room6.-5.6 PASS
OMDB_CASE physics US5.closed_partition_blocks_walk_and_jump PASS
OMDB_CASE physics US5.isolated_Saw_blocked.room6.0.0 PASS
OMDB_CASE physics US5.combined_active_saw_blocks_jump PASS
OMDB_CASE physics US5.isolated_Saw_blocked.room6.5.6 PASS
OMDB_CASE physics US5.closed_partition_blocks_walk_and_jump PASS
OMDB_CASE physics US5.room2.empty_bypass_blocked.5.-5.6 PASS
OMDB_CASE physics US5.solid_gate_prevents_walkaround PASS
OMDB_CASE physics US5.room2.empty_bypass_blocked.5.0.0 PASS
OMDB_CASE physics US5.solid_gate_prevents_walkaround PASS
OMDB_CASE physics US5.room2.empty_bypass_blocked.5.5.6 PASS
OMDB_CASE physics US5.solid_gate_prevents_walkaround PASS
OMDB_CASE physics US5.isolated_Exit_blocked.room2.-5.6 PASS
OMDB_CASE physics US5.closed_partition_blocks_walk_and_jump PASS
OMDB_CASE physics US5.isolated_Exit_blocked.room2.0.0 PASS
OMDB_CASE physics US5.closed_partition_blocks_walk_and_jump PASS
OMDB_CASE physics US5.isolated_Exit_blocked.room2.5.6 PASS
OMDB_CASE physics US5.closed_partition_blocks_walk_and_jump PASS
OMDB_CASE physics US5.room3.empty_bypass_blocked.5.-5.6 PASS
OMDB_CASE physics US5.solid_gate_prevents_walkaround PASS
OMDB_CASE physics US5.room3.empty_bypass_blocked.5.0.0 PASS
OMDB_CASE physics US5.active_saw_jump_lethal PASS
OMDB_CASE physics US5.room3.empty_bypass_blocked.5.5.6 PASS
OMDB_CASE physics US5.solid_gate_prevents_walkaround PASS
OMDB_CASE physics US5.room4.empty_bypass_blocked.5.-5.6 PASS
OMDB_CASE physics US5.full_spike_width_lethal PASS
OMDB_CASE physics US5.room4.empty_bypass_blocked.5.0.0 PASS
OMDB_CASE physics US5.full_spike_width_lethal PASS
OMDB_CASE physics US5.room4.empty_bypass_blocked.5.5.6 PASS
OMDB_CASE physics US5.full_spike_width_lethal PASS
OMDB_CASE physics US5.isolated_Exit_blocked.room4.-5.6 PASS
OMDB_CASE physics US5.closed_partition_blocks_walk_and_jump PASS
OMDB_CASE physics US5.isolated_Exit_blocked.room4.0.0 PASS
OMDB_CASE physics US5.closed_partition_blocks_walk_and_jump PASS
OMDB_CASE physics US5.isolated_Exit_blocked.room4.5.6 PASS
OMDB_CASE physics US5.closed_partition_blocks_walk_and_jump PASS
OMDB_CASE physics US5.room5.empty_bypass_blocked.5.-5.6 PASS
OMDB_CASE physics US5.full_spike_width_lethal PASS
OMDB_CASE physics US5.room5.empty_bypass_blocked.5.0.0 PASS
OMDB_CASE physics US5.full_spike_width_lethal PASS
OMDB_CASE physics US5.room5.empty_bypass_blocked.5.5.6 PASS
OMDB_CASE physics US5.full_spike_width_lethal PASS
OMDB_CASE physics US5.isolated_Exit_blocked.room5.-5.6 PASS
OMDB_CASE physics US5.closed_partition_blocks_walk_and_jump PASS
OMDB_CASE physics US5.isolated_Exit_blocked.room5.0.0 PASS
OMDB_CASE physics US5.closed_partition_blocks_walk_and_jump PASS
OMDB_CASE physics US5.isolated_Exit_blocked.room5.5.6 PASS
OMDB_CASE physics US5.closed_partition_blocks_walk_and_jump PASS
OMDB_CASE physics US5.isolated_Saw_blocked.room5.-5.6 PASS
OMDB_CASE physics US5.closed_partition_blocks_walk_and_jump PASS
OMDB_CASE physics US5.isolated_Saw_blocked.room5.0.0 PASS
OMDB_CASE physics US5.combined_active_saw_blocks_jump PASS
OMDB_CASE physics US5.isolated_Saw_blocked.room5.5.6 PASS
OMDB_CASE physics US5.closed_partition_blocks_walk_and_jump PASS
OMDB_CASE physics US5.room6.empty_bypass_blocked.5.-5.6 PASS
OMDB_CASE physics US5.full_spike_width_lethal PASS
OMDB_CASE physics US5.room6.empty_bypass_blocked.5.0.0 PASS
OMDB_CASE physics US5.full_spike_width_lethal PASS
OMDB_CASE physics US5.room6.empty_bypass_blocked.5.5.6 PASS
OMDB_CASE physics US5.full_spike_width_lethal PASS
OMDB_CASE physics US5.isolated_Exit_blocked.room6.-5.6 PASS
OMDB_CASE physics US5.closed_partition_blocks_walk_and_jump PASS
OMDB_CASE physics US5.isolated_Exit_blocked.room6.2.5 PASS
OMDB_CASE physics US5.closed_partition_blocks_walk_and_jump PASS
OMDB_CASE physics US5.isolated_Exit_blocked.room6.5.6 PASS
OMDB_CASE physics US5.closed_partition_blocks_walk_and_jump PASS
OMDB_CASE physics US5.isolated_Saw_blocked.room6.-5.6 PASS
OMDB_CASE physics US5.closed_partition_blocks_walk_and_jump PASS
OMDB_CASE physics US5.isolated_Saw_blocked.room6.0.0 PASS
OMDB_CASE physics US5.combined_active_saw_blocks_jump PASS
OMDB_CASE physics US5.isolated_Saw_blocked.room6.5.6 PASS
OMDB_CASE physics US5.closed_partition_blocks_walk_and_jump PASS
OMDB_CASE physics US5.room2.empty_bypass_blocked.6.-5.6 PASS
OMDB_CASE physics US5.solid_gate_prevents_walkaround PASS
OMDB_CASE physics US5.room2.empty_bypass_blocked.6.0.0 PASS
OMDB_CASE physics US5.solid_gate_prevents_walkaround PASS
OMDB_CASE physics US5.room2.empty_bypass_blocked.6.5.6 PASS
OMDB_CASE physics US5.solid_gate_prevents_walkaround PASS
OMDB_CASE physics US5.isolated_Exit_blocked.room2.-5.6 PASS
OMDB_CASE physics US5.closed_partition_blocks_walk_and_jump PASS
OMDB_CASE physics US5.isolated_Exit_blocked.room2.0.0 PASS
OMDB_CASE physics US5.closed_partition_blocks_walk_and_jump PASS
OMDB_CASE physics US5.isolated_Exit_blocked.room2.5.6 PASS
OMDB_CASE physics US5.closed_partition_blocks_walk_and_jump PASS
OMDB_CASE physics US5.room3.empty_bypass_blocked.6.-5.6 PASS
OMDB_CASE physics US5.solid_gate_prevents_walkaround PASS
OMDB_CASE physics US5.room3.empty_bypass_blocked.6.0.0 PASS
OMDB_CASE physics US5.active_saw_jump_lethal PASS
OMDB_CASE physics US5.room3.empty_bypass_blocked.6.5.6 PASS
OMDB_CASE physics US5.solid_gate_prevents_walkaround PASS
OMDB_CASE physics US5.room4.empty_bypass_blocked.6.-5.6 PASS
OMDB_CASE physics US5.full_spike_width_lethal PASS
OMDB_CASE physics US5.room4.empty_bypass_blocked.6.0.0 PASS
OMDB_CASE physics US5.full_spike_width_lethal PASS
OMDB_CASE physics US5.room4.empty_bypass_blocked.6.5.6 PASS
OMDB_CASE physics US5.full_spike_width_lethal PASS
OMDB_CASE physics US5.isolated_Exit_blocked.room4.-5.6 PASS
OMDB_CASE physics US5.closed_partition_blocks_walk_and_jump PASS
OMDB_CASE physics US5.isolated_Exit_blocked.room4.0.0 PASS
OMDB_CASE physics US5.closed_partition_blocks_walk_and_jump PASS
OMDB_CASE physics US5.isolated_Exit_blocked.room4.5.6 PASS
OMDB_CASE physics US5.closed_partition_blocks_walk_and_jump PASS
OMDB_CASE physics US5.room5.empty_bypass_blocked.6.-5.6 PASS
OMDB_CASE physics US5.full_spike_width_lethal PASS
OMDB_CASE physics US5.room5.empty_bypass_blocked.6.0.0 PASS
OMDB_CASE physics US5.full_spike_width_lethal PASS
OMDB_CASE physics US5.room5.empty_bypass_blocked.6.5.6 PASS
OMDB_CASE physics US5.full_spike_width_lethal PASS
OMDB_CASE physics US5.isolated_Exit_blocked.room5.-5.6 PASS
OMDB_CASE physics US5.closed_partition_blocks_walk_and_jump PASS
OMDB_CASE physics US5.isolated_Exit_blocked.room5.0.0 PASS
OMDB_CASE physics US5.closed_partition_blocks_walk_and_jump PASS
OMDB_CASE physics US5.isolated_Exit_blocked.room5.5.6 PASS
OMDB_CASE physics US5.closed_partition_blocks_walk_and_jump PASS
OMDB_CASE physics US5.isolated_Saw_blocked.room5.-5.6 PASS
OMDB_CASE physics US5.closed_partition_blocks_walk_and_jump PASS
OMDB_CASE physics US5.isolated_Saw_blocked.room5.0.0 PASS
OMDB_CASE physics US5.combined_active_saw_blocks_jump PASS
OMDB_CASE physics US5.isolated_Saw_blocked.room5.5.6 PASS
OMDB_CASE physics US5.closed_partition_blocks_walk_and_jump PASS
OMDB_CASE physics US5.room6.empty_bypass_blocked.6.-5.6 PASS
OMDB_CASE physics US5.full_spike_width_lethal PASS
OMDB_CASE physics US5.room6.empty_bypass_blocked.6.0.0 PASS
OMDB_CASE physics US5.full_spike_width_lethal PASS
OMDB_CASE physics US5.room6.empty_bypass_blocked.6.5.6 PASS
OMDB_CASE physics US5.full_spike_width_lethal PASS
OMDB_CASE physics US5.isolated_Exit_blocked.room6.-5.6 PASS
OMDB_CASE physics US5.closed_partition_blocks_walk_and_jump PASS
OMDB_CASE physics US5.isolated_Exit_blocked.room6.2.5 PASS
OMDB_CASE physics US5.closed_partition_blocks_walk_and_jump PASS
OMDB_CASE physics US5.isolated_Exit_blocked.room6.5.6 PASS
OMDB_CASE physics US5.closed_partition_blocks_walk_and_jump PASS
OMDB_CASE physics US5.isolated_Saw_blocked.room6.-5.6 PASS
OMDB_CASE physics US5.closed_partition_blocks_walk_and_jump PASS
OMDB_CASE physics US5.isolated_Saw_blocked.room6.0.0 PASS
OMDB_CASE physics US5.combined_active_saw_blocks_jump PASS
OMDB_CASE physics US5.isolated_Saw_blocked.room6.5.6 PASS
OMDB_CASE physics US5.closed_partition_blocks_walk_and_jump PASS
OMDB_CASE physics US5.room2.empty_bypass_blocked.7.-5.6 PASS
OMDB_CASE physics US5.solid_gate_prevents_walkaround PASS
OMDB_CASE physics US5.room2.empty_bypass_blocked.7.0.0 PASS
OMDB_CASE physics US5.solid_gate_prevents_walkaround PASS
OMDB_CASE physics US5.room2.empty_bypass_blocked.7.5.6 PASS
OMDB_CASE physics US5.solid_gate_prevents_walkaround PASS
OMDB_CASE physics US5.isolated_Exit_blocked.room2.-5.6 PASS
OMDB_CASE physics US5.closed_partition_blocks_walk_and_jump PASS
OMDB_CASE physics US5.isolated_Exit_blocked.room2.0.0 PASS
OMDB_CASE physics US5.closed_partition_blocks_walk_and_jump PASS
OMDB_CASE physics US5.isolated_Exit_blocked.room2.5.6 PASS
OMDB_CASE physics US5.closed_partition_blocks_walk_and_jump PASS
OMDB_CASE physics US5.room3.empty_bypass_blocked.7.-5.6 PASS
OMDB_CASE physics US5.solid_gate_prevents_walkaround PASS
OMDB_CASE physics US5.room3.empty_bypass_blocked.7.0.0 PASS
OMDB_CASE physics US5.active_saw_jump_lethal PASS
OMDB_CASE physics US5.room3.empty_bypass_blocked.7.5.6 PASS
OMDB_CASE physics US5.solid_gate_prevents_walkaround PASS
OMDB_CASE physics US5.room4.empty_bypass_blocked.7.-5.6 PASS
OMDB_CASE physics US5.full_spike_width_lethal PASS
OMDB_CASE physics US5.room4.empty_bypass_blocked.7.0.0 PASS
OMDB_CASE physics US5.full_spike_width_lethal PASS
OMDB_CASE physics US5.room4.empty_bypass_blocked.7.5.6 PASS
OMDB_CASE physics US5.full_spike_width_lethal PASS
OMDB_CASE physics US5.isolated_Exit_blocked.room4.-5.6 PASS
OMDB_CASE physics US5.closed_partition_blocks_walk_and_jump PASS
OMDB_CASE physics US5.isolated_Exit_blocked.room4.0.0 PASS
OMDB_CASE physics US5.closed_partition_blocks_walk_and_jump PASS
OMDB_CASE physics US5.isolated_Exit_blocked.room4.5.6 PASS
OMDB_CASE physics US5.closed_partition_blocks_walk_and_jump PASS
OMDB_CASE physics US5.room5.empty_bypass_blocked.7.-5.6 PASS
OMDB_CASE physics US5.full_spike_width_lethal PASS
OMDB_CASE physics US5.room5.empty_bypass_blocked.7.0.0 PASS
OMDB_CASE physics US5.full_spike_width_lethal PASS
OMDB_CASE physics US5.room5.empty_bypass_blocked.7.5.6 PASS
OMDB_CASE physics US5.full_spike_width_lethal PASS
OMDB_CASE physics US5.isolated_Exit_blocked.room5.-5.6 PASS
OMDB_CASE physics US5.closed_partition_blocks_walk_and_jump PASS
OMDB_CASE physics US5.isolated_Exit_blocked.room5.0.0 PASS
OMDB_CASE physics US5.closed_partition_blocks_walk_and_jump PASS
OMDB_CASE physics US5.isolated_Exit_blocked.room5.5.6 PASS
OMDB_CASE physics US5.closed_partition_blocks_walk_and_jump PASS
OMDB_CASE physics US5.isolated_Saw_blocked.room5.-5.6 PASS
OMDB_CASE physics US5.closed_partition_blocks_walk_and_jump PASS
OMDB_CASE physics US5.isolated_Saw_blocked.room5.0.0 PASS
OMDB_CASE physics US5.combined_active_saw_blocks_jump PASS
OMDB_CASE physics US5.isolated_Saw_blocked.room5.5.6 PASS
OMDB_CASE physics US5.closed_partition_blocks_walk_and_jump PASS
OMDB_CASE physics US5.room6.empty_bypass_blocked.7.-5.6 PASS
OMDB_CASE physics US5.full_spike_width_lethal PASS
OMDB_CASE physics US5.room6.empty_bypass_blocked.7.0.0 PASS
OMDB_CASE physics US5.full_spike_width_lethal PASS
OMDB_CASE physics US5.room6.empty_bypass_blocked.7.5.6 PASS
OMDB_CASE physics US5.full_spike_width_lethal PASS
OMDB_CASE physics US5.isolated_Exit_blocked.room6.-5.6 PASS
OMDB_CASE physics US5.closed_partition_blocks_walk_and_jump PASS
OMDB_CASE physics US5.isolated_Exit_blocked.room6.2.5 PASS
OMDB_CASE physics US5.closed_partition_blocks_walk_and_jump PASS
OMDB_CASE physics US5.isolated_Exit_blocked.room6.5.6 PASS
OMDB_CASE physics US5.closed_partition_blocks_walk_and_jump PASS
OMDB_CASE physics US5.isolated_Saw_blocked.room6.-5.6 PASS
OMDB_CASE physics US5.closed_partition_blocks_walk_and_jump PASS
OMDB_CASE physics US5.isolated_Saw_blocked.room6.0.0 PASS
OMDB_CASE physics US5.combined_active_saw_blocks_jump PASS
OMDB_CASE physics US5.isolated_Saw_blocked.room6.5.6 PASS
OMDB_CASE physics US5.closed_partition_blocks_walk_and_jump PASS
OMDB_CASE physics US5.room2.empty_bypass_blocked.8.-5.6 PASS
OMDB_CASE physics US5.solid_gate_prevents_walkaround PASS
OMDB_CASE physics US5.room2.empty_bypass_blocked.8.0.0 PASS
OMDB_CASE physics US5.solid_gate_prevents_walkaround PASS
OMDB_CASE physics US5.room2.empty_bypass_blocked.8.5.6 PASS
OMDB_CASE physics US5.solid_gate_prevents_walkaround PASS
OMDB_CASE physics US5.isolated_Exit_blocked.room2.-5.6 PASS
OMDB_CASE physics US5.closed_partition_blocks_walk_and_jump PASS
OMDB_CASE physics US5.isolated_Exit_blocked.room2.0.0 PASS
OMDB_CASE physics US5.closed_partition_blocks_walk_and_jump PASS
OMDB_CASE physics US5.isolated_Exit_blocked.room2.5.6 PASS
OMDB_CASE physics US5.closed_partition_blocks_walk_and_jump PASS
OMDB_CASE physics US5.room3.empty_bypass_blocked.8.-5.6 PASS
OMDB_CASE physics US5.solid_gate_prevents_walkaround PASS
OMDB_CASE physics US5.room3.empty_bypass_blocked.8.0.0 PASS
OMDB_CASE physics US5.active_saw_jump_lethal PASS
OMDB_CASE physics US5.room3.empty_bypass_blocked.8.5.6 PASS
OMDB_CASE physics US5.solid_gate_prevents_walkaround PASS
OMDB_CASE physics US5.room4.empty_bypass_blocked.8.-5.6 PASS
OMDB_CASE physics US5.full_spike_width_lethal PASS
OMDB_CASE physics US5.room4.empty_bypass_blocked.8.0.0 PASS
OMDB_CASE physics US5.full_spike_width_lethal PASS
OMDB_CASE physics US5.room4.empty_bypass_blocked.8.5.6 PASS
OMDB_CASE physics US5.full_spike_width_lethal PASS
OMDB_CASE physics US5.isolated_Exit_blocked.room4.-5.6 PASS
OMDB_CASE physics US5.closed_partition_blocks_walk_and_jump PASS
OMDB_CASE physics US5.isolated_Exit_blocked.room4.0.0 PASS
OMDB_CASE physics US5.closed_partition_blocks_walk_and_jump PASS
OMDB_CASE physics US5.isolated_Exit_blocked.room4.5.6 PASS
OMDB_CASE physics US5.closed_partition_blocks_walk_and_jump PASS
OMDB_CASE physics US5.room5.empty_bypass_blocked.8.-5.6 PASS
OMDB_CASE physics US5.full_spike_width_lethal PASS
OMDB_CASE physics US5.room5.empty_bypass_blocked.8.0.0 PASS
OMDB_CASE physics US5.full_spike_width_lethal PASS
OMDB_CASE physics US5.room5.empty_bypass_blocked.8.5.6 PASS
OMDB_CASE physics US5.full_spike_width_lethal PASS
OMDB_CASE physics US5.isolated_Exit_blocked.room5.-5.6 PASS
OMDB_CASE physics US5.closed_partition_blocks_walk_and_jump PASS
OMDB_CASE physics US5.isolated_Exit_blocked.room5.0.0 PASS
OMDB_CASE physics US5.closed_partition_blocks_walk_and_jump PASS
OMDB_CASE physics US5.isolated_Exit_blocked.room5.5.6 PASS
OMDB_CASE physics US5.closed_partition_blocks_walk_and_jump PASS
OMDB_CASE physics US5.isolated_Saw_blocked.room5.-5.6 PASS
OMDB_CASE physics US5.closed_partition_blocks_walk_and_jump PASS
OMDB_CASE physics US5.isolated_Saw_blocked.room5.0.0 PASS
OMDB_CASE physics US5.combined_active_saw_blocks_jump PASS
OMDB_CASE physics US5.isolated_Saw_blocked.room5.5.6 PASS
OMDB_CASE physics US5.closed_partition_blocks_walk_and_jump PASS
OMDB_CASE physics US5.room6.empty_bypass_blocked.8.-5.6 PASS
OMDB_CASE physics US5.full_spike_width_lethal PASS
OMDB_CASE physics US5.room6.empty_bypass_blocked.8.0.0 PASS
OMDB_CASE physics US5.full_spike_width_lethal PASS
OMDB_CASE physics US5.room6.empty_bypass_blocked.8.5.6 PASS
OMDB_CASE physics US5.full_spike_width_lethal PASS
OMDB_CASE physics US5.isolated_Exit_blocked.room6.-5.6 PASS
OMDB_CASE physics US5.closed_partition_blocks_walk_and_jump PASS
OMDB_CASE physics US5.isolated_Exit_blocked.room6.2.5 PASS
OMDB_CASE physics US5.closed_partition_blocks_walk_and_jump PASS
OMDB_CASE physics US5.isolated_Exit_blocked.room6.5.6 PASS
OMDB_CASE physics US5.closed_partition_blocks_walk_and_jump PASS
OMDB_CASE physics US5.isolated_Saw_blocked.room6.-5.6 PASS
OMDB_CASE physics US5.closed_partition_blocks_walk_and_jump PASS
OMDB_CASE physics US5.isolated_Saw_blocked.room6.0.0 PASS
OMDB_CASE physics US5.combined_active_saw_blocks_jump PASS
OMDB_CASE physics US5.isolated_Saw_blocked.room6.5.6 PASS
OMDB_CASE physics US5.closed_partition_blocks_walk_and_jump PASS
OMDB_CASE physics US5.room2.empty_bypass_blocked.9.-5.6 PASS
OMDB_CASE physics US5.solid_gate_prevents_walkaround PASS
OMDB_CASE physics US5.room2.empty_bypass_blocked.9.0.0 PASS
OMDB_CASE physics US5.solid_gate_prevents_walkaround PASS
OMDB_CASE physics US5.room2.empty_bypass_blocked.9.5.6 PASS
OMDB_CASE physics US5.solid_gate_prevents_walkaround PASS
OMDB_CASE physics US5.isolated_Exit_blocked.room2.-5.6 PASS
OMDB_CASE physics US5.closed_partition_blocks_walk_and_jump PASS
OMDB_CASE physics US5.isolated_Exit_blocked.room2.0.0 PASS
OMDB_CASE physics US5.closed_partition_blocks_walk_and_jump PASS
OMDB_CASE physics US5.isolated_Exit_blocked.room2.5.6 PASS
OMDB_CASE physics US5.closed_partition_blocks_walk_and_jump PASS
OMDB_CASE physics US5.room3.empty_bypass_blocked.9.-5.6 PASS
OMDB_CASE physics US5.solid_gate_prevents_walkaround PASS
OMDB_CASE physics US5.room3.empty_bypass_blocked.9.0.0 PASS
OMDB_CASE physics US5.active_saw_jump_lethal PASS
OMDB_CASE physics US5.room3.empty_bypass_blocked.9.5.6 PASS
OMDB_CASE physics US5.solid_gate_prevents_walkaround PASS
OMDB_CASE physics US5.room4.empty_bypass_blocked.9.-5.6 PASS
OMDB_CASE physics US5.full_spike_width_lethal PASS
OMDB_CASE physics US5.room4.empty_bypass_blocked.9.0.0 PASS
OMDB_CASE physics US5.full_spike_width_lethal PASS
OMDB_CASE physics US5.room4.empty_bypass_blocked.9.5.6 PASS
OMDB_CASE physics US5.full_spike_width_lethal PASS
OMDB_CASE physics US5.isolated_Exit_blocked.room4.-5.6 PASS
OMDB_CASE physics US5.closed_partition_blocks_walk_and_jump PASS
OMDB_CASE physics US5.isolated_Exit_blocked.room4.0.0 PASS
OMDB_CASE physics US5.closed_partition_blocks_walk_and_jump PASS
OMDB_CASE physics US5.isolated_Exit_blocked.room4.5.6 PASS
OMDB_CASE physics US5.closed_partition_blocks_walk_and_jump PASS
OMDB_CASE physics US5.room5.empty_bypass_blocked.9.-5.6 PASS
OMDB_CASE physics US5.full_spike_width_lethal PASS
OMDB_CASE physics US5.room5.empty_bypass_blocked.9.0.0 PASS
OMDB_CASE physics US5.full_spike_width_lethal PASS
OMDB_CASE physics US5.room5.empty_bypass_blocked.9.5.6 PASS
OMDB_CASE physics US5.full_spike_width_lethal PASS
OMDB_CASE physics US5.isolated_Exit_blocked.room5.-5.6 PASS
OMDB_CASE physics US5.closed_partition_blocks_walk_and_jump PASS
OMDB_CASE physics US5.isolated_Exit_blocked.room5.0.0 PASS
OMDB_CASE physics US5.closed_partition_blocks_walk_and_jump PASS
OMDB_CASE physics US5.isolated_Exit_blocked.room5.5.6 PASS
OMDB_CASE physics US5.closed_partition_blocks_walk_and_jump PASS
OMDB_CASE physics US5.isolated_Saw_blocked.room5.-5.6 PASS
OMDB_CASE physics US5.closed_partition_blocks_walk_and_jump PASS
OMDB_CASE physics US5.isolated_Saw_blocked.room5.0.0 PASS
OMDB_CASE physics US5.combined_active_saw_blocks_jump PASS
OMDB_CASE physics US5.isolated_Saw_blocked.room5.5.6 PASS
OMDB_CASE physics US5.closed_partition_blocks_walk_and_jump PASS
OMDB_CASE physics US5.room6.empty_bypass_blocked.9.-5.6 PASS
OMDB_CASE physics US5.full_spike_width_lethal PASS
OMDB_CASE physics US5.room6.empty_bypass_blocked.9.0.0 PASS
OMDB_CASE physics US5.full_spike_width_lethal PASS
OMDB_CASE physics US5.room6.empty_bypass_blocked.9.5.6 PASS
OMDB_CASE physics US5.full_spike_width_lethal PASS
OMDB_CASE physics US5.isolated_Exit_blocked.room6.-5.6 PASS
OMDB_CASE physics US5.closed_partition_blocks_walk_and_jump PASS
OMDB_CASE physics US5.isolated_Exit_blocked.room6.2.5 PASS
OMDB_CASE physics US5.closed_partition_blocks_walk_and_jump PASS
OMDB_CASE physics US5.isolated_Exit_blocked.room6.5.6 PASS
OMDB_CASE physics US5.closed_partition_blocks_walk_and_jump PASS
OMDB_CASE physics US5.isolated_Saw_blocked.room6.-5.6 PASS
OMDB_CASE physics US5.closed_partition_blocks_walk_and_jump PASS
OMDB_CASE physics US5.isolated_Saw_blocked.room6.0.0 PASS
OMDB_CASE physics US5.combined_active_saw_blocks_jump PASS
OMDB_CASE physics US5.isolated_Saw_blocked.room6.5.6 PASS
OMDB_CASE physics US5.closed_partition_blocks_walk_and_jump PASS
OMDB_CASE physics US5.walkthrough_single_live_contribution PASS
OMDB_CASE physics US5.walkthrough_remote_weight_needed PASS
OMDB_CASE physics US5.walkthrough_real_supply PASS
OMDB_CASE physics US5.walkthrough_real_pickup PASS
OMDB_CASE physics US5.walkthrough_preview.room_02.VALID PASS
OMDB_CASE physics US5.walkthrough_release PASS
OMDB_CASE physics US5.walkthrough_real_supply PASS
OMDB_CASE physics US5.walkthrough_real_pickup PASS
OMDB_CASE physics US5.walkthrough_preview.room_02.VALID PASS
OMDB_CASE physics US5.walkthrough_release PASS
OMDB_CASE physics US5.walkthrough_remote_plate PASS
OMDB_CASE physics US5.walkthrough_fresh_solution.2.0 PASS
OMDB_CASE physics US5.walkthrough_exact_intended_budget PASS
OMDB_SOLUTION room_02 trial=0 ticks=1104 retained=2 created=2 poses=[(-1.950056, 0.345, 3.432781), (-0.050051, 0.345, 3.4389)]
OMDB_CASE physics US5.walkthrough_safe_saw_retrieval PASS
OMDB_CASE physics US5.walkthrough_preview.room_03.VALID PASS
OMDB_CASE physics US5.walkthrough_release PASS
OMDB_CASE physics US5.walkthrough_fresh_solution.3.0 PASS
OMDB_CASE physics US5.walkthrough_exact_intended_budget PASS
OMDB_SOLUTION room_03 trial=0 ticks=387 retained=1 created=1 poses=[(-0.062286, 0.225, 0.0)]
OMDB_CASE physics US5.walkthrough_real_supply PASS
OMDB_CASE physics US5.walkthrough_real_pickup PASS
OMDB_CASE physics US5.walkthrough_preview.room_04.VALID PASS
OMDB_CASE physics US5.walkthrough_release PASS
OMDB_CASE physics US5.walkthrough_early_body_support_shelf PASS
OMDB_CASE physics US5.walkthrough_real_supply PASS
OMDB_CASE physics US5.walkthrough_real_pickup PASS
OMDB_CASE physics US5.walkthrough_preview.room_04.VALID PASS
OMDB_CASE physics US5.walkthrough_release PASS
OMDB_CASE physics US5.walkthrough_real_supply PASS
OMDB_CASE physics US5.walkthrough_real_pickup PASS
OMDB_CASE physics US5.walkthrough_preview.room_04.VALID PASS
OMDB_CASE physics US5.walkthrough_release PASS
OMDB_CASE physics US5.walkthrough_remote_plate PASS
OMDB_CASE physics US5.walkthrough_real_supply PASS
OMDB_CASE physics US5.walkthrough_real_pickup PASS
OMDB_CASE physics US5.walkthrough_preview.room_04.VALID PASS
OMDB_CASE physics US5.walkthrough_release PASS
OMDB_CASE physics US5.walkthrough_real_supply PASS
OMDB_CASE physics US5.walkthrough_real_pickup PASS
OMDB_CASE physics US5.walkthrough_preview.room_04.VALID PASS
OMDB_CASE physics US5.walkthrough_release PASS
OMDB_CASE physics US5.walkthrough_real_supply PASS
OMDB_CASE physics US5.walkthrough_real_pickup PASS
OMDB_CASE physics US5.walkthrough_preview.room_04.VALID PASS
OMDB_CASE physics US5.walkthrough_release PASS
OMDB_CASE physics US5.walkthrough_six_creations_five_retained PASS
OMDB_CASE physics US5.walkthrough_fresh_solution.4.0 PASS
OMDB_CASE physics US5.walkthrough_exact_intended_budget PASS
OMDB_SOLUTION room_04 trial=0 ticks=3286 retained=5 created=6 poses=[(-7.950023, 0.345, 3.432508), (-6.050048, 0.345, 3.438856), (-2.696316, 0.225, -0.035517), (-0.158803, 0.225, -0.000049), (2.236357, 0.225, -0.0)]
OMDB_CASE physics US5.walkthrough_real_supply PASS
OMDB_CASE physics US5.walkthrough_real_pickup PASS
OMDB_CASE physics US5.walkthrough_preview.room_05.VALID PASS
OMDB_CASE physics US5.walkthrough_release PASS
OMDB_CASE physics US5.walkthrough_real_supply PASS
OMDB_CASE physics US5.walkthrough_real_pickup PASS
OMDB_CASE physics US5.walkthrough_preview.room_05.VALID PASS
OMDB_CASE physics US5.walkthrough_release PASS
OMDB_CASE physics US5.walkthrough_remote_plate PASS
OMDB_CASE physics US5.walkthrough_real_supply PASS
OMDB_CASE physics US5.walkthrough_real_pickup PASS
OMDB_CASE physics US5.walkthrough_preview.room_05.VALID PASS
OMDB_CASE physics US5.walkthrough_release PASS
OMDB_CASE physics US5.walkthrough_persistent_jam PASS
OMDB_CASE physics US5.walkthrough_real_supply PASS
OMDB_CASE physics US5.walkthrough_real_pickup PASS
OMDB_CASE physics US5.walkthrough_preview.room_05.VALID PASS
OMDB_CASE physics US5.walkthrough_release PASS
OMDB_CASE physics US5.walkthrough_real_supply PASS
OMDB_CASE physics US5.walkthrough_real_pickup PASS
OMDB_CASE physics US5.walkthrough_preview.room_05.VALID PASS
OMDB_CASE physics US5.walkthrough_release PASS
OMDB_CASE physics US5.walkthrough_fresh_solution.5.0 PASS
OMDB_CASE physics US5.walkthrough_exact_intended_budget PASS
OMDB_SOLUTION room_05 trial=0 ticks=2728 retained=5 created=5 poses=[(-7.950025, 0.345, 3.432508), (-6.050048, 0.345, 3.438856), (-3.054708, 0.220051, -0.038815), (-0.600998, 0.225, -0.000887), (1.941317, 0.225, -0.000001)]
OMDB_CASE physics US5.walkthrough_real_supply PASS
OMDB_CASE physics US5.walkthrough_real_pickup PASS
OMDB_CASE physics US5.walkthrough_preview.room_06.VALID PASS
OMDB_CASE physics US5.walkthrough_release PASS
OMDB_CASE physics US5.walkthrough_real_supply PASS
OMDB_CASE physics US5.walkthrough_real_pickup PASS
OMDB_CASE physics US5.walkthrough_preview.room_06.VALID PASS
OMDB_CASE physics US5.walkthrough_release PASS
OMDB_CASE physics US5.walkthrough_remote_plate PASS
OMDB_CASE physics US5.walkthrough_real_supply PASS
OMDB_CASE physics US5.walkthrough_real_pickup PASS
OMDB_CASE physics US5.walkthrough_preview.room_06.VALID PASS
OMDB_CASE physics US5.walkthrough_release PASS
OMDB_CASE physics US5.walkthrough_persistent_jam PASS
OMDB_CASE physics US5.walkthrough_real_supply PASS
OMDB_CASE physics US5.walkthrough_real_pickup PASS
OMDB_CASE physics US5.walkthrough_preview.room_06.VALID PASS
OMDB_CASE physics US5.walkthrough_release PASS
OMDB_CASE physics US5.walkthrough_real_supply PASS
OMDB_CASE physics US5.walkthrough_real_pickup PASS
OMDB_CASE physics US5.walkthrough_preview.room_06.VALID PASS
OMDB_CASE physics US5.walkthrough_release PASS
OMDB_CASE physics US5.walkthrough_fresh_solution.6.0 PASS
OMDB_CASE physics US5.walkthrough_exact_intended_budget PASS
OMDB_SOLUTION room_06 trial=0 ticks=2746 retained=5 created=5 poses=[(-7.950025, 0.345, -3.432508), (-6.050048, 0.345, -3.438856), (-3.054708, 0.220051, 0.038815), (-0.600998, 0.225, 0.000887), (1.941317, 0.225, 0.000001)]
OMDB_CASE physics US5.walkthrough_single_live_contribution PASS
OMDB_CASE physics US5.walkthrough_remote_weight_needed PASS
OMDB_CASE physics US5.walkthrough_real_supply PASS
OMDB_CASE physics US5.walkthrough_real_pickup PASS
OMDB_CASE physics US5.walkthrough_preview.room_02.VALID PASS
OMDB_CASE physics US5.walkthrough_release PASS
OMDB_CASE physics US5.walkthrough_real_supply PASS
OMDB_CASE physics US5.walkthrough_real_pickup PASS
OMDB_CASE physics US5.walkthrough_preview.room_02.VALID PASS
OMDB_CASE physics US5.walkthrough_release PASS
OMDB_CASE physics US5.walkthrough_remote_plate PASS
OMDB_CASE physics US5.walkthrough_fresh_solution.2.1 PASS
OMDB_CASE physics US5.walkthrough_exact_intended_budget PASS
OMDB_SOLUTION room_02 trial=1 ticks=1104 retained=2 created=2 poses=[(-1.950056, 0.345, 3.432781), (-0.050051, 0.345, 3.4389)]
OMDB_CASE physics US5.walkthrough_safe_saw_retrieval PASS
OMDB_CASE physics US5.walkthrough_preview.room_03.VALID PASS
OMDB_CASE physics US5.walkthrough_release PASS
OMDB_CASE physics US5.walkthrough_fresh_solution.3.1 PASS
OMDB_CASE physics US5.walkthrough_exact_intended_budget PASS
OMDB_SOLUTION room_03 trial=1 ticks=387 retained=1 created=1 poses=[(-0.062286, 0.225, 0.0)]
OMDB_CASE physics US5.walkthrough_real_supply PASS
OMDB_CASE physics US5.walkthrough_real_pickup PASS
OMDB_CASE physics US5.walkthrough_preview.room_04.VALID PASS
OMDB_CASE physics US5.walkthrough_release PASS
OMDB_CASE physics US5.walkthrough_early_body_support_shelf PASS
OMDB_CASE physics US5.walkthrough_real_supply PASS
OMDB_CASE physics US5.walkthrough_real_pickup PASS
OMDB_CASE physics US5.walkthrough_preview.room_04.VALID PASS
OMDB_CASE physics US5.walkthrough_release PASS
OMDB_CASE physics US5.walkthrough_real_supply PASS
OMDB_CASE physics US5.walkthrough_real_pickup PASS
OMDB_CASE physics US5.walkthrough_preview.room_04.VALID PASS
OMDB_CASE physics US5.walkthrough_release PASS
OMDB_CASE physics US5.walkthrough_remote_plate PASS
OMDB_CASE physics US5.walkthrough_real_supply PASS
OMDB_CASE physics US5.walkthrough_real_pickup PASS
OMDB_CASE physics US5.walkthrough_preview.room_04.VALID PASS
OMDB_CASE physics US5.walkthrough_release PASS
OMDB_CASE physics US5.walkthrough_real_supply PASS
OMDB_CASE physics US5.walkthrough_real_pickup PASS
OMDB_CASE physics US5.walkthrough_preview.room_04.VALID PASS
OMDB_CASE physics US5.walkthrough_release PASS
OMDB_CASE physics US5.walkthrough_real_supply PASS
OMDB_CASE physics US5.walkthrough_real_pickup PASS
OMDB_CASE physics US5.walkthrough_preview.room_04.VALID PASS
OMDB_CASE physics US5.walkthrough_release PASS
OMDB_CASE physics US5.walkthrough_six_creations_five_retained PASS
OMDB_CASE physics US5.walkthrough_fresh_solution.4.1 PASS
OMDB_CASE physics US5.walkthrough_exact_intended_budget PASS
OMDB_SOLUTION room_04 trial=1 ticks=3286 retained=5 created=6 poses=[(-7.950023, 0.345, 3.432508), (-6.050048, 0.345, 3.438856), (-2.696316, 0.225, -0.035517), (-0.158803, 0.225, -0.000049), (2.236357, 0.225, -0.0)]
OMDB_CASE physics US5.walkthrough_real_supply PASS
OMDB_CASE physics US5.walkthrough_real_pickup PASS
OMDB_CASE physics US5.walkthrough_preview.room_05.VALID PASS
OMDB_CASE physics US5.walkthrough_release PASS
OMDB_CASE physics US5.walkthrough_real_supply PASS
OMDB_CASE physics US5.walkthrough_real_pickup PASS
OMDB_CASE physics US5.walkthrough_preview.room_05.VALID PASS
OMDB_CASE physics US5.walkthrough_release PASS
OMDB_CASE physics US5.walkthrough_remote_plate PASS
OMDB_CASE physics US5.walkthrough_real_supply PASS
OMDB_CASE physics US5.walkthrough_real_pickup PASS
OMDB_CASE physics US5.walkthrough_preview.room_05.VALID PASS
OMDB_CASE physics US5.walkthrough_release PASS
OMDB_CASE physics US5.walkthrough_persistent_jam PASS
OMDB_CASE physics US5.walkthrough_real_supply PASS
OMDB_CASE physics US5.walkthrough_real_pickup PASS
OMDB_CASE physics US5.walkthrough_preview.room_05.VALID PASS
OMDB_CASE physics US5.walkthrough_release PASS
OMDB_CASE physics US5.walkthrough_real_supply PASS
OMDB_CASE physics US5.walkthrough_real_pickup PASS
OMDB_CASE physics US5.walkthrough_preview.room_05.VALID PASS
OMDB_CASE physics US5.walkthrough_release PASS
OMDB_CASE physics US5.walkthrough_fresh_solution.5.1 PASS
OMDB_CASE physics US5.walkthrough_exact_intended_budget PASS
OMDB_SOLUTION room_05 trial=1 ticks=2729 retained=5 created=5 poses=[(-7.950025, 0.345, 3.432508), (-6.050048, 0.345, 3.438856), (-3.053752, 0.225, -0.038815), (-0.600998, 0.225, -0.000887), (1.941317, 0.225, -0.000001)]
OMDB_CASE physics US5.walkthrough_real_supply PASS
OMDB_CASE physics US5.walkthrough_real_pickup PASS
OMDB_CASE physics US5.walkthrough_preview.room_06.VALID PASS
OMDB_CASE physics US5.walkthrough_release PASS
OMDB_CASE physics US5.walkthrough_real_supply PASS
OMDB_CASE physics US5.walkthrough_real_pickup PASS
OMDB_CASE physics US5.walkthrough_preview.room_06.VALID PASS
OMDB_CASE physics US5.walkthrough_release PASS
OMDB_CASE physics US5.walkthrough_remote_plate PASS
OMDB_CASE physics US5.walkthrough_real_supply PASS
OMDB_CASE physics US5.walkthrough_real_pickup PASS
OMDB_CASE physics US5.walkthrough_preview.room_06.VALID PASS
OMDB_CASE physics US5.walkthrough_release PASS
OMDB_CASE physics US5.walkthrough_persistent_jam PASS
OMDB_CASE physics US5.walkthrough_real_supply PASS
OMDB_CASE physics US5.walkthrough_real_pickup PASS
OMDB_CASE physics US5.walkthrough_preview.room_06.VALID PASS
OMDB_CASE physics US5.walkthrough_release PASS
OMDB_CASE physics US5.walkthrough_real_supply PASS
OMDB_CASE physics US5.walkthrough_real_pickup PASS
OMDB_CASE physics US5.walkthrough_preview.room_06.VALID PASS
OMDB_CASE physics US5.walkthrough_release PASS
OMDB_CASE physics US5.walkthrough_fresh_solution.6.1 PASS
OMDB_CASE physics US5.walkthrough_exact_intended_budget PASS
OMDB_SOLUTION room_06 trial=1 ticks=2747 retained=5 created=5 poses=[(-7.950025, 0.345, -3.432508), (-6.050048, 0.345, -3.438856), (-3.053752, 0.225, 0.038815), (-0.600998, 0.225, 0.000887), (1.941317, 0.225, 0.000001)]
OMDB_CASE physics US5.walkthrough_single_live_contribution PASS
OMDB_CASE physics US5.walkthrough_remote_weight_needed PASS
OMDB_CASE physics US5.walkthrough_real_supply PASS
OMDB_CASE physics US5.walkthrough_real_pickup PASS
OMDB_CASE physics US5.walkthrough_preview.room_02.VALID PASS
OMDB_CASE physics US5.walkthrough_release PASS
OMDB_CASE physics US5.walkthrough_real_supply PASS
OMDB_CASE physics US5.walkthrough_real_pickup PASS
OMDB_CASE physics US5.walkthrough_preview.room_02.VALID PASS
OMDB_CASE physics US5.walkthrough_release PASS
OMDB_CASE physics US5.walkthrough_remote_plate PASS
OMDB_CASE physics US5.walkthrough_fresh_solution.2.2 PASS
OMDB_CASE physics US5.walkthrough_exact_intended_budget PASS
OMDB_SOLUTION room_02 trial=2 ticks=1104 retained=2 created=2 poses=[(-1.950056, 0.345, 3.432781), (-0.050051, 0.345, 3.4389)]
OMDB_CASE physics US5.walkthrough_safe_saw_retrieval PASS
OMDB_CASE physics US5.walkthrough_preview.room_03.VALID PASS
OMDB_CASE physics US5.walkthrough_release PASS
OMDB_CASE physics US5.walkthrough_fresh_solution.3.2 PASS
OMDB_CASE physics US5.walkthrough_exact_intended_budget PASS
OMDB_SOLUTION room_03 trial=2 ticks=387 retained=1 created=1 poses=[(-0.062286, 0.225, 0.0)]
OMDB_CASE physics US5.walkthrough_real_supply PASS
OMDB_CASE physics US5.walkthrough_real_pickup PASS
OMDB_CASE physics US5.walkthrough_preview.room_04.VALID PASS
OMDB_CASE physics US5.walkthrough_release PASS
OMDB_CASE physics US5.walkthrough_early_body_support_shelf PASS
OMDB_CASE physics US5.walkthrough_real_supply PASS
OMDB_CASE physics US5.walkthrough_real_pickup PASS
OMDB_CASE physics US5.walkthrough_preview.room_04.VALID PASS
OMDB_CASE physics US5.walkthrough_release PASS
OMDB_CASE physics US5.walkthrough_real_supply PASS
OMDB_CASE physics US5.walkthrough_real_pickup PASS
OMDB_CASE physics US5.walkthrough_preview.room_04.VALID PASS
OMDB_CASE physics US5.walkthrough_release PASS
OMDB_CASE physics US5.walkthrough_remote_plate PASS
OMDB_CASE physics US5.walkthrough_real_supply PASS
OMDB_CASE physics US5.walkthrough_real_pickup PASS
OMDB_CASE physics US5.walkthrough_preview.room_04.VALID PASS
OMDB_CASE physics US5.walkthrough_release PASS
OMDB_CASE physics US5.walkthrough_real_supply PASS
OMDB_CASE physics US5.walkthrough_real_pickup PASS
OMDB_CASE physics US5.walkthrough_preview.room_04.VALID PASS
OMDB_CASE physics US5.walkthrough_release PASS
OMDB_CASE physics US5.walkthrough_real_supply PASS
OMDB_CASE physics US5.walkthrough_real_pickup PASS
OMDB_CASE physics US5.walkthrough_preview.room_04.VALID PASS
OMDB_CASE physics US5.walkthrough_release PASS
OMDB_CASE physics US5.walkthrough_six_creations_five_retained PASS
OMDB_CASE physics US5.walkthrough_fresh_solution.4.2 PASS
OMDB_CASE physics US5.walkthrough_exact_intended_budget PASS
OMDB_SOLUTION room_04 trial=2 ticks=3286 retained=5 created=6 poses=[(-7.950023, 0.345, 3.432508), (-6.050048, 0.345, 3.438856), (-2.696316, 0.225, -0.035517), (-0.158803, 0.225, -0.000049), (2.236357, 0.225, -0.0)]
OMDB_CASE physics US5.walkthrough_real_supply PASS
OMDB_CASE physics US5.walkthrough_real_pickup PASS
OMDB_CASE physics US5.walkthrough_preview.room_05.VALID PASS
OMDB_CASE physics US5.walkthrough_release PASS
OMDB_CASE physics US5.walkthrough_real_supply PASS
OMDB_CASE physics US5.walkthrough_real_pickup PASS
OMDB_CASE physics US5.walkthrough_preview.room_05.VALID PASS
OMDB_CASE physics US5.walkthrough_release PASS
OMDB_CASE physics US5.walkthrough_remote_plate PASS
OMDB_CASE physics US5.walkthrough_real_supply PASS
OMDB_CASE physics US5.walkthrough_real_pickup PASS
OMDB_CASE physics US5.walkthrough_preview.room_05.VALID PASS
OMDB_CASE physics US5.walkthrough_release PASS
OMDB_CASE physics US5.walkthrough_persistent_jam PASS
OMDB_CASE physics US5.walkthrough_real_supply PASS
OMDB_CASE physics US5.walkthrough_real_pickup PASS
OMDB_CASE physics US5.walkthrough_preview.room_05.VALID PASS
OMDB_CASE physics US5.walkthrough_release PASS
OMDB_CASE physics US5.walkthrough_real_supply PASS
OMDB_CASE physics US5.walkthrough_real_pickup PASS
OMDB_CASE physics US5.walkthrough_preview.room_05.VALID PASS
OMDB_CASE physics US5.walkthrough_release PASS
OMDB_CASE physics US5.walkthrough_fresh_solution.5.2 PASS
OMDB_CASE physics US5.walkthrough_exact_intended_budget PASS
OMDB_SOLUTION room_05 trial=2 ticks=2729 retained=5 created=5 poses=[(-7.950025, 0.345, 3.432508), (-6.050048, 0.345, 3.438856), (-3.053752, 0.225, -0.038815), (-0.600998, 0.225, -0.000887), (1.941317, 0.225, -0.000001)]
OMDB_CASE physics US5.walkthrough_real_supply PASS
OMDB_CASE physics US5.walkthrough_real_pickup PASS
OMDB_CASE physics US5.walkthrough_preview.room_06.VALID PASS
OMDB_CASE physics US5.walkthrough_release PASS
OMDB_CASE physics US5.walkthrough_real_supply PASS
OMDB_CASE physics US5.walkthrough_real_pickup PASS
OMDB_CASE physics US5.walkthrough_preview.room_06.VALID PASS
OMDB_CASE physics US5.walkthrough_release PASS
OMDB_CASE physics US5.walkthrough_remote_plate PASS
OMDB_CASE physics US5.walkthrough_real_supply PASS
OMDB_CASE physics US5.walkthrough_real_pickup PASS
OMDB_CASE physics US5.walkthrough_preview.room_06.VALID PASS
OMDB_CASE physics US5.walkthrough_release PASS
OMDB_CASE physics US5.walkthrough_persistent_jam PASS
OMDB_CASE physics US5.walkthrough_real_supply PASS
OMDB_CASE physics US5.walkthrough_real_pickup PASS
OMDB_CASE physics US5.walkthrough_preview.room_06.VALID PASS
OMDB_CASE physics US5.walkthrough_release PASS
OMDB_CASE physics US5.walkthrough_real_supply PASS
OMDB_CASE physics US5.walkthrough_real_pickup PASS
OMDB_CASE physics US5.walkthrough_preview.room_06.VALID PASS
OMDB_CASE physics US5.walkthrough_release PASS
OMDB_CASE physics US5.walkthrough_fresh_solution.6.2 PASS
OMDB_CASE physics US5.walkthrough_exact_intended_budget PASS
OMDB_SOLUTION room_06 trial=2 ticks=2747 retained=5 created=5 poses=[(-7.950025, 0.345, -3.432508), (-6.050048, 0.345, -3.438856), (-3.053752, 0.225, 0.038815), (-0.600998, 0.225, 0.000887), (1.941317, 0.225, 0.000001)]
OMDB_CASE physics US5.walkthrough_single_live_contribution PASS
OMDB_CASE physics US5.walkthrough_remote_weight_needed PASS
OMDB_CASE physics US5.walkthrough_real_supply PASS
OMDB_CASE physics US5.walkthrough_real_pickup PASS
OMDB_CASE physics US5.walkthrough_preview.room_02.VALID PASS
OMDB_CASE physics US5.walkthrough_release PASS
OMDB_CASE physics US5.walkthrough_real_supply PASS
OMDB_CASE physics US5.walkthrough_real_pickup PASS
OMDB_CASE physics US5.walkthrough_preview.room_02.VALID PASS
OMDB_CASE physics US5.walkthrough_release PASS
OMDB_CASE physics US5.walkthrough_remote_plate PASS
OMDB_CASE physics US5.walkthrough_fresh_solution.2.3 PASS
OMDB_CASE physics US5.walkthrough_exact_intended_budget PASS
OMDB_SOLUTION room_02 trial=3 ticks=1104 retained=2 created=2 poses=[(-1.950056, 0.345, 3.432781), (-0.050051, 0.345, 3.4389)]
OMDB_CASE physics US5.walkthrough_safe_saw_retrieval PASS
OMDB_CASE physics US5.walkthrough_preview.room_03.VALID PASS
OMDB_CASE physics US5.walkthrough_release PASS
OMDB_CASE physics US5.walkthrough_fresh_solution.3.3 PASS
OMDB_CASE physics US5.walkthrough_exact_intended_budget PASS
OMDB_SOLUTION room_03 trial=3 ticks=387 retained=1 created=1 poses=[(-0.041657, 0.205, 0.0)]
OMDB_CASE physics US5.walkthrough_real_supply PASS
OMDB_CASE physics US5.walkthrough_real_pickup PASS
OMDB_CASE physics US5.walkthrough_preview.room_04.VALID PASS
OMDB_CASE physics US5.walkthrough_release PASS
OMDB_CASE physics US5.walkthrough_early_body_support_shelf PASS
OMDB_CASE physics US5.walkthrough_real_supply PASS
OMDB_CASE physics US5.walkthrough_real_pickup PASS
OMDB_CASE physics US5.walkthrough_preview.room_04.VALID PASS
OMDB_CASE physics US5.walkthrough_release PASS
OMDB_CASE physics US5.walkthrough_real_supply PASS
OMDB_CASE physics US5.walkthrough_real_pickup PASS
OMDB_CASE physics US5.walkthrough_preview.room_04.VALID PASS
OMDB_CASE physics US5.walkthrough_release PASS
OMDB_CASE physics US5.walkthrough_remote_plate PASS
OMDB_CASE physics US5.walkthrough_real_supply PASS
OMDB_CASE physics US5.walkthrough_real_pickup PASS
OMDB_CASE physics US5.walkthrough_preview.room_04.VALID PASS
OMDB_CASE physics US5.walkthrough_release PASS
OMDB_CASE physics US5.walkthrough_real_supply PASS
OMDB_CASE physics US5.walkthrough_real_pickup PASS
OMDB_CASE physics US5.walkthrough_preview.room_04.VALID PASS
OMDB_CASE physics US5.walkthrough_release PASS
OMDB_CASE physics US5.walkthrough_real_supply PASS
OMDB_CASE physics US5.walkthrough_real_pickup PASS
OMDB_CASE physics US5.walkthrough_preview.room_04.VALID PASS
OMDB_CASE physics US5.walkthrough_release PASS
OMDB_CASE physics US5.walkthrough_six_creations_five_retained PASS
OMDB_CASE physics US5.walkthrough_fresh_solution.4.3 PASS
OMDB_CASE physics US5.walkthrough_exact_intended_budget PASS
OMDB_SOLUTION room_04 trial=3 ticks=3286 retained=5 created=6 poses=[(-7.950023, 0.345, 3.432508), (-6.050048, 0.345, 3.438856), (-2.696316, 0.225, -0.035517), (-0.158803, 0.225, -0.000049), (2.236357, 0.225, -0.0)]
OMDB_CASE physics US5.walkthrough_real_supply PASS
OMDB_CASE physics US5.walkthrough_real_pickup PASS
OMDB_CASE physics US5.walkthrough_preview.room_05.VALID PASS
OMDB_CASE physics US5.walkthrough_release PASS
OMDB_CASE physics US5.walkthrough_real_supply PASS
OMDB_CASE physics US5.walkthrough_real_pickup PASS
OMDB_CASE physics US5.walkthrough_preview.room_05.VALID PASS
OMDB_CASE physics US5.walkthrough_release PASS
OMDB_CASE physics US5.walkthrough_remote_plate PASS
OMDB_CASE physics US5.walkthrough_real_supply PASS
OMDB_CASE physics US5.walkthrough_real_pickup PASS
OMDB_CASE physics US5.walkthrough_preview.room_05.VALID PASS
OMDB_CASE physics US5.walkthrough_release PASS
OMDB_CASE physics US5.walkthrough_persistent_jam PASS
OMDB_CASE physics US5.walkthrough_real_supply PASS
OMDB_CASE physics US5.walkthrough_real_pickup PASS
OMDB_CASE physics US5.walkthrough_preview.room_05.VALID PASS
OMDB_CASE physics US5.walkthrough_release PASS
OMDB_CASE physics US5.walkthrough_real_supply PASS
OMDB_CASE physics US5.walkthrough_real_pickup PASS
OMDB_CASE physics US5.walkthrough_preview.room_05.VALID PASS
OMDB_CASE physics US5.walkthrough_release PASS
OMDB_CASE physics US5.walkthrough_fresh_solution.5.3 PASS
OMDB_CASE physics US5.walkthrough_exact_intended_budget PASS
OMDB_SOLUTION room_05 trial=3 ticks=2728 retained=5 created=5 poses=[(-7.950025, 0.345, 3.432508), (-6.050048, 0.345, 3.438856), (-3.054708, 0.220051, -0.038815), (-0.600998, 0.225, -0.000887), (1.941317, 0.225, -0.000001)]
OMDB_CASE physics US5.walkthrough_real_supply PASS
OMDB_CASE physics US5.walkthrough_real_pickup PASS
OMDB_CASE physics US5.walkthrough_preview.room_06.VALID PASS
OMDB_CASE physics US5.walkthrough_release PASS
OMDB_CASE physics US5.walkthrough_real_supply PASS
OMDB_CASE physics US5.walkthrough_real_pickup PASS
OMDB_CASE physics US5.walkthrough_preview.room_06.VALID PASS
OMDB_CASE physics US5.walkthrough_release PASS
OMDB_CASE physics US5.walkthrough_remote_plate PASS
OMDB_CASE physics US5.walkthrough_real_supply PASS
OMDB_CASE physics US5.walkthrough_real_pickup PASS
OMDB_CASE physics US5.walkthrough_preview.room_06.VALID PASS
OMDB_CASE physics US5.walkthrough_release PASS
OMDB_CASE physics US5.walkthrough_persistent_jam PASS
OMDB_CASE physics US5.walkthrough_real_supply PASS
OMDB_CASE physics US5.walkthrough_real_pickup PASS
OMDB_CASE physics US5.walkthrough_preview.room_06.VALID PASS
OMDB_CASE physics US5.walkthrough_release PASS
OMDB_CASE physics US5.walkthrough_real_supply PASS
OMDB_CASE physics US5.walkthrough_real_pickup PASS
OMDB_CASE physics US5.walkthrough_preview.room_06.VALID PASS
OMDB_CASE physics US5.walkthrough_release PASS
OMDB_CASE physics US5.walkthrough_fresh_solution.6.3 PASS
OMDB_CASE physics US5.walkthrough_exact_intended_budget PASS
OMDB_SOLUTION room_06 trial=3 ticks=2747 retained=5 created=5 poses=[(-7.950025, 0.345, -3.432508), (-6.050048, 0.345, -3.438856), (-3.053752, 0.225, 0.038815), (-0.600998, 0.225, 0.000887), (1.941317, 0.225, 0.000001)]
OMDB_CASE physics US5.walkthrough_single_live_contribution PASS
OMDB_CASE physics US5.walkthrough_remote_weight_needed PASS
OMDB_CASE physics US5.walkthrough_real_supply PASS
OMDB_CASE physics US5.walkthrough_real_pickup PASS
OMDB_CASE physics US5.walkthrough_preview.room_02.VALID PASS
OMDB_CASE physics US5.walkthrough_release PASS
OMDB_CASE physics US5.walkthrough_real_supply PASS
OMDB_CASE physics US5.walkthrough_real_pickup PASS
OMDB_CASE physics US5.walkthrough_preview.room_02.VALID PASS
OMDB_CASE physics US5.walkthrough_release PASS
OMDB_CASE physics US5.walkthrough_remote_plate PASS
OMDB_CASE physics US5.walkthrough_fresh_solution.2.4 PASS
OMDB_CASE physics US5.walkthrough_exact_intended_budget PASS
OMDB_SOLUTION room_02 trial=4 ticks=1104 retained=2 created=2 poses=[(-1.950056, 0.345, 3.432781), (-0.050051, 0.345, 3.4389)]
OMDB_CASE physics US5.walkthrough_safe_saw_retrieval PASS
OMDB_CASE physics US5.walkthrough_preview.room_03.VALID PASS
OMDB_CASE physics US5.walkthrough_release PASS
OMDB_CASE physics US5.walkthrough_fresh_solution.3.4 PASS
OMDB_CASE physics US5.walkthrough_exact_intended_budget PASS
OMDB_SOLUTION room_03 trial=4 ticks=387 retained=1 created=1 poses=[(-0.041657, 0.205, 0.0)]
OMDB_CASE physics US5.walkthrough_real_supply PASS
OMDB_CASE physics US5.walkthrough_real_pickup PASS
OMDB_CASE physics US5.walkthrough_preview.room_04.VALID PASS
OMDB_CASE physics US5.walkthrough_release PASS
OMDB_CASE physics US5.walkthrough_early_body_support_shelf PASS
OMDB_CASE physics US5.walkthrough_real_supply PASS
OMDB_CASE physics US5.walkthrough_real_pickup PASS
OMDB_CASE physics US5.walkthrough_preview.room_04.VALID PASS
OMDB_CASE physics US5.walkthrough_release PASS
OMDB_CASE physics US5.walkthrough_real_supply PASS
OMDB_CASE physics US5.walkthrough_real_pickup PASS
OMDB_CASE physics US5.walkthrough_preview.room_04.VALID PASS
OMDB_CASE physics US5.walkthrough_release PASS
OMDB_CASE physics US5.walkthrough_remote_plate PASS
OMDB_CASE physics US5.walkthrough_real_supply PASS
OMDB_CASE physics US5.walkthrough_real_pickup PASS
OMDB_CASE physics US5.walkthrough_preview.room_04.VALID PASS
OMDB_CASE physics US5.walkthrough_release PASS
OMDB_CASE physics US5.walkthrough_real_supply PASS
OMDB_CASE physics US5.walkthrough_real_pickup PASS
OMDB_CASE physics US5.walkthrough_preview.room_04.VALID PASS
OMDB_CASE physics US5.walkthrough_release PASS
OMDB_CASE physics US5.walkthrough_real_supply PASS
OMDB_CASE physics US5.walkthrough_real_pickup PASS
OMDB_CASE physics US5.walkthrough_preview.room_04.VALID PASS
OMDB_CASE physics US5.walkthrough_release PASS
OMDB_CASE physics US5.walkthrough_six_creations_five_retained PASS
OMDB_CASE physics US5.walkthrough_fresh_solution.4.4 PASS
OMDB_CASE physics US5.walkthrough_exact_intended_budget PASS
OMDB_SOLUTION room_04 trial=4 ticks=3286 retained=5 created=6 poses=[(-7.950023, 0.345, 3.432508), (-6.050048, 0.345, 3.438856), (-2.696316, 0.225, -0.035517), (-0.158803, 0.225, -0.000049), (2.236357, 0.225, -0.0)]
OMDB_CASE physics US5.walkthrough_real_supply PASS
OMDB_CASE physics US5.walkthrough_real_pickup PASS
OMDB_CASE physics US5.walkthrough_preview.room_05.VALID PASS
OMDB_CASE physics US5.walkthrough_release PASS
OMDB_CASE physics US5.walkthrough_real_supply PASS
OMDB_CASE physics US5.walkthrough_real_pickup PASS
OMDB_CASE physics US5.walkthrough_preview.room_05.VALID PASS
OMDB_CASE physics US5.walkthrough_release PASS
OMDB_CASE physics US5.walkthrough_remote_plate PASS
OMDB_CASE physics US5.walkthrough_real_supply PASS
OMDB_CASE physics US5.walkthrough_real_pickup PASS
OMDB_CASE physics US5.walkthrough_preview.room_05.VALID PASS
OMDB_CASE physics US5.walkthrough_release PASS
OMDB_CASE physics US5.walkthrough_persistent_jam PASS
OMDB_CASE physics US5.walkthrough_real_supply PASS
OMDB_CASE physics US5.walkthrough_real_pickup PASS
OMDB_CASE physics US5.walkthrough_preview.room_05.VALID PASS
OMDB_CASE physics US5.walkthrough_release PASS
OMDB_CASE physics US5.walkthrough_real_supply PASS
OMDB_CASE physics US5.walkthrough_real_pickup PASS
OMDB_CASE physics US5.walkthrough_preview.room_05.VALID PASS
OMDB_CASE physics US5.walkthrough_release PASS
OMDB_CASE physics US5.walkthrough_fresh_solution.5.4 PASS
OMDB_CASE physics US5.walkthrough_exact_intended_budget PASS
OMDB_SOLUTION room_05 trial=4 ticks=2728 retained=5 created=5 poses=[(-7.950025, 0.345, 3.432508), (-6.050048, 0.345, 3.438856), (-3.054708, 0.220051, -0.038815), (-0.600998, 0.225, -0.000887), (1.941317, 0.225, -0.000001)]
OMDB_CASE physics US5.walkthrough_real_supply PASS
OMDB_CASE physics US5.walkthrough_real_pickup PASS
OMDB_CASE physics US5.walkthrough_preview.room_06.VALID PASS
OMDB_CASE physics US5.walkthrough_release PASS
OMDB_CASE physics US5.walkthrough_real_supply PASS
OMDB_CASE physics US5.walkthrough_real_pickup PASS
OMDB_CASE physics US5.walkthrough_preview.room_06.VALID PASS
OMDB_CASE physics US5.walkthrough_release PASS
OMDB_CASE physics US5.walkthrough_remote_plate PASS
OMDB_CASE physics US5.walkthrough_real_supply PASS
OMDB_CASE physics US5.walkthrough_real_pickup PASS
OMDB_CASE physics US5.walkthrough_preview.room_06.VALID PASS
OMDB_CASE physics US5.walkthrough_release PASS
OMDB_CASE physics US5.walkthrough_persistent_jam PASS
OMDB_CASE physics US5.walkthrough_real_supply PASS
OMDB_CASE physics US5.walkthrough_real_pickup PASS
OMDB_CASE physics US5.walkthrough_preview.room_06.VALID PASS
OMDB_CASE physics US5.walkthrough_release PASS
OMDB_CASE physics US5.walkthrough_real_supply PASS
OMDB_CASE physics US5.walkthrough_real_pickup PASS
OMDB_CASE physics US5.walkthrough_preview.room_06.VALID PASS
OMDB_CASE physics US5.walkthrough_release PASS
OMDB_CASE physics US5.walkthrough_fresh_solution.6.4 PASS
OMDB_CASE physics US5.walkthrough_exact_intended_budget PASS
OMDB_SOLUTION room_06 trial=4 ticks=2747 retained=5 created=5 poses=[(-7.950025, 0.345, -3.432508), (-6.050048, 0.345, -3.438856), (-3.053752, 0.225, 0.038815), (-0.600998, 0.225, 0.000887), (1.941317, 0.225, 0.000001)]
OMDB_CASE physics US5.walkthrough_single_live_contribution PASS
OMDB_CASE physics US5.walkthrough_remote_weight_needed PASS
OMDB_CASE physics US5.walkthrough_real_supply PASS
OMDB_CASE physics US5.walkthrough_real_pickup PASS
OMDB_CASE physics US5.walkthrough_preview.room_02.VALID PASS
OMDB_CASE physics US5.walkthrough_release PASS
OMDB_CASE physics US5.walkthrough_real_supply PASS
OMDB_CASE physics US5.walkthrough_real_pickup PASS
OMDB_CASE physics US5.walkthrough_preview.room_02.VALID PASS
OMDB_CASE physics US5.walkthrough_release PASS
OMDB_CASE physics US5.walkthrough_remote_plate PASS
OMDB_CASE physics US5.walkthrough_fresh_solution.2.5 PASS
OMDB_CASE physics US5.walkthrough_exact_intended_budget PASS
OMDB_SOLUTION room_02 trial=5 ticks=1104 retained=2 created=2 poses=[(-1.950056, 0.345, 3.432781), (-0.050051, 0.345, 3.4389)]
OMDB_CASE physics US5.walkthrough_safe_saw_retrieval PASS
OMDB_CASE physics US5.walkthrough_preview.room_03.VALID PASS
OMDB_CASE physics US5.walkthrough_release PASS
OMDB_CASE physics US5.walkthrough_fresh_solution.3.5 PASS
OMDB_CASE physics US5.walkthrough_exact_intended_budget PASS
OMDB_SOLUTION room_03 trial=5 ticks=387 retained=1 created=1 poses=[(-0.041657, 0.205, 0.0)]
OMDB_CASE physics US5.walkthrough_real_supply PASS
OMDB_CASE physics US5.walkthrough_real_pickup PASS
OMDB_CASE physics US5.walkthrough_preview.room_04.VALID PASS
OMDB_CASE physics US5.walkthrough_release PASS
OMDB_CASE physics US5.walkthrough_early_body_support_shelf PASS
OMDB_CASE physics US5.walkthrough_real_supply PASS
OMDB_CASE physics US5.walkthrough_real_pickup PASS
OMDB_CASE physics US5.walkthrough_preview.room_04.VALID PASS
OMDB_CASE physics US5.walkthrough_release PASS
OMDB_CASE physics US5.walkthrough_real_supply PASS
OMDB_CASE physics US5.walkthrough_real_pickup PASS
OMDB_CASE physics US5.walkthrough_preview.room_04.VALID PASS
OMDB_CASE physics US5.walkthrough_release PASS
OMDB_CASE physics US5.walkthrough_remote_plate PASS
OMDB_CASE physics US5.walkthrough_real_supply PASS
OMDB_CASE physics US5.walkthrough_real_pickup PASS
OMDB_CASE physics US5.walkthrough_preview.room_04.VALID PASS
OMDB_CASE physics US5.walkthrough_release PASS
OMDB_CASE physics US5.walkthrough_real_supply PASS
OMDB_CASE physics US5.walkthrough_real_pickup PASS
OMDB_CASE physics US5.walkthrough_preview.room_04.VALID PASS
OMDB_CASE physics US5.walkthrough_release PASS
OMDB_CASE physics US5.walkthrough_real_supply PASS
OMDB_CASE physics US5.walkthrough_real_pickup PASS
OMDB_CASE physics US5.walkthrough_preview.room_04.VALID PASS
OMDB_CASE physics US5.walkthrough_release PASS
OMDB_CASE physics US5.walkthrough_six_creations_five_retained PASS
OMDB_CASE physics US5.walkthrough_fresh_solution.4.5 PASS
OMDB_CASE physics US5.walkthrough_exact_intended_budget PASS
OMDB_SOLUTION room_04 trial=5 ticks=3286 retained=5 created=6 poses=[(-7.950023, 0.345, 3.432508), (-6.050048, 0.345, 3.438856), (-2.696316, 0.225, -0.035517), (-0.158803, 0.225, -0.000049), (2.236357, 0.225, -0.0)]
OMDB_CASE physics US5.walkthrough_real_supply PASS
OMDB_CASE physics US5.walkthrough_real_pickup PASS
OMDB_CASE physics US5.walkthrough_preview.room_05.VALID PASS
OMDB_CASE physics US5.walkthrough_release PASS
OMDB_CASE physics US5.walkthrough_real_supply PASS
OMDB_CASE physics US5.walkthrough_real_pickup PASS
OMDB_CASE physics US5.walkthrough_preview.room_05.VALID PASS
OMDB_CASE physics US5.walkthrough_release PASS
OMDB_CASE physics US5.walkthrough_remote_plate PASS
OMDB_CASE physics US5.walkthrough_real_supply PASS
OMDB_CASE physics US5.walkthrough_real_pickup PASS
OMDB_CASE physics US5.walkthrough_preview.room_05.VALID PASS
OMDB_CASE physics US5.walkthrough_release PASS
OMDB_CASE physics US5.walkthrough_persistent_jam PASS
OMDB_CASE physics US5.walkthrough_real_supply PASS
OMDB_CASE physics US5.walkthrough_real_pickup PASS
OMDB_CASE physics US5.walkthrough_preview.room_05.VALID PASS
OMDB_CASE physics US5.walkthrough_release PASS
OMDB_CASE physics US5.walkthrough_real_supply PASS
OMDB_CASE physics US5.walkthrough_real_pickup PASS
OMDB_CASE physics US5.walkthrough_preview.room_05.VALID PASS
OMDB_CASE physics US5.walkthrough_release PASS
OMDB_CASE physics US5.walkthrough_fresh_solution.5.5 PASS
OMDB_CASE physics US5.walkthrough_exact_intended_budget PASS
OMDB_SOLUTION room_05 trial=5 ticks=2728 retained=5 created=5 poses=[(-7.950025, 0.345, 3.432508), (-6.050048, 0.345, 3.438856), (-3.054708, 0.220051, -0.038815), (-0.600998, 0.225, -0.000887), (1.941317, 0.225, -0.000001)]
OMDB_CASE physics US5.walkthrough_real_supply PASS
OMDB_CASE physics US5.walkthrough_real_pickup PASS
OMDB_CASE physics US5.walkthrough_preview.room_06.VALID PASS
OMDB_CASE physics US5.walkthrough_release PASS
OMDB_CASE physics US5.walkthrough_real_supply PASS
OMDB_CASE physics US5.walkthrough_real_pickup PASS
OMDB_CASE physics US5.walkthrough_preview.room_06.VALID PASS
OMDB_CASE physics US5.walkthrough_release PASS
OMDB_CASE physics US5.walkthrough_remote_plate PASS
OMDB_CASE physics US5.walkthrough_real_supply PASS
OMDB_CASE physics US5.walkthrough_real_pickup PASS
OMDB_CASE physics US5.walkthrough_preview.room_06.VALID PASS
OMDB_CASE physics US5.walkthrough_release PASS
OMDB_CASE physics US5.walkthrough_persistent_jam PASS
OMDB_CASE physics US5.walkthrough_real_supply PASS
OMDB_CASE physics US5.walkthrough_real_pickup PASS
OMDB_CASE physics US5.walkthrough_preview.room_06.VALID PASS
OMDB_CASE physics US5.walkthrough_release PASS
OMDB_CASE physics US5.walkthrough_real_supply PASS
OMDB_CASE physics US5.walkthrough_real_pickup PASS
OMDB_CASE physics US5.walkthrough_preview.room_06.VALID PASS
OMDB_CASE physics US5.walkthrough_release PASS
OMDB_CASE physics US5.walkthrough_fresh_solution.6.5 PASS
OMDB_CASE physics US5.walkthrough_exact_intended_budget PASS
OMDB_SOLUTION room_06 trial=5 ticks=2746 retained=5 created=5 poses=[(-7.950025, 0.345, -3.432508), (-6.050048, 0.345, -3.438856), (-3.054708, 0.220051, 0.038815), (-0.600998, 0.225, 0.000887), (1.941317, 0.225, 0.000001)]
OMDB_CASE physics US5.walkthrough_single_live_contribution PASS
OMDB_CASE physics US5.walkthrough_remote_weight_needed PASS
OMDB_CASE physics US5.walkthrough_real_supply PASS
OMDB_CASE physics US5.walkthrough_real_pickup PASS
OMDB_CASE physics US5.walkthrough_preview.room_02.VALID PASS
OMDB_CASE physics US5.walkthrough_release PASS
OMDB_CASE physics US5.walkthrough_real_supply PASS
OMDB_CASE physics US5.walkthrough_real_pickup PASS
OMDB_CASE physics US5.walkthrough_preview.room_02.VALID PASS
OMDB_CASE physics US5.walkthrough_release PASS
OMDB_CASE physics US5.walkthrough_remote_plate PASS
OMDB_CASE physics US5.walkthrough_fresh_solution.2.6 PASS
OMDB_CASE physics US5.walkthrough_exact_intended_budget PASS
OMDB_SOLUTION room_02 trial=6 ticks=1104 retained=2 created=2 poses=[(-1.950056, 0.345, 3.432781), (-0.050051, 0.345, 3.4389)]
OMDB_CASE physics US5.walkthrough_safe_saw_retrieval PASS
OMDB_CASE physics US5.walkthrough_preview.room_03.VALID PASS
OMDB_CASE physics US5.walkthrough_release PASS
OMDB_CASE physics US5.walkthrough_fresh_solution.3.6 PASS
OMDB_CASE physics US5.walkthrough_exact_intended_budget PASS
OMDB_SOLUTION room_03 trial=6 ticks=387 retained=1 created=1 poses=[(-0.041657, 0.205, 0.0)]
OMDB_CASE physics US5.walkthrough_real_supply PASS
OMDB_CASE physics US5.walkthrough_real_pickup PASS
OMDB_CASE physics US5.walkthrough_preview.room_04.VALID PASS
OMDB_CASE physics US5.walkthrough_release PASS
OMDB_CASE physics US5.walkthrough_early_body_support_shelf PASS
OMDB_CASE physics US5.walkthrough_real_supply PASS
OMDB_CASE physics US5.walkthrough_real_pickup PASS
OMDB_CASE physics US5.walkthrough_preview.room_04.VALID PASS
OMDB_CASE physics US5.walkthrough_release PASS
OMDB_CASE physics US5.walkthrough_real_supply PASS
OMDB_CASE physics US5.walkthrough_real_pickup PASS
OMDB_CASE physics US5.walkthrough_preview.room_04.VALID PASS
OMDB_CASE physics US5.walkthrough_release PASS
OMDB_CASE physics US5.walkthrough_remote_plate PASS
OMDB_CASE physics US5.walkthrough_real_supply PASS
OMDB_CASE physics US5.walkthrough_real_pickup PASS
OMDB_CASE physics US5.walkthrough_preview.room_04.VALID PASS
OMDB_CASE physics US5.walkthrough_release PASS
OMDB_CASE physics US5.walkthrough_real_supply PASS
OMDB_CASE physics US5.walkthrough_real_pickup PASS
OMDB_CASE physics US5.walkthrough_preview.room_04.VALID PASS
OMDB_CASE physics US5.walkthrough_release PASS
OMDB_CASE physics US5.walkthrough_real_supply PASS
OMDB_CASE physics US5.walkthrough_real_pickup PASS
OMDB_CASE physics US5.walkthrough_preview.room_04.VALID PASS
OMDB_CASE physics US5.walkthrough_release PASS
OMDB_CASE physics US5.walkthrough_six_creations_five_retained PASS
OMDB_CASE physics US5.walkthrough_fresh_solution.4.6 PASS
OMDB_CASE physics US5.walkthrough_exact_intended_budget PASS
OMDB_SOLUTION room_04 trial=6 ticks=3286 retained=5 created=6 poses=[(-7.950023, 0.345, 3.432508), (-6.050048, 0.345, 3.438856), (-2.696316, 0.225, -0.035517), (-0.158803, 0.225, -0.000049), (2.236357, 0.225, -0.0)]
OMDB_CASE physics US5.walkthrough_real_supply PASS
OMDB_CASE physics US5.walkthrough_real_pickup PASS
OMDB_CASE physics US5.walkthrough_preview.room_05.VALID PASS
OMDB_CASE physics US5.walkthrough_release PASS
OMDB_CASE physics US5.walkthrough_real_supply PASS
OMDB_CASE physics US5.walkthrough_real_pickup PASS
OMDB_CASE physics US5.walkthrough_preview.room_05.VALID PASS
OMDB_CASE physics US5.walkthrough_release PASS
OMDB_CASE physics US5.walkthrough_remote_plate PASS
OMDB_CASE physics US5.walkthrough_real_supply PASS
OMDB_CASE physics US5.walkthrough_real_pickup PASS
OMDB_CASE physics US5.walkthrough_preview.room_05.VALID PASS
OMDB_CASE physics US5.walkthrough_release PASS
OMDB_CASE physics US5.walkthrough_persistent_jam PASS
OMDB_CASE physics US5.walkthrough_real_supply PASS
OMDB_CASE physics US5.walkthrough_real_pickup PASS
OMDB_CASE physics US5.walkthrough_preview.room_05.VALID PASS
OMDB_CASE physics US5.walkthrough_release PASS
OMDB_CASE physics US5.walkthrough_real_supply PASS
OMDB_CASE physics US5.walkthrough_real_pickup PASS
OMDB_CASE physics US5.walkthrough_preview.room_05.VALID PASS
OMDB_CASE physics US5.walkthrough_release PASS
OMDB_CASE physics US5.walkthrough_fresh_solution.5.6 PASS
OMDB_CASE physics US5.walkthrough_exact_intended_budget PASS
OMDB_SOLUTION room_05 trial=6 ticks=2728 retained=5 created=5 poses=[(-7.950025, 0.345, 3.432508), (-6.050048, 0.345, 3.438856), (-3.054708, 0.220051, -0.038815), (-0.600998, 0.225, -0.000887), (1.941317, 0.225, -0.000001)]
OMDB_CASE physics US5.walkthrough_real_supply PASS
OMDB_CASE physics US5.walkthrough_real_pickup PASS
OMDB_CASE physics US5.walkthrough_preview.room_06.VALID PASS
OMDB_CASE physics US5.walkthrough_release PASS
OMDB_CASE physics US5.walkthrough_real_supply PASS
OMDB_CASE physics US5.walkthrough_real_pickup PASS
OMDB_CASE physics US5.walkthrough_preview.room_06.VALID PASS
OMDB_CASE physics US5.walkthrough_release PASS
OMDB_CASE physics US5.walkthrough_remote_plate PASS
OMDB_CASE physics US5.walkthrough_real_supply PASS
OMDB_CASE physics US5.walkthrough_real_pickup PASS
OMDB_CASE physics US5.walkthrough_preview.room_06.VALID PASS
OMDB_CASE physics US5.walkthrough_release PASS
OMDB_CASE physics US5.walkthrough_persistent_jam PASS
OMDB_CASE physics US5.walkthrough_real_supply PASS
OMDB_CASE physics US5.walkthrough_real_pickup PASS
OMDB_CASE physics US5.walkthrough_preview.room_06.VALID PASS
OMDB_CASE physics US5.walkthrough_release PASS
OMDB_CASE physics US5.walkthrough_real_supply PASS
OMDB_CASE physics US5.walkthrough_real_pickup PASS
OMDB_CASE physics US5.walkthrough_preview.room_06.VALID PASS
OMDB_CASE physics US5.walkthrough_release PASS
OMDB_CASE physics US5.walkthrough_fresh_solution.6.6 PASS
OMDB_CASE physics US5.walkthrough_exact_intended_budget PASS
OMDB_SOLUTION room_06 trial=6 ticks=2746 retained=5 created=5 poses=[(-7.950025, 0.345, -3.432508), (-6.050048, 0.345, -3.438856), (-3.054708, 0.220051, 0.038815), (-0.600998, 0.225, 0.000887), (1.941317, 0.225, 0.000001)]
OMDB_CASE physics US5.walkthrough_single_live_contribution PASS
OMDB_CASE physics US5.walkthrough_remote_weight_needed PASS
OMDB_CASE physics US5.walkthrough_real_supply PASS
OMDB_CASE physics US5.walkthrough_real_pickup PASS
OMDB_CASE physics US5.walkthrough_preview.room_02.VALID PASS
OMDB_CASE physics US5.walkthrough_release PASS
OMDB_CASE physics US5.walkthrough_real_supply PASS
OMDB_CASE physics US5.walkthrough_real_pickup PASS
OMDB_CASE physics US5.walkthrough_preview.room_02.VALID PASS
OMDB_CASE physics US5.walkthrough_release PASS
OMDB_CASE physics US5.walkthrough_remote_plate PASS
OMDB_CASE physics US5.walkthrough_fresh_solution.2.7 PASS
OMDB_CASE physics US5.walkthrough_exact_intended_budget PASS
OMDB_SOLUTION room_02 trial=7 ticks=1104 retained=2 created=2 poses=[(-1.950056, 0.345, 3.432781), (-0.050051, 0.345, 3.4389)]
OMDB_CASE physics US5.walkthrough_safe_saw_retrieval PASS
OMDB_CASE physics US5.walkthrough_preview.room_03.VALID PASS
OMDB_CASE physics US5.walkthrough_release PASS
OMDB_CASE physics US5.walkthrough_fresh_solution.3.7 PASS
OMDB_CASE physics US5.walkthrough_exact_intended_budget PASS
OMDB_SOLUTION room_03 trial=7 ticks=387 retained=1 created=1 poses=[(-0.041657, 0.205, 0.0)]
OMDB_CASE physics US5.walkthrough_real_supply PASS
OMDB_CASE physics US5.walkthrough_real_pickup PASS
OMDB_CASE physics US5.walkthrough_preview.room_04.VALID PASS
OMDB_CASE physics US5.walkthrough_release PASS
OMDB_CASE physics US5.walkthrough_early_body_support_shelf PASS
OMDB_CASE physics US5.walkthrough_real_supply PASS
OMDB_CASE physics US5.walkthrough_real_pickup PASS
OMDB_CASE physics US5.walkthrough_preview.room_04.VALID PASS
OMDB_CASE physics US5.walkthrough_release PASS
OMDB_CASE physics US5.walkthrough_real_supply PASS
OMDB_CASE physics US5.walkthrough_real_pickup PASS
OMDB_CASE physics US5.walkthrough_preview.room_04.VALID PASS
OMDB_CASE physics US5.walkthrough_release PASS
OMDB_CASE physics US5.walkthrough_remote_plate PASS
OMDB_CASE physics US5.walkthrough_real_supply PASS
OMDB_CASE physics US5.walkthrough_real_pickup PASS
OMDB_CASE physics US5.walkthrough_preview.room_04.VALID PASS
OMDB_CASE physics US5.walkthrough_release PASS
OMDB_CASE physics US5.walkthrough_real_supply PASS
OMDB_CASE physics US5.walkthrough_real_pickup PASS
OMDB_CASE physics US5.walkthrough_preview.room_04.VALID PASS
OMDB_CASE physics US5.walkthrough_release PASS
OMDB_CASE physics US5.walkthrough_real_supply PASS
OMDB_CASE physics US5.walkthrough_real_pickup PASS
OMDB_CASE physics US5.walkthrough_preview.room_04.VALID PASS
OMDB_CASE physics US5.walkthrough_release PASS
OMDB_CASE physics US5.walkthrough_six_creations_five_retained PASS
OMDB_CASE physics US5.walkthrough_fresh_solution.4.7 PASS
OMDB_CASE physics US5.walkthrough_exact_intended_budget PASS
OMDB_SOLUTION room_04 trial=7 ticks=3286 retained=5 created=6 poses=[(-7.950023, 0.345, 3.432508), (-6.050048, 0.345, 3.438856), (-2.696316, 0.225, -0.035517), (-0.158803, 0.225, -0.000049), (2.236357, 0.225, -0.0)]
OMDB_CASE physics US5.walkthrough_real_supply PASS
OMDB_CASE physics US5.walkthrough_real_pickup PASS
OMDB_CASE physics US5.walkthrough_preview.room_05.VALID PASS
OMDB_CASE physics US5.walkthrough_release PASS
OMDB_CASE physics US5.walkthrough_real_supply PASS
OMDB_CASE physics US5.walkthrough_real_pickup PASS
OMDB_CASE physics US5.walkthrough_preview.room_05.VALID PASS
OMDB_CASE physics US5.walkthrough_release PASS
OMDB_CASE physics US5.walkthrough_remote_plate PASS
OMDB_CASE physics US5.walkthrough_real_supply PASS
OMDB_CASE physics US5.walkthrough_real_pickup PASS
OMDB_CASE physics US5.walkthrough_preview.room_05.VALID PASS
OMDB_CASE physics US5.walkthrough_release PASS
OMDB_CASE physics US5.walkthrough_persistent_jam PASS
OMDB_CASE physics US5.walkthrough_real_supply PASS
OMDB_CASE physics US5.walkthrough_real_pickup PASS
OMDB_CASE physics US5.walkthrough_preview.room_05.VALID PASS
OMDB_CASE physics US5.walkthrough_release PASS
OMDB_CASE physics US5.walkthrough_real_supply PASS
OMDB_CASE physics US5.walkthrough_real_pickup PASS
OMDB_CASE physics US5.walkthrough_preview.room_05.VALID PASS
OMDB_CASE physics US5.walkthrough_release PASS
OMDB_CASE physics US5.walkthrough_fresh_solution.5.7 PASS
OMDB_CASE physics US5.walkthrough_exact_intended_budget PASS
OMDB_SOLUTION room_05 trial=7 ticks=2728 retained=5 created=5 poses=[(-7.950025, 0.345, 3.432508), (-6.050048, 0.345, 3.438856), (-3.054708, 0.220051, -0.038815), (-0.600998, 0.225, -0.000887), (1.941317, 0.225, -0.000001)]
OMDB_CASE physics US5.walkthrough_real_supply PASS
OMDB_CASE physics US5.walkthrough_real_pickup PASS
OMDB_CASE physics US5.walkthrough_preview.room_06.VALID PASS
OMDB_CASE physics US5.walkthrough_release PASS
OMDB_CASE physics US5.walkthrough_real_supply PASS
OMDB_CASE physics US5.walkthrough_real_pickup PASS
OMDB_CASE physics US5.walkthrough_preview.room_06.VALID PASS
OMDB_CASE physics US5.walkthrough_release PASS
OMDB_CASE physics US5.walkthrough_remote_plate PASS
OMDB_CASE physics US5.walkthrough_real_supply PASS
OMDB_CASE physics US5.walkthrough_real_pickup PASS
OMDB_CASE physics US5.walkthrough_preview.room_06.VALID PASS
OMDB_CASE physics US5.walkthrough_release PASS
OMDB_CASE physics US5.walkthrough_persistent_jam PASS
OMDB_CASE physics US5.walkthrough_real_supply PASS
OMDB_CASE physics US5.walkthrough_real_pickup PASS
OMDB_CASE physics US5.walkthrough_preview.room_06.VALID PASS
OMDB_CASE physics US5.walkthrough_release PASS
OMDB_CASE physics US5.walkthrough_real_supply PASS
OMDB_CASE physics US5.walkthrough_real_pickup PASS
OMDB_CASE physics US5.walkthrough_preview.room_06.VALID PASS
OMDB_CASE physics US5.walkthrough_release PASS
OMDB_CASE physics US5.walkthrough_fresh_solution.6.7 PASS
OMDB_CASE physics US5.walkthrough_exact_intended_budget PASS
OMDB_SOLUTION room_06 trial=7 ticks=2746 retained=5 created=5 poses=[(-7.950025, 0.345, -3.432508), (-6.050048, 0.345, -3.438856), (-3.054708, 0.220051, 0.038815), (-0.600998, 0.225, 0.000887), (1.941317, 0.225, 0.000001)]
OMDB_CASE physics US5.walkthrough_single_live_contribution PASS
OMDB_CASE physics US5.walkthrough_remote_weight_needed PASS
OMDB_CASE physics US5.walkthrough_real_supply PASS
OMDB_CASE physics US5.walkthrough_real_pickup PASS
OMDB_CASE physics US5.walkthrough_preview.room_02.VALID PASS
OMDB_CASE physics US5.walkthrough_release PASS
OMDB_CASE physics US5.walkthrough_real_supply PASS
OMDB_CASE physics US5.walkthrough_real_pickup PASS
OMDB_CASE physics US5.walkthrough_preview.room_02.VALID PASS
OMDB_CASE physics US5.walkthrough_release PASS
OMDB_CASE physics US5.walkthrough_remote_plate PASS
OMDB_CASE physics US5.walkthrough_fresh_solution.2.8 PASS
OMDB_CASE physics US5.walkthrough_exact_intended_budget PASS
OMDB_SOLUTION room_02 trial=8 ticks=1104 retained=2 created=2 poses=[(-1.950056, 0.345, 3.432781), (-0.050051, 0.345, 3.4389)]
OMDB_CASE physics US5.walkthrough_safe_saw_retrieval PASS
OMDB_CASE physics US5.walkthrough_preview.room_03.VALID PASS
OMDB_CASE physics US5.walkthrough_release PASS
OMDB_CASE physics US5.walkthrough_fresh_solution.3.8 PASS
OMDB_CASE physics US5.walkthrough_exact_intended_budget PASS
OMDB_SOLUTION room_03 trial=8 ticks=387 retained=1 created=1 poses=[(-0.062286, 0.225, 0.0)]
OMDB_CASE physics US5.walkthrough_real_supply PASS
OMDB_CASE physics US5.walkthrough_real_pickup PASS
OMDB_CASE physics US5.walkthrough_preview.room_04.VALID PASS
OMDB_CASE physics US5.walkthrough_release PASS
OMDB_CASE physics US5.walkthrough_early_body_support_shelf PASS
OMDB_CASE physics US5.walkthrough_real_supply PASS
OMDB_CASE physics US5.walkthrough_real_pickup PASS
OMDB_CASE physics US5.walkthrough_preview.room_04.VALID PASS
OMDB_CASE physics US5.walkthrough_release PASS
OMDB_CASE physics US5.walkthrough_real_supply PASS
OMDB_CASE physics US5.walkthrough_real_pickup PASS
OMDB_CASE physics US5.walkthrough_preview.room_04.VALID PASS
OMDB_CASE physics US5.walkthrough_release PASS
OMDB_CASE physics US5.walkthrough_remote_plate PASS
OMDB_CASE physics US5.walkthrough_real_supply PASS
OMDB_CASE physics US5.walkthrough_real_pickup PASS
OMDB_CASE physics US5.walkthrough_preview.room_04.VALID PASS
OMDB_CASE physics US5.walkthrough_release PASS
OMDB_CASE physics US5.walkthrough_real_supply PASS
OMDB_CASE physics US5.walkthrough_real_pickup PASS
OMDB_CASE physics US5.walkthrough_preview.room_04.VALID PASS
OMDB_CASE physics US5.walkthrough_release PASS
OMDB_CASE physics US5.walkthrough_real_supply PASS
OMDB_CASE physics US5.walkthrough_real_pickup PASS
OMDB_CASE physics US5.walkthrough_preview.room_04.VALID PASS
OMDB_CASE physics US5.walkthrough_release PASS
OMDB_CASE physics US5.walkthrough_six_creations_five_retained PASS
OMDB_CASE physics US5.walkthrough_fresh_solution.4.8 PASS
OMDB_CASE physics US5.walkthrough_exact_intended_budget PASS
OMDB_SOLUTION room_04 trial=8 ticks=3286 retained=5 created=6 poses=[(-7.950023, 0.345, 3.432508), (-6.050048, 0.345, 3.438856), (-2.696316, 0.225, -0.035517), (-0.158803, 0.225, -0.000049), (2.236357, 0.225, -0.0)]
OMDB_CASE physics US5.walkthrough_real_supply PASS
OMDB_CASE physics US5.walkthrough_real_pickup PASS
OMDB_CASE physics US5.walkthrough_preview.room_05.VALID PASS
OMDB_CASE physics US5.walkthrough_release PASS
OMDB_CASE physics US5.walkthrough_real_supply PASS
OMDB_CASE physics US5.walkthrough_real_pickup PASS
OMDB_CASE physics US5.walkthrough_preview.room_05.VALID PASS
OMDB_CASE physics US5.walkthrough_release PASS
OMDB_CASE physics US5.walkthrough_remote_plate PASS
OMDB_CASE physics US5.walkthrough_real_supply PASS
OMDB_CASE physics US5.walkthrough_real_pickup PASS
OMDB_CASE physics US5.walkthrough_preview.room_05.VALID PASS
OMDB_CASE physics US5.walkthrough_release PASS
OMDB_CASE physics US5.walkthrough_persistent_jam PASS
OMDB_CASE physics US5.walkthrough_real_supply PASS
OMDB_CASE physics US5.walkthrough_real_pickup PASS
OMDB_CASE physics US5.walkthrough_preview.room_05.VALID PASS
OMDB_CASE physics US5.walkthrough_release PASS
OMDB_CASE physics US5.walkthrough_real_supply PASS
OMDB_CASE physics US5.walkthrough_real_pickup PASS
OMDB_CASE physics US5.walkthrough_preview.room_05.VALID PASS
OMDB_CASE physics US5.walkthrough_release PASS
OMDB_CASE physics US5.walkthrough_fresh_solution.5.8 PASS
OMDB_CASE physics US5.walkthrough_exact_intended_budget PASS
OMDB_SOLUTION room_05 trial=8 ticks=2728 retained=5 created=5 poses=[(-7.950025, 0.345, 3.432508), (-6.050048, 0.345, 3.438856), (-3.054708, 0.220051, -0.038815), (-0.600998, 0.225, -0.000887), (1.941317, 0.225, -0.000001)]
OMDB_CASE physics US5.walkthrough_real_supply PASS
OMDB_CASE physics US5.walkthrough_real_pickup PASS
OMDB_CASE physics US5.walkthrough_preview.room_06.VALID PASS
OMDB_CASE physics US5.walkthrough_release PASS
OMDB_CASE physics US5.walkthrough_real_supply PASS
OMDB_CASE physics US5.walkthrough_real_pickup PASS
OMDB_CASE physics US5.walkthrough_preview.room_06.VALID PASS
OMDB_CASE physics US5.walkthrough_release PASS
OMDB_CASE physics US5.walkthrough_remote_plate PASS
OMDB_CASE physics US5.walkthrough_real_supply PASS
OMDB_CASE physics US5.walkthrough_real_pickup PASS
OMDB_CASE physics US5.walkthrough_preview.room_06.VALID PASS
OMDB_CASE physics US5.walkthrough_release PASS
OMDB_CASE physics US5.walkthrough_persistent_jam PASS
OMDB_CASE physics US5.walkthrough_real_supply PASS
OMDB_CASE physics US5.walkthrough_real_pickup PASS
OMDB_CASE physics US5.walkthrough_preview.room_06.VALID PASS
OMDB_CASE physics US5.walkthrough_release PASS
OMDB_CASE physics US5.walkthrough_real_supply PASS
OMDB_CASE physics US5.walkthrough_real_pickup PASS
OMDB_CASE physics US5.walkthrough_preview.room_06.VALID PASS
OMDB_CASE physics US5.walkthrough_release PASS
OMDB_CASE physics US5.walkthrough_fresh_solution.6.8 PASS
OMDB_CASE physics US5.walkthrough_exact_intended_budget PASS
OMDB_SOLUTION room_06 trial=8 ticks=2746 retained=5 created=5 poses=[(-7.950025, 0.345, -3.432508), (-6.050048, 0.345, -3.438856), (-3.054708, 0.220051, 0.038815), (-0.600998, 0.225, 0.000887), (1.941317, 0.225, 0.000001)]
OMDB_CASE physics US5.walkthrough_single_live_contribution PASS
OMDB_CASE physics US5.walkthrough_remote_weight_needed PASS
OMDB_CASE physics US5.walkthrough_real_supply PASS
OMDB_CASE physics US5.walkthrough_real_pickup PASS
OMDB_CASE physics US5.walkthrough_preview.room_02.VALID PASS
OMDB_CASE physics US5.walkthrough_release PASS
OMDB_CASE physics US5.walkthrough_real_supply PASS
OMDB_CASE physics US5.walkthrough_real_pickup PASS
OMDB_CASE physics US5.walkthrough_preview.room_02.VALID PASS
OMDB_CASE physics US5.walkthrough_release PASS
OMDB_CASE physics US5.walkthrough_remote_plate PASS
OMDB_CASE physics US5.walkthrough_fresh_solution.2.9 PASS
OMDB_CASE physics US5.walkthrough_exact_intended_budget PASS
OMDB_SOLUTION room_02 trial=9 ticks=1104 retained=2 created=2 poses=[(-1.950056, 0.345, 3.432781), (-0.050051, 0.345, 3.4389)]
OMDB_CASE physics US5.walkthrough_safe_saw_retrieval PASS
OMDB_CASE physics US5.walkthrough_preview.room_03.VALID PASS
OMDB_CASE physics US5.walkthrough_release PASS
OMDB_CASE physics US5.walkthrough_fresh_solution.3.9 PASS
OMDB_CASE physics US5.walkthrough_exact_intended_budget PASS
OMDB_SOLUTION room_03 trial=9 ticks=387 retained=1 created=1 poses=[(-0.041657, 0.205, 0.0)]
OMDB_CASE physics US5.walkthrough_real_supply PASS
OMDB_CASE physics US5.walkthrough_real_pickup PASS
OMDB_CASE physics US5.walkthrough_preview.room_04.VALID PASS
OMDB_CASE physics US5.walkthrough_release PASS
OMDB_CASE physics US5.walkthrough_early_body_support_shelf PASS
OMDB_CASE physics US5.walkthrough_real_supply PASS
OMDB_CASE physics US5.walkthrough_real_pickup PASS
OMDB_CASE physics US5.walkthrough_preview.room_04.VALID PASS
OMDB_CASE physics US5.walkthrough_release PASS
OMDB_CASE physics US5.walkthrough_real_supply PASS
OMDB_CASE physics US5.walkthrough_real_pickup PASS
OMDB_CASE physics US5.walkthrough_preview.room_04.VALID PASS
OMDB_CASE physics US5.walkthrough_release PASS
OMDB_CASE physics US5.walkthrough_remote_plate PASS
OMDB_CASE physics US5.walkthrough_real_supply PASS
OMDB_CASE physics US5.walkthrough_real_pickup PASS
OMDB_CASE physics US5.walkthrough_preview.room_04.VALID PASS
OMDB_CASE physics US5.walkthrough_release PASS
OMDB_CASE physics US5.walkthrough_real_supply PASS
OMDB_CASE physics US5.walkthrough_real_pickup PASS
OMDB_CASE physics US5.walkthrough_preview.room_04.VALID PASS
OMDB_CASE physics US5.walkthrough_release PASS
OMDB_CASE physics US5.walkthrough_real_supply PASS
OMDB_CASE physics US5.walkthrough_real_pickup PASS
OMDB_CASE physics US5.walkthrough_preview.room_04.VALID PASS
OMDB_CASE physics US5.walkthrough_release PASS
OMDB_CASE physics US5.walkthrough_six_creations_five_retained PASS
OMDB_CASE physics US5.walkthrough_fresh_solution.4.9 PASS
OMDB_CASE physics US5.walkthrough_exact_intended_budget PASS
OMDB_SOLUTION room_04 trial=9 ticks=3286 retained=5 created=6 poses=[(-7.950023, 0.345, 3.432508), (-6.050048, 0.345, 3.438856), (-2.696316, 0.225, -0.035517), (-0.158803, 0.225, -0.000049), (2.236357, 0.225, -0.0)]
OMDB_CASE physics US5.walkthrough_real_supply PASS
OMDB_CASE physics US5.walkthrough_real_pickup PASS
OMDB_CASE physics US5.walkthrough_preview.room_05.VALID PASS
OMDB_CASE physics US5.walkthrough_release PASS
OMDB_CASE physics US5.walkthrough_real_supply PASS
OMDB_CASE physics US5.walkthrough_real_pickup PASS
OMDB_CASE physics US5.walkthrough_preview.room_05.VALID PASS
OMDB_CASE physics US5.walkthrough_release PASS
OMDB_CASE physics US5.walkthrough_remote_plate PASS
OMDB_CASE physics US5.walkthrough_real_supply PASS
OMDB_CASE physics US5.walkthrough_real_pickup PASS
OMDB_CASE physics US5.walkthrough_preview.room_05.VALID PASS
OMDB_CASE physics US5.walkthrough_release PASS
OMDB_CASE physics US5.walkthrough_persistent_jam PASS
OMDB_CASE physics US5.walkthrough_real_supply PASS
OMDB_CASE physics US5.walkthrough_real_pickup PASS
OMDB_CASE physics US5.walkthrough_preview.room_05.VALID PASS
OMDB_CASE physics US5.walkthrough_release PASS
OMDB_CASE physics US5.walkthrough_real_supply PASS
OMDB_CASE physics US5.walkthrough_real_pickup PASS
OMDB_CASE physics US5.walkthrough_preview.room_05.VALID PASS
OMDB_CASE physics US5.walkthrough_release PASS
OMDB_CASE physics US5.walkthrough_fresh_solution.5.9 PASS
OMDB_CASE physics US5.walkthrough_exact_intended_budget PASS
OMDB_SOLUTION room_05 trial=9 ticks=2728 retained=5 created=5 poses=[(-7.950025, 0.345, 3.432508), (-6.050048, 0.345, 3.438856), (-3.054708, 0.220051, -0.038815), (-0.600998, 0.225, -0.000887), (1.941317, 0.225, -0.000001)]
OMDB_CASE physics US5.walkthrough_real_supply PASS
OMDB_CASE physics US5.walkthrough_real_pickup PASS
OMDB_CASE physics US5.walkthrough_preview.room_06.VALID PASS
OMDB_CASE physics US5.walkthrough_release PASS
OMDB_CASE physics US5.walkthrough_real_supply PASS
OMDB_CASE physics US5.walkthrough_real_pickup PASS
OMDB_CASE physics US5.walkthrough_preview.room_06.VALID PASS
OMDB_CASE physics US5.walkthrough_release PASS
OMDB_CASE physics US5.walkthrough_remote_plate PASS
OMDB_CASE physics US5.walkthrough_real_supply PASS
OMDB_CASE physics US5.walkthrough_real_pickup PASS
OMDB_CASE physics US5.walkthrough_preview.room_06.VALID PASS
OMDB_CASE physics US5.walkthrough_release PASS
OMDB_CASE physics US5.walkthrough_persistent_jam PASS
OMDB_CASE physics US5.walkthrough_real_supply PASS
OMDB_CASE physics US5.walkthrough_real_pickup PASS
OMDB_CASE physics US5.walkthrough_preview.room_06.VALID PASS
OMDB_CASE physics US5.walkthrough_release PASS
OMDB_CASE physics US5.walkthrough_real_supply PASS
OMDB_CASE physics US5.walkthrough_real_pickup PASS
OMDB_CASE physics US5.walkthrough_preview.room_06.VALID PASS
OMDB_CASE physics US5.walkthrough_release PASS
OMDB_CASE physics US5.walkthrough_fresh_solution.6.9 PASS
OMDB_CASE physics US5.walkthrough_exact_intended_budget PASS
OMDB_SOLUTION room_06 trial=9 ticks=2746 retained=5 created=5 poses=[(-7.950025, 0.345, -3.432508), (-6.050048, 0.345, -3.438856), (-3.054708, 0.220051, 0.038815), (-0.600998, 0.225, 0.000887), (1.941317, 0.225, 0.000001)]
OMDB_CASE physics US1.bridge.sacrifice.0 PASS
OMDB_CASE physics US1.bridge.fresh_traversal.0 PASS
OMDB_CASE physics US1.bridge.one_body_budget PASS
OMDB_CASE physics US1.bridge.sacrifice.1 PASS
OMDB_CASE physics US1.bridge.fresh_traversal.1 PASS
OMDB_CASE physics US1.bridge.one_body_budget PASS
OMDB_CASE physics US1.bridge.sacrifice.2 PASS
OMDB_CASE physics US1.bridge.fresh_traversal.2 PASS
OMDB_CASE physics US1.bridge.one_body_budget PASS
OMDB_CASE physics US1.bridge.sacrifice.3 PASS
OMDB_CASE physics US1.bridge.fresh_traversal.3 PASS
OMDB_CASE physics US1.bridge.one_body_budget PASS
OMDB_CASE physics US1.bridge.sacrifice.4 PASS
OMDB_CASE physics US1.bridge.fresh_traversal.4 PASS
OMDB_CASE physics US1.bridge.one_body_budget PASS
OMDB_CASE physics US1.bridge.sacrifice.5 PASS
OMDB_CASE physics US1.bridge.fresh_traversal.5 PASS
OMDB_CASE physics US1.bridge.one_body_budget PASS
OMDB_CASE physics US1.bridge.sacrifice.6 PASS
OMDB_CASE physics US1.bridge.fresh_traversal.6 PASS
OMDB_CASE physics US1.bridge.one_body_budget PASS
OMDB_CASE physics US1.bridge.sacrifice.7 PASS
OMDB_CASE physics US1.bridge.fresh_traversal.7 PASS
OMDB_CASE physics US1.bridge.one_body_budget PASS
OMDB_CASE physics US1.bridge.sacrifice.8 PASS
OMDB_CASE physics US1.bridge.fresh_traversal.8 PASS
OMDB_CASE physics US1.bridge.one_body_budget PASS
OMDB_CASE physics US1.bridge.sacrifice.9 PASS
OMDB_CASE physics US1.bridge.fresh_traversal.9 PASS
OMDB_CASE physics US1.bridge.one_body_budget PASS
OMDB_CASE physics CAM02.first_cycle_quarter_turn.0.camera_next PASS
OMDB_CASE physics CAM02.first_cycle_quarter_turn.0.camera_previous PASS
OMDB_CASE physics CAM02.diagonal_isometric_preset.0.0 PASS
OMDB_CASE physics CAM02.preserves_authored_elevation_distance_pitch PASS
OMDB_CASE physics CAM02.first_view_matches_authored_camera PASS
OMDB_CASE physics CAM01.preserves_projection_framing PASS
OMDB_CASE physics CAM01.screen_movement_each_view PASS
OMDB_CASE physics CAM01.view_does_not_mutate_puzzle_collision PASS
OMDB_CASE physics CAM02.all_boundaries_remain_solid PASS
OMDB_CASE physics CAM02.diagonal_foreground_cutaway PASS
OMDB_CASE physics CAM02.all_boundaries_remain_solid PASS
OMDB_CASE physics CAM02.diagonal_foreground_cutaway PASS
OMDB_CASE physics CAM02.all_boundaries_remain_solid PASS
OMDB_CASE physics CAM02.diagonal_foreground_cutaway PASS
OMDB_CASE physics CAM02.all_boundaries_remain_solid PASS
OMDB_CASE physics CAM02.diagonal_foreground_cutaway PASS
OMDB_CASE physics CAM02.diagonal_isometric_preset.0.1 PASS
OMDB_CASE physics CAM02.preserves_authored_elevation_distance_pitch PASS
OMDB_CASE physics CAM01.preserves_projection_framing PASS
OMDB_CASE physics CAM01.screen_movement_each_view PASS
OMDB_CASE physics CAM01.view_does_not_mutate_puzzle_collision PASS
OMDB_CASE physics CAM02.all_boundaries_remain_solid PASS
OMDB_CASE physics CAM02.diagonal_foreground_cutaway PASS
OMDB_CASE physics CAM02.all_boundaries_remain_solid PASS
OMDB_CASE physics CAM02.diagonal_foreground_cutaway PASS
OMDB_CASE physics CAM02.all_boundaries_remain_solid PASS
OMDB_CASE physics CAM02.diagonal_foreground_cutaway PASS
OMDB_CASE physics CAM02.all_boundaries_remain_solid PASS
OMDB_CASE physics CAM02.diagonal_foreground_cutaway PASS
OMDB_CASE physics CAM02.diagonal_isometric_preset.0.2 PASS
OMDB_CASE physics CAM02.preserves_authored_elevation_distance_pitch PASS
OMDB_CASE physics CAM01.preserves_projection_framing PASS
OMDB_CASE physics CAM01.screen_movement_each_view PASS
OMDB_CASE physics CAM01.view_does_not_mutate_puzzle_collision PASS
OMDB_CASE physics CAM02.all_boundaries_remain_solid PASS
OMDB_CASE physics CAM02.diagonal_foreground_cutaway PASS
OMDB_CASE physics CAM02.all_boundaries_remain_solid PASS
OMDB_CASE physics CAM02.diagonal_foreground_cutaway PASS
OMDB_CASE physics CAM02.all_boundaries_remain_solid PASS
OMDB_CASE physics CAM02.diagonal_foreground_cutaway PASS
OMDB_CASE physics CAM02.all_boundaries_remain_solid PASS
OMDB_CASE physics CAM02.diagonal_foreground_cutaway PASS
OMDB_CASE physics CAM02.diagonal_isometric_preset.0.3 PASS
OMDB_CASE physics CAM02.preserves_authored_elevation_distance_pitch PASS
OMDB_CASE physics CAM01.preserves_projection_framing PASS
OMDB_CASE physics CAM01.screen_movement_each_view PASS
OMDB_CASE physics CAM01.view_does_not_mutate_puzzle_collision PASS
OMDB_CASE physics CAM02.all_boundaries_remain_solid PASS
OMDB_CASE physics CAM02.diagonal_foreground_cutaway PASS
OMDB_CASE physics CAM02.all_boundaries_remain_solid PASS
OMDB_CASE physics CAM02.diagonal_foreground_cutaway PASS
OMDB_CASE physics CAM02.all_boundaries_remain_solid PASS
OMDB_CASE physics CAM02.diagonal_foreground_cutaway PASS
OMDB_CASE physics CAM02.all_boundaries_remain_solid PASS
OMDB_CASE physics CAM02.diagonal_foreground_cutaway PASS
OMDB_CASE physics CAM02.wraps_to_authored_corner PASS
OMDB_CASE physics CAM01.exit_has_visible_frame PASS
OMDB_CASE physics CAM02.first_cycle_quarter_turn.1.camera_next PASS
OMDB_CASE physics CAM02.first_cycle_quarter_turn.1.camera_previous PASS
OMDB_CASE physics CAM02.diagonal_isometric_preset.1.0 PASS
OMDB_CASE physics CAM02.preserves_authored_elevation_distance_pitch PASS
OMDB_CASE physics CAM02.first_view_matches_authored_camera PASS
OMDB_CASE physics CAM01.preserves_projection_framing PASS
OMDB_CASE physics CAM01.screen_movement_each_view PASS
OMDB_CASE physics CAM01.view_does_not_mutate_puzzle_collision PASS
OMDB_CASE physics CAM02.all_boundaries_remain_solid PASS
OMDB_CASE physics CAM02.diagonal_foreground_cutaway PASS
OMDB_CASE physics CAM02.all_boundaries_remain_solid PASS
OMDB_CASE physics CAM02.diagonal_foreground_cutaway PASS
OMDB_CASE physics CAM02.all_boundaries_remain_solid PASS
OMDB_CASE physics CAM02.diagonal_foreground_cutaway PASS
OMDB_CASE physics CAM02.all_boundaries_remain_solid PASS
OMDB_CASE physics CAM02.diagonal_foreground_cutaway PASS
OMDB_CASE physics CAM02.diagonal_isometric_preset.1.1 PASS
OMDB_CASE physics CAM02.preserves_authored_elevation_distance_pitch PASS
OMDB_CASE physics CAM01.preserves_projection_framing PASS
OMDB_CASE physics CAM01.screen_movement_each_view PASS
OMDB_CASE physics CAM01.view_does_not_mutate_puzzle_collision PASS
OMDB_CASE physics CAM02.all_boundaries_remain_solid PASS
OMDB_CASE physics CAM02.diagonal_foreground_cutaway PASS
OMDB_CASE physics CAM02.all_boundaries_remain_solid PASS
OMDB_CASE physics CAM02.diagonal_foreground_cutaway PASS
OMDB_CASE physics CAM02.all_boundaries_remain_solid PASS
OMDB_CASE physics CAM02.diagonal_foreground_cutaway PASS
OMDB_CASE physics CAM02.all_boundaries_remain_solid PASS
OMDB_CASE physics CAM02.diagonal_foreground_cutaway PASS
OMDB_CASE physics CAM02.diagonal_isometric_preset.1.2 PASS
OMDB_CASE physics CAM02.preserves_authored_elevation_distance_pitch PASS
OMDB_CASE physics CAM01.preserves_projection_framing PASS
OMDB_CASE physics CAM01.screen_movement_each_view PASS
OMDB_CASE physics CAM01.view_does_not_mutate_puzzle_collision PASS
OMDB_CASE physics CAM02.all_boundaries_remain_solid PASS
OMDB_CASE physics CAM02.diagonal_foreground_cutaway PASS
OMDB_CASE physics CAM02.all_boundaries_remain_solid PASS
OMDB_CASE physics CAM02.diagonal_foreground_cutaway PASS
OMDB_CASE physics CAM02.all_boundaries_remain_solid PASS
OMDB_CASE physics CAM02.diagonal_foreground_cutaway PASS
OMDB_CASE physics CAM02.all_boundaries_remain_solid PASS
OMDB_CASE physics CAM02.diagonal_foreground_cutaway PASS
OMDB_CASE physics CAM02.diagonal_isometric_preset.1.3 PASS
OMDB_CASE physics CAM02.preserves_authored_elevation_distance_pitch PASS
OMDB_CASE physics CAM01.preserves_projection_framing PASS
OMDB_CASE physics CAM01.screen_movement_each_view PASS
OMDB_CASE physics CAM01.view_does_not_mutate_puzzle_collision PASS
OMDB_CASE physics CAM02.all_boundaries_remain_solid PASS
OMDB_CASE physics CAM02.diagonal_foreground_cutaway PASS
OMDB_CASE physics CAM02.all_boundaries_remain_solid PASS
OMDB_CASE physics CAM02.diagonal_foreground_cutaway PASS
OMDB_CASE physics CAM02.all_boundaries_remain_solid PASS
OMDB_CASE physics CAM02.diagonal_foreground_cutaway PASS
OMDB_CASE physics CAM02.all_boundaries_remain_solid PASS
OMDB_CASE physics CAM02.diagonal_foreground_cutaway PASS
OMDB_CASE physics CAM02.wraps_to_authored_corner PASS
OMDB_CASE physics CAM01.exit_has_visible_frame PASS
OMDB_CASE physics CAM02.first_cycle_quarter_turn.2.camera_next PASS
OMDB_CASE physics CAM02.first_cycle_quarter_turn.2.camera_previous PASS
OMDB_CASE physics CAM02.diagonal_isometric_preset.2.0 PASS
OMDB_CASE physics CAM02.preserves_authored_elevation_distance_pitch PASS
OMDB_CASE physics CAM02.first_view_matches_authored_camera PASS
OMDB_CASE physics CAM01.preserves_projection_framing PASS
OMDB_CASE physics CAM01.screen_movement_each_view PASS
OMDB_CASE physics CAM01.view_does_not_mutate_puzzle_collision PASS
OMDB_CASE physics CAM02.all_boundaries_remain_solid PASS
OMDB_CASE physics CAM02.diagonal_foreground_cutaway PASS
OMDB_CASE physics CAM02.all_boundaries_remain_solid PASS
OMDB_CASE physics CAM02.diagonal_foreground_cutaway PASS
OMDB_CASE physics CAM02.all_boundaries_remain_solid PASS
OMDB_CASE physics CAM02.diagonal_foreground_cutaway PASS
OMDB_CASE physics CAM02.all_boundaries_remain_solid PASS
OMDB_CASE physics CAM02.diagonal_foreground_cutaway PASS
OMDB_CASE physics CAM02.diagonal_isometric_preset.2.1 PASS
OMDB_CASE physics CAM02.preserves_authored_elevation_distance_pitch PASS
OMDB_CASE physics CAM01.preserves_projection_framing PASS
OMDB_CASE physics CAM01.screen_movement_each_view PASS
OMDB_CASE physics CAM01.view_does_not_mutate_puzzle_collision PASS
OMDB_CASE physics CAM02.all_boundaries_remain_solid PASS
OMDB_CASE physics CAM02.diagonal_foreground_cutaway PASS
OMDB_CASE physics CAM02.all_boundaries_remain_solid PASS
OMDB_CASE physics CAM02.diagonal_foreground_cutaway PASS
OMDB_CASE physics CAM02.all_boundaries_remain_solid PASS
OMDB_CASE physics CAM02.diagonal_foreground_cutaway PASS
OMDB_CASE physics CAM02.all_boundaries_remain_solid PASS
OMDB_CASE physics CAM02.diagonal_foreground_cutaway PASS
OMDB_CASE physics CAM02.diagonal_isometric_preset.2.2 PASS
OMDB_CASE physics CAM02.preserves_authored_elevation_distance_pitch PASS
OMDB_CASE physics CAM01.preserves_projection_framing PASS
OMDB_CASE physics CAM01.screen_movement_each_view PASS
OMDB_CASE physics CAM01.view_does_not_mutate_puzzle_collision PASS
OMDB_CASE physics CAM02.all_boundaries_remain_solid PASS
OMDB_CASE physics CAM02.diagonal_foreground_cutaway PASS
OMDB_CASE physics CAM02.all_boundaries_remain_solid PASS
OMDB_CASE physics CAM02.diagonal_foreground_cutaway PASS
OMDB_CASE physics CAM02.all_boundaries_remain_solid PASS
OMDB_CASE physics CAM02.diagonal_foreground_cutaway PASS
OMDB_CASE physics CAM02.all_boundaries_remain_solid PASS
OMDB_CASE physics CAM02.diagonal_foreground_cutaway PASS
OMDB_CASE physics CAM02.diagonal_isometric_preset.2.3 PASS
OMDB_CASE physics CAM02.preserves_authored_elevation_distance_pitch PASS
OMDB_CASE physics CAM01.preserves_projection_framing PASS
OMDB_CASE physics CAM01.screen_movement_each_view PASS
OMDB_CASE physics CAM01.view_does_not_mutate_puzzle_collision PASS
OMDB_CASE physics CAM02.all_boundaries_remain_solid PASS
OMDB_CASE physics CAM02.diagonal_foreground_cutaway PASS
OMDB_CASE physics CAM02.all_boundaries_remain_solid PASS
OMDB_CASE physics CAM02.diagonal_foreground_cutaway PASS
OMDB_CASE physics CAM02.all_boundaries_remain_solid PASS
OMDB_CASE physics CAM02.diagonal_foreground_cutaway PASS
OMDB_CASE physics CAM02.all_boundaries_remain_solid PASS
OMDB_CASE physics CAM02.diagonal_foreground_cutaway PASS
OMDB_CASE physics CAM02.wraps_to_authored_corner PASS
OMDB_CASE physics CAM01.exit_has_visible_frame PASS
OMDB_CASE physics CAM02.first_cycle_quarter_turn.3.camera_next PASS
OMDB_CASE physics CAM02.first_cycle_quarter_turn.3.camera_previous PASS
OMDB_CASE physics CAM02.diagonal_isometric_preset.3.0 PASS
OMDB_CASE physics CAM02.preserves_authored_elevation_distance_pitch PASS
OMDB_CASE physics CAM02.first_view_matches_authored_camera PASS
OMDB_CASE physics CAM01.preserves_projection_framing PASS
OMDB_CASE physics CAM01.screen_movement_each_view PASS
OMDB_CASE physics CAM01.view_does_not_mutate_puzzle_collision PASS
OMDB_CASE physics CAM02.all_boundaries_remain_solid PASS
OMDB_CASE physics CAM02.diagonal_foreground_cutaway PASS
OMDB_CASE physics CAM02.all_boundaries_remain_solid PASS
OMDB_CASE physics CAM02.diagonal_foreground_cutaway PASS
OMDB_CASE physics CAM02.all_boundaries_remain_solid PASS
OMDB_CASE physics CAM02.diagonal_foreground_cutaway PASS
OMDB_CASE physics CAM02.all_boundaries_remain_solid PASS
OMDB_CASE physics CAM02.diagonal_foreground_cutaway PASS
OMDB_CASE physics CAM02.diagonal_isometric_preset.3.1 PASS
OMDB_CASE physics CAM02.preserves_authored_elevation_distance_pitch PASS
OMDB_CASE physics CAM01.preserves_projection_framing PASS
OMDB_CASE physics CAM01.screen_movement_each_view PASS
OMDB_CASE physics CAM01.view_does_not_mutate_puzzle_collision PASS
OMDB_CASE physics CAM02.all_boundaries_remain_solid PASS
OMDB_CASE physics CAM02.diagonal_foreground_cutaway PASS
OMDB_CASE physics CAM02.all_boundaries_remain_solid PASS
OMDB_CASE physics CAM02.diagonal_foreground_cutaway PASS
OMDB_CASE physics CAM02.all_boundaries_remain_solid PASS
OMDB_CASE physics CAM02.diagonal_foreground_cutaway PASS
OMDB_CASE physics CAM02.all_boundaries_remain_solid PASS
OMDB_CASE physics CAM02.diagonal_foreground_cutaway PASS
OMDB_CASE physics CAM02.diagonal_isometric_preset.3.2 PASS
OMDB_CASE physics CAM02.preserves_authored_elevation_distance_pitch PASS
OMDB_CASE physics CAM01.preserves_projection_framing PASS
OMDB_CASE physics CAM01.screen_movement_each_view PASS
OMDB_CASE physics CAM01.view_does_not_mutate_puzzle_collision PASS
OMDB_CASE physics CAM02.all_boundaries_remain_solid PASS
OMDB_CASE physics CAM02.diagonal_foreground_cutaway PASS
OMDB_CASE physics CAM02.all_boundaries_remain_solid PASS
OMDB_CASE physics CAM02.diagonal_foreground_cutaway PASS
OMDB_CASE physics CAM02.all_boundaries_remain_solid PASS
OMDB_CASE physics CAM02.diagonal_foreground_cutaway PASS
OMDB_CASE physics CAM02.all_boundaries_remain_solid PASS
OMDB_CASE physics CAM02.diagonal_foreground_cutaway PASS
OMDB_CASE physics CAM02.diagonal_isometric_preset.3.3 PASS
OMDB_CASE physics CAM02.preserves_authored_elevation_distance_pitch PASS
OMDB_CASE physics CAM01.preserves_projection_framing PASS
OMDB_CASE physics CAM01.screen_movement_each_view PASS
OMDB_CASE physics CAM01.view_does_not_mutate_puzzle_collision PASS
OMDB_CASE physics CAM02.all_boundaries_remain_solid PASS
OMDB_CASE physics CAM02.diagonal_foreground_cutaway PASS
OMDB_CASE physics CAM02.all_boundaries_remain_solid PASS
OMDB_CASE physics CAM02.diagonal_foreground_cutaway PASS
OMDB_CASE physics CAM02.all_boundaries_remain_solid PASS
OMDB_CASE physics CAM02.diagonal_foreground_cutaway PASS
OMDB_CASE physics CAM02.all_boundaries_remain_solid PASS
OMDB_CASE physics CAM02.diagonal_foreground_cutaway PASS
OMDB_CASE physics CAM02.wraps_to_authored_corner PASS
OMDB_CASE physics CAM01.exit_has_visible_frame PASS
OMDB_CASE physics CAM02.first_cycle_quarter_turn.4.camera_next PASS
OMDB_CASE physics CAM02.first_cycle_quarter_turn.4.camera_previous PASS
OMDB_CASE physics CAM02.diagonal_isometric_preset.4.0 PASS
OMDB_CASE physics CAM02.preserves_authored_elevation_distance_pitch PASS
OMDB_CASE physics CAM02.first_view_matches_authored_camera PASS
OMDB_CASE physics CAM01.preserves_projection_framing PASS
OMDB_CASE physics CAM01.screen_movement_each_view PASS
OMDB_CASE physics CAM01.view_does_not_mutate_puzzle_collision PASS
OMDB_CASE physics CAM02.all_boundaries_remain_solid PASS
OMDB_CASE physics CAM02.diagonal_foreground_cutaway PASS
OMDB_CASE physics CAM02.all_boundaries_remain_solid PASS
OMDB_CASE physics CAM02.diagonal_foreground_cutaway PASS
OMDB_CASE physics CAM02.all_boundaries_remain_solid PASS
OMDB_CASE physics CAM02.diagonal_foreground_cutaway PASS
OMDB_CASE physics CAM02.all_boundaries_remain_solid PASS
OMDB_CASE physics CAM02.diagonal_foreground_cutaway PASS
OMDB_CASE physics CAM02.diagonal_isometric_preset.4.1 PASS
OMDB_CASE physics CAM02.preserves_authored_elevation_distance_pitch PASS
OMDB_CASE physics CAM01.preserves_projection_framing PASS
OMDB_CASE physics CAM01.screen_movement_each_view PASS
OMDB_CASE physics CAM01.view_does_not_mutate_puzzle_collision PASS
OMDB_CASE physics CAM02.all_boundaries_remain_solid PASS
OMDB_CASE physics CAM02.diagonal_foreground_cutaway PASS
OMDB_CASE physics CAM02.all_boundaries_remain_solid PASS
OMDB_CASE physics CAM02.diagonal_foreground_cutaway PASS
OMDB_CASE physics CAM02.all_boundaries_remain_solid PASS
OMDB_CASE physics CAM02.diagonal_foreground_cutaway PASS
OMDB_CASE physics CAM02.all_boundaries_remain_solid PASS
OMDB_CASE physics CAM02.diagonal_foreground_cutaway PASS
OMDB_CASE physics CAM02.diagonal_isometric_preset.4.2 PASS
OMDB_CASE physics CAM02.preserves_authored_elevation_distance_pitch PASS
OMDB_CASE physics CAM01.preserves_projection_framing PASS
OMDB_CASE physics CAM01.screen_movement_each_view PASS
OMDB_CASE physics CAM01.view_does_not_mutate_puzzle_collision PASS
OMDB_CASE physics CAM02.all_boundaries_remain_solid PASS
OMDB_CASE physics CAM02.diagonal_foreground_cutaway PASS
OMDB_CASE physics CAM02.all_boundaries_remain_solid PASS
OMDB_CASE physics CAM02.diagonal_foreground_cutaway PASS
OMDB_CASE physics CAM02.all_boundaries_remain_solid PASS
OMDB_CASE physics CAM02.diagonal_foreground_cutaway PASS
OMDB_CASE physics CAM02.all_boundaries_remain_solid PASS
OMDB_CASE physics CAM02.diagonal_foreground_cutaway PASS
OMDB_CASE physics CAM02.diagonal_isometric_preset.4.3 PASS
OMDB_CASE physics CAM02.preserves_authored_elevation_distance_pitch PASS
OMDB_CASE physics CAM01.preserves_projection_framing PASS
OMDB_CASE physics CAM01.screen_movement_each_view PASS
OMDB_CASE physics CAM01.view_does_not_mutate_puzzle_collision PASS
OMDB_CASE physics CAM02.all_boundaries_remain_solid PASS
OMDB_CASE physics CAM02.diagonal_foreground_cutaway PASS
OMDB_CASE physics CAM02.all_boundaries_remain_solid PASS
OMDB_CASE physics CAM02.diagonal_foreground_cutaway PASS
OMDB_CASE physics CAM02.all_boundaries_remain_solid PASS
OMDB_CASE physics CAM02.diagonal_foreground_cutaway PASS
OMDB_CASE physics CAM02.all_boundaries_remain_solid PASS
OMDB_CASE physics CAM02.diagonal_foreground_cutaway PASS
OMDB_CASE physics CAM02.wraps_to_authored_corner PASS
OMDB_CASE physics CAM01.exit_has_visible_frame PASS
OMDB_CASE physics CAM02.first_cycle_quarter_turn.5.camera_next PASS
OMDB_CASE physics CAM02.first_cycle_quarter_turn.5.camera_previous PASS
OMDB_CASE physics CAM02.diagonal_isometric_preset.5.0 PASS
OMDB_CASE physics CAM02.preserves_authored_elevation_distance_pitch PASS
OMDB_CASE physics CAM02.first_view_matches_authored_camera PASS
OMDB_CASE physics CAM01.preserves_projection_framing PASS
OMDB_CASE physics CAM01.screen_movement_each_view PASS
OMDB_CASE physics CAM01.view_does_not_mutate_puzzle_collision PASS
OMDB_CASE physics CAM02.all_boundaries_remain_solid PASS
OMDB_CASE physics CAM02.diagonal_foreground_cutaway PASS
OMDB_CASE physics CAM02.all_boundaries_remain_solid PASS
OMDB_CASE physics CAM02.diagonal_foreground_cutaway PASS
OMDB_CASE physics CAM02.all_boundaries_remain_solid PASS
OMDB_CASE physics CAM02.diagonal_foreground_cutaway PASS
OMDB_CASE physics CAM02.all_boundaries_remain_solid PASS
OMDB_CASE physics CAM02.diagonal_foreground_cutaway PASS
OMDB_CASE physics CAM02.diagonal_isometric_preset.5.1 PASS
OMDB_CASE physics CAM02.preserves_authored_elevation_distance_pitch PASS
OMDB_CASE physics CAM01.preserves_projection_framing PASS
OMDB_CASE physics CAM01.screen_movement_each_view PASS
OMDB_CASE physics CAM01.view_does_not_mutate_puzzle_collision PASS
OMDB_CASE physics CAM02.all_boundaries_remain_solid PASS
OMDB_CASE physics CAM02.diagonal_foreground_cutaway PASS
OMDB_CASE physics CAM02.all_boundaries_remain_solid PASS
OMDB_CASE physics CAM02.diagonal_foreground_cutaway PASS
OMDB_CASE physics CAM02.all_boundaries_remain_solid PASS
OMDB_CASE physics CAM02.diagonal_foreground_cutaway PASS
OMDB_CASE physics CAM02.all_boundaries_remain_solid PASS
OMDB_CASE physics CAM02.diagonal_foreground_cutaway PASS
OMDB_CASE physics CAM02.diagonal_isometric_preset.5.2 PASS
OMDB_CASE physics CAM02.preserves_authored_elevation_distance_pitch PASS
OMDB_CASE physics CAM01.preserves_projection_framing PASS
OMDB_CASE physics CAM01.screen_movement_each_view PASS
OMDB_CASE physics CAM01.view_does_not_mutate_puzzle_collision PASS
OMDB_CASE physics CAM02.all_boundaries_remain_solid PASS
OMDB_CASE physics CAM02.diagonal_foreground_cutaway PASS
OMDB_CASE physics CAM02.all_boundaries_remain_solid PASS
OMDB_CASE physics CAM02.diagonal_foreground_cutaway PASS
OMDB_CASE physics CAM02.all_boundaries_remain_solid PASS
OMDB_CASE physics CAM02.diagonal_foreground_cutaway PASS
OMDB_CASE physics CAM02.all_boundaries_remain_solid PASS
OMDB_CASE physics CAM02.diagonal_foreground_cutaway PASS
OMDB_CASE physics CAM02.diagonal_isometric_preset.5.3 PASS
OMDB_CASE physics CAM02.preserves_authored_elevation_distance_pitch PASS
OMDB_CASE physics CAM01.preserves_projection_framing PASS
OMDB_CASE physics CAM01.screen_movement_each_view PASS
OMDB_CASE physics CAM01.view_does_not_mutate_puzzle_collision PASS
OMDB_CASE physics CAM02.all_boundaries_remain_solid PASS
OMDB_CASE physics CAM02.diagonal_foreground_cutaway PASS
OMDB_CASE physics CAM02.all_boundaries_remain_solid PASS
OMDB_CASE physics CAM02.diagonal_foreground_cutaway PASS
OMDB_CASE physics CAM02.all_boundaries_remain_solid PASS
OMDB_CASE physics CAM02.diagonal_foreground_cutaway PASS
OMDB_CASE physics CAM02.all_boundaries_remain_solid PASS
OMDB_CASE physics CAM02.diagonal_foreground_cutaway PASS
OMDB_CASE physics CAM02.wraps_to_authored_corner PASS
OMDB_CASE physics CAM01.exit_has_visible_frame PASS
OMDB_CASE physics CAM02.first_cycle_quarter_turn.6.camera_next PASS
OMDB_CASE physics CAM02.first_cycle_quarter_turn.6.camera_previous PASS
OMDB_CASE physics CAM02.diagonal_isometric_preset.6.0 PASS
OMDB_CASE physics CAM02.preserves_authored_elevation_distance_pitch PASS
OMDB_CASE physics CAM02.first_view_matches_authored_camera PASS
OMDB_CASE physics CAM01.preserves_projection_framing PASS
OMDB_CASE physics CAM01.screen_movement_each_view PASS
OMDB_CASE physics CAM01.view_does_not_mutate_puzzle_collision PASS
OMDB_CASE physics CAM02.all_boundaries_remain_solid PASS
OMDB_CASE physics CAM02.diagonal_foreground_cutaway PASS
OMDB_CASE physics CAM02.all_boundaries_remain_solid PASS
OMDB_CASE physics CAM02.diagonal_foreground_cutaway PASS
OMDB_CASE physics CAM02.all_boundaries_remain_solid PASS
OMDB_CASE physics CAM02.diagonal_foreground_cutaway PASS
OMDB_CASE physics CAM02.all_boundaries_remain_solid PASS
OMDB_CASE physics CAM02.diagonal_foreground_cutaway PASS
OMDB_CASE physics CAM02.diagonal_isometric_preset.6.1 PASS
OMDB_CASE physics CAM02.preserves_authored_elevation_distance_pitch PASS
OMDB_CASE physics CAM01.preserves_projection_framing PASS
OMDB_CASE physics CAM01.screen_movement_each_view PASS
OMDB_CASE physics CAM01.view_does_not_mutate_puzzle_collision PASS
OMDB_CASE physics CAM02.all_boundaries_remain_solid PASS
OMDB_CASE physics CAM02.diagonal_foreground_cutaway PASS
OMDB_CASE physics CAM02.all_boundaries_remain_solid PASS
OMDB_CASE physics CAM02.diagonal_foreground_cutaway PASS
OMDB_CASE physics CAM02.all_boundaries_remain_solid PASS
OMDB_CASE physics CAM02.diagonal_foreground_cutaway PASS
OMDB_CASE physics CAM02.all_boundaries_remain_solid PASS
OMDB_CASE physics CAM02.diagonal_foreground_cutaway PASS
OMDB_CASE physics CAM02.diagonal_isometric_preset.6.2 PASS
OMDB_CASE physics CAM02.preserves_authored_elevation_distance_pitch PASS
OMDB_CASE physics CAM01.preserves_projection_framing PASS
OMDB_CASE physics CAM01.screen_movement_each_view PASS
OMDB_CASE physics CAM01.view_does_not_mutate_puzzle_collision PASS
OMDB_CASE physics CAM02.all_boundaries_remain_solid PASS
OMDB_CASE physics CAM02.diagonal_foreground_cutaway PASS
OMDB_CASE physics CAM02.all_boundaries_remain_solid PASS
OMDB_CASE physics CAM02.diagonal_foreground_cutaway PASS
OMDB_CASE physics CAM02.all_boundaries_remain_solid PASS
OMDB_CASE physics CAM02.diagonal_foreground_cutaway PASS
OMDB_CASE physics CAM02.all_boundaries_remain_solid PASS
OMDB_CASE physics CAM02.diagonal_foreground_cutaway PASS
OMDB_CASE physics CAM02.diagonal_isometric_preset.6.3 PASS
OMDB_CASE physics CAM02.preserves_authored_elevation_distance_pitch PASS
OMDB_CASE physics CAM01.preserves_projection_framing PASS
OMDB_CASE physics CAM01.screen_movement_each_view PASS
OMDB_CASE physics CAM01.view_does_not_mutate_puzzle_collision PASS
OMDB_CASE physics CAM02.all_boundaries_remain_solid PASS
OMDB_CASE physics CAM02.diagonal_foreground_cutaway PASS
OMDB_CASE physics CAM02.all_boundaries_remain_solid PASS
OMDB_CASE physics CAM02.diagonal_foreground_cutaway PASS
OMDB_CASE physics CAM02.all_boundaries_remain_solid PASS
OMDB_CASE physics CAM02.diagonal_foreground_cutaway PASS
OMDB_CASE physics CAM02.all_boundaries_remain_solid PASS
OMDB_CASE physics CAM02.diagonal_foreground_cutaway PASS
OMDB_CASE physics CAM02.wraps_to_authored_corner PASS
OMDB_CASE physics CAM01.exit_has_visible_frame PASS
OMDB_CASE physics CAM02.first_cycle_quarter_turn.7.camera_next PASS
OMDB_CASE physics CAM02.first_cycle_quarter_turn.7.camera_previous PASS
OMDB_CASE physics CAM02.diagonal_isometric_preset.7.0 PASS
OMDB_CASE physics CAM02.preserves_authored_elevation_distance_pitch PASS
OMDB_CASE physics CAM02.first_view_matches_authored_camera PASS
OMDB_CASE physics CAM01.preserves_projection_framing PASS
OMDB_CASE physics CAM01.screen_movement_each_view PASS
OMDB_CASE physics CAM01.view_does_not_mutate_puzzle_collision PASS
OMDB_CASE physics CAM02.all_boundaries_remain_solid PASS
OMDB_CASE physics CAM02.diagonal_foreground_cutaway PASS
OMDB_CASE physics CAM02.all_boundaries_remain_solid PASS
OMDB_CASE physics CAM02.diagonal_foreground_cutaway PASS
OMDB_CASE physics CAM02.all_boundaries_remain_solid PASS
OMDB_CASE physics CAM02.diagonal_foreground_cutaway PASS
OMDB_CASE physics CAM02.all_boundaries_remain_solid PASS
OMDB_CASE physics CAM02.diagonal_foreground_cutaway PASS
OMDB_CASE physics CAM02.diagonal_isometric_preset.7.1 PASS
OMDB_CASE physics CAM02.preserves_authored_elevation_distance_pitch PASS
OMDB_CASE physics CAM01.preserves_projection_framing PASS
OMDB_CASE physics CAM01.screen_movement_each_view PASS
OMDB_CASE physics CAM01.view_does_not_mutate_puzzle_collision PASS
OMDB_CASE physics CAM02.all_boundaries_remain_solid PASS
OMDB_CASE physics CAM02.diagonal_foreground_cutaway PASS
OMDB_CASE physics CAM02.all_boundaries_remain_solid PASS
OMDB_CASE physics CAM02.diagonal_foreground_cutaway PASS
OMDB_CASE physics CAM02.all_boundaries_remain_solid PASS
OMDB_CASE physics CAM02.diagonal_foreground_cutaway PASS
OMDB_CASE physics CAM02.all_boundaries_remain_solid PASS
OMDB_CASE physics CAM02.diagonal_foreground_cutaway PASS
OMDB_CASE physics CAM02.diagonal_isometric_preset.7.2 PASS
OMDB_CASE physics CAM02.preserves_authored_elevation_distance_pitch PASS
OMDB_CASE physics CAM01.preserves_projection_framing PASS
OMDB_CASE physics CAM01.screen_movement_each_view PASS
OMDB_CASE physics CAM01.view_does_not_mutate_puzzle_collision PASS
OMDB_CASE physics CAM02.all_boundaries_remain_solid PASS
OMDB_CASE physics CAM02.diagonal_foreground_cutaway PASS
OMDB_CASE physics CAM02.all_boundaries_remain_solid PASS
OMDB_CASE physics CAM02.diagonal_foreground_cutaway PASS
OMDB_CASE physics CAM02.all_boundaries_remain_solid PASS
OMDB_CASE physics CAM02.diagonal_foreground_cutaway PASS
OMDB_CASE physics CAM02.all_boundaries_remain_solid PASS
OMDB_CASE physics CAM02.diagonal_foreground_cutaway PASS
OMDB_CASE physics CAM02.diagonal_isometric_preset.7.3 PASS
OMDB_CASE physics CAM02.preserves_authored_elevation_distance_pitch PASS
OMDB_CASE physics CAM01.preserves_projection_framing PASS
OMDB_CASE physics CAM01.screen_movement_each_view PASS
OMDB_CASE physics CAM01.view_does_not_mutate_puzzle_collision PASS
OMDB_CASE physics CAM02.all_boundaries_remain_solid PASS
OMDB_CASE physics CAM02.diagonal_foreground_cutaway PASS
OMDB_CASE physics CAM02.all_boundaries_remain_solid PASS
OMDB_CASE physics CAM02.diagonal_foreground_cutaway PASS
OMDB_CASE physics CAM02.all_boundaries_remain_solid PASS
OMDB_CASE physics CAM02.diagonal_foreground_cutaway PASS
OMDB_CASE physics CAM02.all_boundaries_remain_solid PASS
OMDB_CASE physics CAM02.diagonal_foreground_cutaway PASS
OMDB_CASE physics CAM02.wraps_to_authored_corner PASS
OMDB_CASE physics CAM01.exit_has_visible_frame PASS
OMDB_CASE physics CAM02.first_cycle_quarter_turn.8.camera_next PASS
OMDB_CASE physics CAM02.first_cycle_quarter_turn.8.camera_previous PASS
OMDB_CASE physics CAM02.diagonal_isometric_preset.8.0 PASS
OMDB_CASE physics CAM02.preserves_authored_elevation_distance_pitch PASS
OMDB_CASE physics CAM02.first_view_matches_authored_camera PASS
OMDB_CASE physics CAM01.preserves_projection_framing PASS
OMDB_CASE physics CAM01.screen_movement_each_view PASS
OMDB_CASE physics CAM01.view_does_not_mutate_puzzle_collision PASS
OMDB_CASE physics CAM02.all_boundaries_remain_solid PASS
OMDB_CASE physics CAM02.diagonal_foreground_cutaway PASS
OMDB_CASE physics CAM02.all_boundaries_remain_solid PASS
OMDB_CASE physics CAM02.diagonal_foreground_cutaway PASS
OMDB_CASE physics CAM02.all_boundaries_remain_solid PASS
OMDB_CASE physics CAM02.diagonal_foreground_cutaway PASS
OMDB_CASE physics CAM02.all_boundaries_remain_solid PASS
OMDB_CASE physics CAM02.diagonal_foreground_cutaway PASS
OMDB_CASE physics CAM02.diagonal_isometric_preset.8.1 PASS
OMDB_CASE physics CAM02.preserves_authored_elevation_distance_pitch PASS
OMDB_CASE physics CAM01.preserves_projection_framing PASS
OMDB_CASE physics CAM01.screen_movement_each_view PASS
OMDB_CASE physics CAM01.view_does_not_mutate_puzzle_collision PASS
OMDB_CASE physics CAM02.all_boundaries_remain_solid PASS
OMDB_CASE physics CAM02.diagonal_foreground_cutaway PASS
OMDB_CASE physics CAM02.all_boundaries_remain_solid PASS
OMDB_CASE physics CAM02.diagonal_foreground_cutaway PASS
OMDB_CASE physics CAM02.all_boundaries_remain_solid PASS
OMDB_CASE physics CAM02.diagonal_foreground_cutaway PASS
OMDB_CASE physics CAM02.all_boundaries_remain_solid PASS
OMDB_CASE physics CAM02.diagonal_foreground_cutaway PASS
OMDB_CASE physics CAM02.diagonal_isometric_preset.8.2 PASS
OMDB_CASE physics CAM02.preserves_authored_elevation_distance_pitch PASS
OMDB_CASE physics CAM01.preserves_projection_framing PASS
OMDB_CASE physics CAM01.screen_movement_each_view PASS
OMDB_CASE physics CAM01.view_does_not_mutate_puzzle_collision PASS
OMDB_CASE physics CAM02.all_boundaries_remain_solid PASS
OMDB_CASE physics CAM02.diagonal_foreground_cutaway PASS
OMDB_CASE physics CAM02.all_boundaries_remain_solid PASS
OMDB_CASE physics CAM02.diagonal_foreground_cutaway PASS
OMDB_CASE physics CAM02.all_boundaries_remain_solid PASS
OMDB_CASE physics CAM02.diagonal_foreground_cutaway PASS
OMDB_CASE physics CAM02.all_boundaries_remain_solid PASS
OMDB_CASE physics CAM02.diagonal_foreground_cutaway PASS
OMDB_CASE physics CAM02.diagonal_isometric_preset.8.3 PASS
OMDB_CASE physics CAM02.preserves_authored_elevation_distance_pitch PASS
OMDB_CASE physics CAM01.preserves_projection_framing PASS
OMDB_CASE physics CAM01.screen_movement_each_view PASS
OMDB_CASE physics CAM01.view_does_not_mutate_puzzle_collision PASS
OMDB_CASE physics CAM02.all_boundaries_remain_solid PASS
OMDB_CASE physics CAM02.diagonal_foreground_cutaway PASS
OMDB_CASE physics CAM02.all_boundaries_remain_solid PASS
OMDB_CASE physics CAM02.diagonal_foreground_cutaway PASS
OMDB_CASE physics CAM02.all_boundaries_remain_solid PASS
OMDB_CASE physics CAM02.diagonal_foreground_cutaway PASS
OMDB_CASE physics CAM02.all_boundaries_remain_solid PASS
OMDB_CASE physics CAM02.diagonal_foreground_cutaway PASS
OMDB_CASE physics CAM02.wraps_to_authored_corner PASS
OMDB_CASE physics CAM01.exit_has_visible_frame PASS
OMDB_CASE physics CAM02.first_cycle_quarter_turn.9.camera_next PASS
OMDB_CASE physics CAM02.first_cycle_quarter_turn.9.camera_previous PASS
OMDB_CASE physics CAM02.diagonal_isometric_preset.9.0 PASS
OMDB_CASE physics CAM02.preserves_authored_elevation_distance_pitch PASS
OMDB_CASE physics CAM02.first_view_matches_authored_camera PASS
OMDB_CASE physics CAM01.preserves_projection_framing PASS
OMDB_CASE physics CAM01.screen_movement_each_view PASS
OMDB_CASE physics CAM01.view_does_not_mutate_puzzle_collision PASS
OMDB_CASE physics CAM02.all_boundaries_remain_solid PASS
OMDB_CASE physics CAM02.diagonal_foreground_cutaway PASS
OMDB_CASE physics CAM02.all_boundaries_remain_solid PASS
OMDB_CASE physics CAM02.diagonal_foreground_cutaway PASS
OMDB_CASE physics CAM02.all_boundaries_remain_solid PASS
OMDB_CASE physics CAM02.diagonal_foreground_cutaway PASS
OMDB_CASE physics CAM02.all_boundaries_remain_solid PASS
OMDB_CASE physics CAM02.diagonal_foreground_cutaway PASS
OMDB_CASE physics CAM02.diagonal_isometric_preset.9.1 PASS
OMDB_CASE physics CAM02.preserves_authored_elevation_distance_pitch PASS
OMDB_CASE physics CAM01.preserves_projection_framing PASS
OMDB_CASE physics CAM01.screen_movement_each_view PASS
OMDB_CASE physics CAM01.view_does_not_mutate_puzzle_collision PASS
OMDB_CASE physics CAM02.all_boundaries_remain_solid PASS
OMDB_CASE physics CAM02.diagonal_foreground_cutaway PASS
OMDB_CASE physics CAM02.all_boundaries_remain_solid PASS
OMDB_CASE physics CAM02.diagonal_foreground_cutaway PASS
OMDB_CASE physics CAM02.all_boundaries_remain_solid PASS
OMDB_CASE physics CAM02.diagonal_foreground_cutaway PASS
OMDB_CASE physics CAM02.all_boundaries_remain_solid PASS
OMDB_CASE physics CAM02.diagonal_foreground_cutaway PASS
OMDB_CASE physics CAM02.diagonal_isometric_preset.9.2 PASS
OMDB_CASE physics CAM02.preserves_authored_elevation_distance_pitch PASS
OMDB_CASE physics CAM01.preserves_projection_framing PASS
OMDB_CASE physics CAM01.screen_movement_each_view PASS
OMDB_CASE physics CAM01.view_does_not_mutate_puzzle_collision PASS
OMDB_CASE physics CAM02.all_boundaries_remain_solid PASS
OMDB_CASE physics CAM02.diagonal_foreground_cutaway PASS
OMDB_CASE physics CAM02.all_boundaries_remain_solid PASS
OMDB_CASE physics CAM02.diagonal_foreground_cutaway PASS
OMDB_CASE physics CAM02.all_boundaries_remain_solid PASS
OMDB_CASE physics CAM02.diagonal_foreground_cutaway PASS
OMDB_CASE physics CAM02.all_boundaries_remain_solid PASS
OMDB_CASE physics CAM02.diagonal_foreground_cutaway PASS
OMDB_CASE physics CAM02.diagonal_isometric_preset.9.3 PASS
OMDB_CASE physics CAM02.preserves_authored_elevation_distance_pitch PASS
OMDB_CASE physics CAM01.preserves_projection_framing PASS
OMDB_CASE physics CAM01.screen_movement_each_view PASS
OMDB_CASE physics CAM01.view_does_not_mutate_puzzle_collision PASS
OMDB_CASE physics CAM02.all_boundaries_remain_solid PASS
OMDB_CASE physics CAM02.diagonal_foreground_cutaway PASS
OMDB_CASE physics CAM02.all_boundaries_remain_solid PASS
OMDB_CASE physics CAM02.diagonal_foreground_cutaway PASS
OMDB_CASE physics CAM02.all_boundaries_remain_solid PASS
OMDB_CASE physics CAM02.diagonal_foreground_cutaway PASS
OMDB_CASE physics CAM02.all_boundaries_remain_solid PASS
OMDB_CASE physics CAM02.diagonal_foreground_cutaway PASS
OMDB_CASE physics CAM02.wraps_to_authored_corner PASS
OMDB_CASE physics CAM01.exit_has_visible_frame PASS
OMDB_CASE physics CAM02.first_cycle_quarter_turn.10.camera_next PASS
OMDB_CASE physics CAM02.first_cycle_quarter_turn.10.camera_previous PASS
OMDB_CASE physics CAM02.diagonal_isometric_preset.10.0 PASS
OMDB_CASE physics CAM02.preserves_authored_elevation_distance_pitch PASS
OMDB_CASE physics CAM02.first_view_matches_authored_camera PASS
OMDB_CASE physics CAM01.preserves_projection_framing PASS
OMDB_CASE physics CAM01.screen_movement_each_view PASS
OMDB_CASE physics CAM01.view_does_not_mutate_puzzle_collision PASS
OMDB_CASE physics CAM02.all_boundaries_remain_solid PASS
OMDB_CASE physics CAM02.diagonal_foreground_cutaway PASS
OMDB_CASE physics CAM02.all_boundaries_remain_solid PASS
OMDB_CASE physics CAM02.diagonal_foreground_cutaway PASS
OMDB_CASE physics CAM02.all_boundaries_remain_solid PASS
OMDB_CASE physics CAM02.diagonal_foreground_cutaway PASS
OMDB_CASE physics CAM02.all_boundaries_remain_solid PASS
OMDB_CASE physics CAM02.diagonal_foreground_cutaway PASS
OMDB_CASE physics CAM02.diagonal_isometric_preset.10.1 PASS
OMDB_CASE physics CAM02.preserves_authored_elevation_distance_pitch PASS
OMDB_CASE physics CAM01.preserves_projection_framing PASS
OMDB_CASE physics CAM01.screen_movement_each_view PASS
OMDB_CASE physics CAM01.view_does_not_mutate_puzzle_collision PASS
OMDB_CASE physics CAM02.all_boundaries_remain_solid PASS
OMDB_CASE physics CAM02.diagonal_foreground_cutaway PASS
OMDB_CASE physics CAM02.all_boundaries_remain_solid PASS
OMDB_CASE physics CAM02.diagonal_foreground_cutaway PASS
OMDB_CASE physics CAM02.all_boundaries_remain_solid PASS
OMDB_CASE physics CAM02.diagonal_foreground_cutaway PASS
OMDB_CASE physics CAM02.all_boundaries_remain_solid PASS
OMDB_CASE physics CAM02.diagonal_foreground_cutaway PASS
OMDB_CASE physics CAM02.diagonal_isometric_preset.10.2 PASS
OMDB_CASE physics CAM02.preserves_authored_elevation_distance_pitch PASS
OMDB_CASE physics CAM01.preserves_projection_framing PASS
OMDB_CASE physics CAM01.screen_movement_each_view PASS
OMDB_CASE physics CAM01.view_does_not_mutate_puzzle_collision PASS
OMDB_CASE physics CAM02.all_boundaries_remain_solid PASS
OMDB_CASE physics CAM02.diagonal_foreground_cutaway PASS
OMDB_CASE physics CAM02.all_boundaries_remain_solid PASS
OMDB_CASE physics CAM02.diagonal_foreground_cutaway PASS
OMDB_CASE physics CAM02.all_boundaries_remain_solid PASS
OMDB_CASE physics CAM02.diagonal_foreground_cutaway PASS
OMDB_CASE physics CAM02.all_boundaries_remain_solid PASS
OMDB_CASE physics CAM02.diagonal_foreground_cutaway PASS
OMDB_CASE physics CAM02.diagonal_isometric_preset.10.3 PASS
OMDB_CASE physics CAM02.preserves_authored_elevation_distance_pitch PASS
OMDB_CASE physics CAM01.preserves_projection_framing PASS
OMDB_CASE physics CAM01.screen_movement_each_view PASS
OMDB_CASE physics CAM01.view_does_not_mutate_puzzle_collision PASS
OMDB_CASE physics CAM02.all_boundaries_remain_solid PASS
OMDB_CASE physics CAM02.diagonal_foreground_cutaway PASS
OMDB_CASE physics CAM02.all_boundaries_remain_solid PASS
OMDB_CASE physics CAM02.diagonal_foreground_cutaway PASS
OMDB_CASE physics CAM02.all_boundaries_remain_solid PASS
OMDB_CASE physics CAM02.diagonal_foreground_cutaway PASS
OMDB_CASE physics CAM02.all_boundaries_remain_solid PASS
OMDB_CASE physics CAM02.diagonal_foreground_cutaway PASS
OMDB_CASE physics CAM02.wraps_to_authored_corner PASS
OMDB_CASE physics CAM01.exit_has_visible_frame PASS
OMDB_CASE physics CAM02.first_cycle_quarter_turn.11.camera_next PASS
OMDB_CASE physics CAM02.first_cycle_quarter_turn.11.camera_previous PASS
OMDB_CASE physics CAM02.diagonal_isometric_preset.11.0 PASS
OMDB_CASE physics CAM02.preserves_authored_elevation_distance_pitch PASS
OMDB_CASE physics CAM02.first_view_matches_authored_camera PASS
OMDB_CASE physics CAM01.preserves_projection_framing PASS
OMDB_CASE physics CAM01.screen_movement_each_view PASS
OMDB_CASE physics CAM01.view_does_not_mutate_puzzle_collision PASS
OMDB_CASE physics CAM02.all_boundaries_remain_solid PASS
OMDB_CASE physics CAM02.diagonal_foreground_cutaway PASS
OMDB_CASE physics CAM02.all_boundaries_remain_solid PASS
OMDB_CASE physics CAM02.diagonal_foreground_cutaway PASS
OMDB_CASE physics CAM02.all_boundaries_remain_solid PASS
OMDB_CASE physics CAM02.diagonal_foreground_cutaway PASS
OMDB_CASE physics CAM02.all_boundaries_remain_solid PASS
OMDB_CASE physics CAM02.diagonal_foreground_cutaway PASS
OMDB_CASE physics CAM02.diagonal_isometric_preset.11.1 PASS
OMDB_CASE physics CAM02.preserves_authored_elevation_distance_pitch PASS
OMDB_CASE physics CAM01.preserves_projection_framing PASS
OMDB_CASE physics CAM01.screen_movement_each_view PASS
OMDB_CASE physics CAM01.view_does_not_mutate_puzzle_collision PASS
OMDB_CASE physics CAM02.all_boundaries_remain_solid PASS
OMDB_CASE physics CAM02.diagonal_foreground_cutaway PASS
OMDB_CASE physics CAM02.all_boundaries_remain_solid PASS
OMDB_CASE physics CAM02.diagonal_foreground_cutaway PASS
OMDB_CASE physics CAM02.all_boundaries_remain_solid PASS
OMDB_CASE physics CAM02.diagonal_foreground_cutaway PASS
OMDB_CASE physics CAM02.all_boundaries_remain_solid PASS
OMDB_CASE physics CAM02.diagonal_foreground_cutaway PASS
OMDB_CASE physics CAM02.diagonal_isometric_preset.11.2 PASS
OMDB_CASE physics CAM02.preserves_authored_elevation_distance_pitch PASS
OMDB_CASE physics CAM01.preserves_projection_framing PASS
OMDB_CASE physics CAM01.screen_movement_each_view PASS
OMDB_CASE physics CAM01.view_does_not_mutate_puzzle_collision PASS
OMDB_CASE physics CAM02.all_boundaries_remain_solid PASS
OMDB_CASE physics CAM02.diagonal_foreground_cutaway PASS
OMDB_CASE physics CAM02.all_boundaries_remain_solid PASS
OMDB_CASE physics CAM02.diagonal_foreground_cutaway PASS
OMDB_CASE physics CAM02.all_boundaries_remain_solid PASS
OMDB_CASE physics CAM02.diagonal_foreground_cutaway PASS
OMDB_CASE physics CAM02.all_boundaries_remain_solid PASS
OMDB_CASE physics CAM02.diagonal_foreground_cutaway PASS
OMDB_CASE physics CAM02.diagonal_isometric_preset.11.3 PASS
OMDB_CASE physics CAM02.preserves_authored_elevation_distance_pitch PASS
OMDB_CASE physics CAM01.preserves_projection_framing PASS
OMDB_CASE physics CAM01.screen_movement_each_view PASS
OMDB_CASE physics CAM01.view_does_not_mutate_puzzle_collision PASS
OMDB_CASE physics CAM02.all_boundaries_remain_solid PASS
OMDB_CASE physics CAM02.diagonal_foreground_cutaway PASS
OMDB_CASE physics CAM02.all_boundaries_remain_solid PASS
OMDB_CASE physics CAM02.diagonal_foreground_cutaway PASS
OMDB_CASE physics CAM02.all_boundaries_remain_solid PASS
OMDB_CASE physics CAM02.diagonal_foreground_cutaway PASS
OMDB_CASE physics CAM02.all_boundaries_remain_solid PASS
OMDB_CASE physics CAM02.diagonal_foreground_cutaway PASS
OMDB_CASE physics CAM02.wraps_to_authored_corner PASS
OMDB_CASE physics CAM01.exit_has_visible_frame PASS
OMDB_CASE physics CAM02.first_cycle_quarter_turn.12.camera_next PASS
OMDB_CASE physics CAM02.first_cycle_quarter_turn.12.camera_previous PASS
OMDB_CASE physics CAM02.diagonal_isometric_preset.12.0 PASS
OMDB_CASE physics CAM02.preserves_authored_elevation_distance_pitch PASS
OMDB_CASE physics CAM02.first_view_matches_authored_camera PASS
OMDB_CASE physics CAM01.preserves_projection_framing PASS
OMDB_CASE physics CAM01.screen_movement_each_view PASS
OMDB_CASE physics CAM01.view_does_not_mutate_puzzle_collision PASS
OMDB_CASE physics CAM02.all_boundaries_remain_solid PASS
OMDB_CASE physics CAM02.diagonal_foreground_cutaway PASS
OMDB_CASE physics CAM02.all_boundaries_remain_solid PASS
OMDB_CASE physics CAM02.diagonal_foreground_cutaway PASS
OMDB_CASE physics CAM02.all_boundaries_remain_solid PASS
OMDB_CASE physics CAM02.diagonal_foreground_cutaway PASS
OMDB_CASE physics CAM02.all_boundaries_remain_solid PASS
OMDB_CASE physics CAM02.diagonal_foreground_cutaway PASS
OMDB_CASE physics CAM02.diagonal_isometric_preset.12.1 PASS
OMDB_CASE physics CAM02.preserves_authored_elevation_distance_pitch PASS
OMDB_CASE physics CAM01.preserves_projection_framing PASS
OMDB_CASE physics CAM01.screen_movement_each_view PASS
OMDB_CASE physics CAM01.view_does_not_mutate_puzzle_collision PASS
OMDB_CASE physics CAM02.all_boundaries_remain_solid PASS
OMDB_CASE physics CAM02.diagonal_foreground_cutaway PASS
OMDB_CASE physics CAM02.all_boundaries_remain_solid PASS
OMDB_CASE physics CAM02.diagonal_foreground_cutaway PASS
OMDB_CASE physics CAM02.all_boundaries_remain_solid PASS
OMDB_CASE physics CAM02.diagonal_foreground_cutaway PASS
OMDB_CASE physics CAM02.all_boundaries_remain_solid PASS
OMDB_CASE physics CAM02.diagonal_foreground_cutaway PASS
OMDB_CASE physics CAM02.diagonal_isometric_preset.12.2 PASS
OMDB_CASE physics CAM02.preserves_authored_elevation_distance_pitch PASS
OMDB_CASE physics CAM01.preserves_projection_framing PASS
OMDB_CASE physics CAM01.screen_movement_each_view PASS
OMDB_CASE physics CAM01.view_does_not_mutate_puzzle_collision PASS
OMDB_CASE physics CAM02.all_boundaries_remain_solid PASS
OMDB_CASE physics CAM02.diagonal_foreground_cutaway PASS
OMDB_CASE physics CAM02.all_boundaries_remain_solid PASS
OMDB_CASE physics CAM02.diagonal_foreground_cutaway PASS
OMDB_CASE physics CAM02.all_boundaries_remain_solid PASS
OMDB_CASE physics CAM02.diagonal_foreground_cutaway PASS
OMDB_CASE physics CAM02.all_boundaries_remain_solid PASS
OMDB_CASE physics CAM02.diagonal_foreground_cutaway PASS
OMDB_CASE physics CAM02.diagonal_isometric_preset.12.3 PASS
OMDB_CASE physics CAM02.preserves_authored_elevation_distance_pitch PASS
OMDB_CASE physics CAM01.preserves_projection_framing PASS
OMDB_CASE physics CAM01.screen_movement_each_view PASS
OMDB_CASE physics CAM01.view_does_not_mutate_puzzle_collision PASS
OMDB_CASE physics CAM02.all_boundaries_remain_solid PASS
OMDB_CASE physics CAM02.diagonal_foreground_cutaway PASS
OMDB_CASE physics CAM02.all_boundaries_remain_solid PASS
OMDB_CASE physics CAM02.diagonal_foreground_cutaway PASS
OMDB_CASE physics CAM02.all_boundaries_remain_solid PASS
OMDB_CASE physics CAM02.diagonal_foreground_cutaway PASS
OMDB_CASE physics CAM02.all_boundaries_remain_solid PASS
OMDB_CASE physics CAM02.diagonal_foreground_cutaway PASS
OMDB_CASE physics CAM02.wraps_to_authored_corner PASS
OMDB_CASE physics CAM01.exit_has_visible_frame PASS
OMDB_CASE physics CAM02.first_cycle_quarter_turn.13.camera_next PASS
OMDB_CASE physics CAM02.first_cycle_quarter_turn.13.camera_previous PASS
OMDB_CASE physics CAM02.diagonal_isometric_preset.13.0 PASS
OMDB_CASE physics CAM02.preserves_authored_elevation_distance_pitch PASS
OMDB_CASE physics CAM02.first_view_matches_authored_camera PASS
OMDB_CASE physics CAM01.preserves_projection_framing PASS
OMDB_CASE physics CAM01.screen_movement_each_view PASS
OMDB_CASE physics CAM01.view_does_not_mutate_puzzle_collision PASS
OMDB_CASE physics CAM02.all_boundaries_remain_solid PASS
OMDB_CASE physics CAM02.diagonal_foreground_cutaway PASS
OMDB_CASE physics CAM02.all_boundaries_remain_solid PASS
OMDB_CASE physics CAM02.diagonal_foreground_cutaway PASS
OMDB_CASE physics CAM02.all_boundaries_remain_solid PASS
OMDB_CASE physics CAM02.diagonal_foreground_cutaway PASS
OMDB_CASE physics CAM02.all_boundaries_remain_solid PASS
OMDB_CASE physics CAM02.diagonal_foreground_cutaway PASS
OMDB_CASE physics CAM02.diagonal_isometric_preset.13.1 PASS
OMDB_CASE physics CAM02.preserves_authored_elevation_distance_pitch PASS
OMDB_CASE physics CAM01.preserves_projection_framing PASS
OMDB_CASE physics CAM01.screen_movement_each_view PASS
OMDB_CASE physics CAM01.view_does_not_mutate_puzzle_collision PASS
OMDB_CASE physics CAM02.all_boundaries_remain_solid PASS
OMDB_CASE physics CAM02.diagonal_foreground_cutaway PASS
OMDB_CASE physics CAM02.all_boundaries_remain_solid PASS
OMDB_CASE physics CAM02.diagonal_foreground_cutaway PASS
OMDB_CASE physics CAM02.all_boundaries_remain_solid PASS
OMDB_CASE physics CAM02.diagonal_foreground_cutaway PASS
OMDB_CASE physics CAM02.all_boundaries_remain_solid PASS
OMDB_CASE physics CAM02.diagonal_foreground_cutaway PASS
OMDB_CASE physics CAM02.diagonal_isometric_preset.13.2 PASS
OMDB_CASE physics CAM02.preserves_authored_elevation_distance_pitch PASS
OMDB_CASE physics CAM01.preserves_projection_framing PASS
OMDB_CASE physics CAM01.screen_movement_each_view PASS
OMDB_CASE physics CAM01.view_does_not_mutate_puzzle_collision PASS
OMDB_CASE physics CAM02.all_boundaries_remain_solid PASS
OMDB_CASE physics CAM02.diagonal_foreground_cutaway PASS
OMDB_CASE physics CAM02.all_boundaries_remain_solid PASS
OMDB_CASE physics CAM02.diagonal_foreground_cutaway PASS
OMDB_CASE physics CAM02.all_boundaries_remain_solid PASS
OMDB_CASE physics CAM02.diagonal_foreground_cutaway PASS
OMDB_CASE physics CAM02.all_boundaries_remain_solid PASS
OMDB_CASE physics CAM02.diagonal_foreground_cutaway PASS
OMDB_CASE physics CAM02.diagonal_isometric_preset.13.3 PASS
OMDB_CASE physics CAM02.preserves_authored_elevation_distance_pitch PASS
OMDB_CASE physics CAM01.preserves_projection_framing PASS
OMDB_CASE physics CAM01.screen_movement_each_view PASS
OMDB_CASE physics CAM01.view_does_not_mutate_puzzle_collision PASS
OMDB_CASE physics CAM02.all_boundaries_remain_solid PASS
OMDB_CASE physics CAM02.diagonal_foreground_cutaway PASS
OMDB_CASE physics CAM02.all_boundaries_remain_solid PASS
OMDB_CASE physics CAM02.diagonal_foreground_cutaway PASS
OMDB_CASE physics CAM02.all_boundaries_remain_solid PASS
OMDB_CASE physics CAM02.diagonal_foreground_cutaway PASS
OMDB_CASE physics CAM02.all_boundaries_remain_solid PASS
OMDB_CASE physics CAM02.diagonal_foreground_cutaway PASS
OMDB_CASE physics CAM02.wraps_to_authored_corner PASS
OMDB_CASE physics CAM01.exit_has_visible_frame PASS
OMDB_CASE physics CAM02.first_cycle_quarter_turn.14.camera_next PASS
OMDB_CASE physics CAM02.first_cycle_quarter_turn.14.camera_previous PASS
OMDB_CASE physics CAM02.diagonal_isometric_preset.14.0 PASS
OMDB_CASE physics CAM02.preserves_authored_elevation_distance_pitch PASS
OMDB_CASE physics CAM02.first_view_matches_authored_camera PASS
OMDB_CASE physics CAM01.preserves_projection_framing PASS
OMDB_CASE physics CAM01.screen_movement_each_view PASS
OMDB_CASE physics CAM01.view_does_not_mutate_puzzle_collision PASS
OMDB_CASE physics CAM02.all_boundaries_remain_solid PASS
OMDB_CASE physics CAM02.diagonal_foreground_cutaway PASS
OMDB_CASE physics CAM02.all_boundaries_remain_solid PASS
OMDB_CASE physics CAM02.diagonal_foreground_cutaway PASS
OMDB_CASE physics CAM02.all_boundaries_remain_solid PASS
OMDB_CASE physics CAM02.diagonal_foreground_cutaway PASS
OMDB_CASE physics CAM02.all_boundaries_remain_solid PASS
OMDB_CASE physics CAM02.diagonal_foreground_cutaway PASS
OMDB_CASE physics CAM02.diagonal_isometric_preset.14.1 PASS
OMDB_CASE physics CAM02.preserves_authored_elevation_distance_pitch PASS
OMDB_CASE physics CAM01.preserves_projection_framing PASS
OMDB_CASE physics CAM01.screen_movement_each_view PASS
OMDB_CASE physics CAM01.view_does_not_mutate_puzzle_collision PASS
OMDB_CASE physics CAM02.all_boundaries_remain_solid PASS
OMDB_CASE physics CAM02.diagonal_foreground_cutaway PASS
OMDB_CASE physics CAM02.all_boundaries_remain_solid PASS
OMDB_CASE physics CAM02.diagonal_foreground_cutaway PASS
OMDB_CASE physics CAM02.all_boundaries_remain_solid PASS
OMDB_CASE physics CAM02.diagonal_foreground_cutaway PASS
OMDB_CASE physics CAM02.all_boundaries_remain_solid PASS
OMDB_CASE physics CAM02.diagonal_foreground_cutaway PASS
OMDB_CASE physics CAM02.diagonal_isometric_preset.14.2 PASS
OMDB_CASE physics CAM02.preserves_authored_elevation_distance_pitch PASS
OMDB_CASE physics CAM01.preserves_projection_framing PASS
OMDB_CASE physics CAM01.screen_movement_each_view PASS
OMDB_CASE physics CAM01.view_does_not_mutate_puzzle_collision PASS
OMDB_CASE physics CAM02.all_boundaries_remain_solid PASS
OMDB_CASE physics CAM02.diagonal_foreground_cutaway PASS
OMDB_CASE physics CAM02.all_boundaries_remain_solid PASS
OMDB_CASE physics CAM02.diagonal_foreground_cutaway PASS
OMDB_CASE physics CAM02.all_boundaries_remain_solid PASS
OMDB_CASE physics CAM02.diagonal_foreground_cutaway PASS
OMDB_CASE physics CAM02.all_boundaries_remain_solid PASS
OMDB_CASE physics CAM02.diagonal_foreground_cutaway PASS
OMDB_CASE physics CAM02.diagonal_isometric_preset.14.3 PASS
OMDB_CASE physics CAM02.preserves_authored_elevation_distance_pitch PASS
OMDB_CASE physics CAM01.preserves_projection_framing PASS
OMDB_CASE physics CAM01.screen_movement_each_view PASS
OMDB_CASE physics CAM01.view_does_not_mutate_puzzle_collision PASS
OMDB_CASE physics CAM02.all_boundaries_remain_solid PASS
OMDB_CASE physics CAM02.diagonal_foreground_cutaway PASS
OMDB_CASE physics CAM02.all_boundaries_remain_solid PASS
OMDB_CASE physics CAM02.diagonal_foreground_cutaway PASS
OMDB_CASE physics CAM02.all_boundaries_remain_solid PASS
OMDB_CASE physics CAM02.diagonal_foreground_cutaway PASS
OMDB_CASE physics CAM02.all_boundaries_remain_solid PASS
OMDB_CASE physics CAM02.diagonal_foreground_cutaway PASS
OMDB_CASE physics CAM02.wraps_to_authored_corner PASS
OMDB_CASE physics CAM01.exit_has_visible_frame PASS
OMDB_CASE physics CAM02.first_cycle_quarter_turn.15.camera_next PASS
OMDB_CASE physics CAM02.first_cycle_quarter_turn.15.camera_previous PASS
OMDB_CASE physics CAM02.diagonal_isometric_preset.15.0 PASS
OMDB_CASE physics CAM02.preserves_authored_elevation_distance_pitch PASS
OMDB_CASE physics CAM02.first_view_matches_authored_camera PASS
OMDB_CASE physics CAM01.preserves_projection_framing PASS
OMDB_CASE physics CAM01.screen_movement_each_view PASS
OMDB_CASE physics CAM01.view_does_not_mutate_puzzle_collision PASS
OMDB_CASE physics CAM02.all_boundaries_remain_solid PASS
OMDB_CASE physics CAM02.diagonal_foreground_cutaway PASS
OMDB_CASE physics CAM02.all_boundaries_remain_solid PASS
OMDB_CASE physics CAM02.diagonal_foreground_cutaway PASS
OMDB_CASE physics CAM02.all_boundaries_remain_solid PASS
OMDB_CASE physics CAM02.diagonal_foreground_cutaway PASS
OMDB_CASE physics CAM02.all_boundaries_remain_solid PASS
OMDB_CASE physics CAM02.diagonal_foreground_cutaway PASS
OMDB_CASE physics CAM02.diagonal_isometric_preset.15.1 PASS
OMDB_CASE physics CAM02.preserves_authored_elevation_distance_pitch PASS
OMDB_CASE physics CAM01.preserves_projection_framing PASS
OMDB_CASE physics CAM01.screen_movement_each_view PASS
OMDB_CASE physics CAM01.view_does_not_mutate_puzzle_collision PASS
OMDB_CASE physics CAM02.all_boundaries_remain_solid PASS
OMDB_CASE physics CAM02.diagonal_foreground_cutaway PASS
OMDB_CASE physics CAM02.all_boundaries_remain_solid PASS
OMDB_CASE physics CAM02.diagonal_foreground_cutaway PASS
OMDB_CASE physics CAM02.all_boundaries_remain_solid PASS
OMDB_CASE physics CAM02.diagonal_foreground_cutaway PASS
OMDB_CASE physics CAM02.all_boundaries_remain_solid PASS
OMDB_CASE physics CAM02.diagonal_foreground_cutaway PASS
OMDB_CASE physics CAM02.diagonal_isometric_preset.15.2 PASS
OMDB_CASE physics CAM02.preserves_authored_elevation_distance_pitch PASS
OMDB_CASE physics CAM01.preserves_projection_framing PASS
OMDB_CASE physics CAM01.screen_movement_each_view PASS
OMDB_CASE physics CAM01.view_does_not_mutate_puzzle_collision PASS
OMDB_CASE physics CAM02.all_boundaries_remain_solid PASS
OMDB_CASE physics CAM02.diagonal_foreground_cutaway PASS
OMDB_CASE physics CAM02.all_boundaries_remain_solid PASS
OMDB_CASE physics CAM02.diagonal_foreground_cutaway PASS
OMDB_CASE physics CAM02.all_boundaries_remain_solid PASS
OMDB_CASE physics CAM02.diagonal_foreground_cutaway PASS
OMDB_CASE physics CAM02.all_boundaries_remain_solid PASS
OMDB_CASE physics CAM02.diagonal_foreground_cutaway PASS
OMDB_CASE physics CAM02.diagonal_isometric_preset.15.3 PASS
OMDB_CASE physics CAM02.preserves_authored_elevation_distance_pitch PASS
OMDB_CASE physics CAM01.preserves_projection_framing PASS
OMDB_CASE physics CAM01.screen_movement_each_view PASS
OMDB_CASE physics CAM01.view_does_not_mutate_puzzle_collision PASS
OMDB_CASE physics CAM02.all_boundaries_remain_solid PASS
OMDB_CASE physics CAM02.diagonal_foreground_cutaway PASS
OMDB_CASE physics CAM02.all_boundaries_remain_solid PASS
OMDB_CASE physics CAM02.diagonal_foreground_cutaway PASS
OMDB_CASE physics CAM02.all_boundaries_remain_solid PASS
OMDB_CASE physics CAM02.diagonal_foreground_cutaway PASS
OMDB_CASE physics CAM02.all_boundaries_remain_solid PASS
OMDB_CASE physics CAM02.diagonal_foreground_cutaway PASS
OMDB_CASE physics CAM02.wraps_to_authored_corner PASS
OMDB_CASE physics CAM01.exit_has_visible_frame PASS
OMDB_CASE physics CAM02.first_cycle_quarter_turn.16.camera_next PASS
OMDB_CASE physics CAM02.first_cycle_quarter_turn.16.camera_previous PASS
OMDB_CASE physics CAM02.diagonal_isometric_preset.16.0 PASS
OMDB_CASE physics CAM02.preserves_authored_elevation_distance_pitch PASS
OMDB_CASE physics CAM02.first_view_matches_authored_camera PASS
OMDB_CASE physics CAM01.preserves_projection_framing PASS
OMDB_CASE physics CAM01.screen_movement_each_view PASS
OMDB_CASE physics CAM01.view_does_not_mutate_puzzle_collision PASS
OMDB_CASE physics CAM02.all_boundaries_remain_solid PASS
OMDB_CASE physics CAM02.diagonal_foreground_cutaway PASS
OMDB_CASE physics CAM02.all_boundaries_remain_solid PASS
OMDB_CASE physics CAM02.diagonal_foreground_cutaway PASS
OMDB_CASE physics CAM02.all_boundaries_remain_solid PASS
OMDB_CASE physics CAM02.diagonal_foreground_cutaway PASS
OMDB_CASE physics CAM02.all_boundaries_remain_solid PASS
OMDB_CASE physics CAM02.diagonal_foreground_cutaway PASS
OMDB_CASE physics CAM02.diagonal_isometric_preset.16.1 PASS
OMDB_CASE physics CAM02.preserves_authored_elevation_distance_pitch PASS
OMDB_CASE physics CAM01.preserves_projection_framing PASS
OMDB_CASE physics CAM01.screen_movement_each_view PASS
OMDB_CASE physics CAM01.view_does_not_mutate_puzzle_collision PASS
OMDB_CASE physics CAM02.all_boundaries_remain_solid PASS
OMDB_CASE physics CAM02.diagonal_foreground_cutaway PASS
OMDB_CASE physics CAM02.all_boundaries_remain_solid PASS
OMDB_CASE physics CAM02.diagonal_foreground_cutaway PASS
OMDB_CASE physics CAM02.all_boundaries_remain_solid PASS
OMDB_CASE physics CAM02.diagonal_foreground_cutaway PASS
OMDB_CASE physics CAM02.all_boundaries_remain_solid PASS
OMDB_CASE physics CAM02.diagonal_foreground_cutaway PASS
OMDB_CASE physics CAM02.diagonal_isometric_preset.16.2 PASS
OMDB_CASE physics CAM02.preserves_authored_elevation_distance_pitch PASS
OMDB_CASE physics CAM01.preserves_projection_framing PASS
OMDB_CASE physics CAM01.screen_movement_each_view PASS
OMDB_CASE physics CAM01.view_does_not_mutate_puzzle_collision PASS
OMDB_CASE physics CAM02.all_boundaries_remain_solid PASS
OMDB_CASE physics CAM02.diagonal_foreground_cutaway PASS
OMDB_CASE physics CAM02.all_boundaries_remain_solid PASS
OMDB_CASE physics CAM02.diagonal_foreground_cutaway PASS
OMDB_CASE physics CAM02.all_boundaries_remain_solid PASS
OMDB_CASE physics CAM02.diagonal_foreground_cutaway PASS
OMDB_CASE physics CAM02.all_boundaries_remain_solid PASS
OMDB_CASE physics CAM02.diagonal_foreground_cutaway PASS
OMDB_CASE physics CAM02.diagonal_isometric_preset.16.3 PASS
OMDB_CASE physics CAM02.preserves_authored_elevation_distance_pitch PASS
OMDB_CASE physics CAM01.preserves_projection_framing PASS
OMDB_CASE physics CAM01.screen_movement_each_view PASS
OMDB_CASE physics CAM01.view_does_not_mutate_puzzle_collision PASS
OMDB_CASE physics CAM02.all_boundaries_remain_solid PASS
OMDB_CASE physics CAM02.diagonal_foreground_cutaway PASS
OMDB_CASE physics CAM02.all_boundaries_remain_solid PASS
OMDB_CASE physics CAM02.diagonal_foreground_cutaway PASS
OMDB_CASE physics CAM02.all_boundaries_remain_solid PASS
OMDB_CASE physics CAM02.diagonal_foreground_cutaway PASS
OMDB_CASE physics CAM02.all_boundaries_remain_solid PASS
OMDB_CASE physics CAM02.diagonal_foreground_cutaway PASS
OMDB_CASE physics CAM02.wraps_to_authored_corner PASS
OMDB_CASE physics CAM01.exit_has_visible_frame PASS
OMDB_CASE physics CAM02.first_cycle_quarter_turn.17.camera_next PASS
OMDB_CASE physics CAM02.first_cycle_quarter_turn.17.camera_previous PASS
OMDB_CASE physics CAM02.diagonal_isometric_preset.17.0 PASS
OMDB_CASE physics CAM02.preserves_authored_elevation_distance_pitch PASS
OMDB_CASE physics CAM02.first_view_matches_authored_camera PASS
OMDB_CASE physics CAM01.preserves_projection_framing PASS
OMDB_CASE physics CAM01.screen_movement_each_view PASS
OMDB_CASE physics CAM01.view_does_not_mutate_puzzle_collision PASS
OMDB_CASE physics CAM02.all_boundaries_remain_solid PASS
OMDB_CASE physics CAM02.diagonal_foreground_cutaway PASS
OMDB_CASE physics CAM02.all_boundaries_remain_solid PASS
OMDB_CASE physics CAM02.diagonal_foreground_cutaway PASS
OMDB_CASE physics CAM02.all_boundaries_remain_solid PASS
OMDB_CASE physics CAM02.diagonal_foreground_cutaway PASS
OMDB_CASE physics CAM02.all_boundaries_remain_solid PASS
OMDB_CASE physics CAM02.diagonal_foreground_cutaway PASS
OMDB_CASE physics CAM02.diagonal_isometric_preset.17.1 PASS
OMDB_CASE physics CAM02.preserves_authored_elevation_distance_pitch PASS
OMDB_CASE physics CAM01.preserves_projection_framing PASS
OMDB_CASE physics CAM01.screen_movement_each_view PASS
OMDB_CASE physics CAM01.view_does_not_mutate_puzzle_collision PASS
OMDB_CASE physics CAM02.all_boundaries_remain_solid PASS
OMDB_CASE physics CAM02.diagonal_foreground_cutaway PASS
OMDB_CASE physics CAM02.all_boundaries_remain_solid PASS
OMDB_CASE physics CAM02.diagonal_foreground_cutaway PASS
OMDB_CASE physics CAM02.all_boundaries_remain_solid PASS
OMDB_CASE physics CAM02.diagonal_foreground_cutaway PASS
OMDB_CASE physics CAM02.all_boundaries_remain_solid PASS
OMDB_CASE physics CAM02.diagonal_foreground_cutaway PASS
OMDB_CASE physics CAM02.diagonal_isometric_preset.17.2 PASS
OMDB_CASE physics CAM02.preserves_authored_elevation_distance_pitch PASS
OMDB_CASE physics CAM01.preserves_projection_framing PASS
OMDB_CASE physics CAM01.screen_movement_each_view PASS
OMDB_CASE physics CAM01.view_does_not_mutate_puzzle_collision PASS
OMDB_CASE physics CAM02.all_boundaries_remain_solid PASS
OMDB_CASE physics CAM02.diagonal_foreground_cutaway PASS
OMDB_CASE physics CAM02.all_boundaries_remain_solid PASS
OMDB_CASE physics CAM02.diagonal_foreground_cutaway PASS
OMDB_CASE physics CAM02.all_boundaries_remain_solid PASS
OMDB_CASE physics CAM02.diagonal_foreground_cutaway PASS
OMDB_CASE physics CAM02.all_boundaries_remain_solid PASS
OMDB_CASE physics CAM02.diagonal_foreground_cutaway PASS
OMDB_CASE physics CAM02.diagonal_isometric_preset.17.3 PASS
OMDB_CASE physics CAM02.preserves_authored_elevation_distance_pitch PASS
OMDB_CASE physics CAM01.preserves_projection_framing PASS
OMDB_CASE physics CAM01.screen_movement_each_view PASS
OMDB_CASE physics CAM01.view_does_not_mutate_puzzle_collision PASS
OMDB_CASE physics CAM02.all_boundaries_remain_solid PASS
OMDB_CASE physics CAM02.diagonal_foreground_cutaway PASS
OMDB_CASE physics CAM02.all_boundaries_remain_solid PASS
OMDB_CASE physics CAM02.diagonal_foreground_cutaway PASS
OMDB_CASE physics CAM02.all_boundaries_remain_solid PASS
OMDB_CASE physics CAM02.diagonal_foreground_cutaway PASS
OMDB_CASE physics CAM02.all_boundaries_remain_solid PASS
OMDB_CASE physics CAM02.diagonal_foreground_cutaway PASS
OMDB_CASE physics CAM02.wraps_to_authored_corner PASS
OMDB_CASE physics CAM01.exit_has_visible_frame PASS
OMDB_CASE physics CAM02.first_cycle_quarter_turn.18.camera_next PASS
OMDB_CASE physics CAM02.first_cycle_quarter_turn.18.camera_previous PASS
OMDB_CASE physics CAM02.diagonal_isometric_preset.18.0 PASS
OMDB_CASE physics CAM02.preserves_authored_elevation_distance_pitch PASS
OMDB_CASE physics CAM02.first_view_matches_authored_camera PASS
OMDB_CASE physics CAM01.preserves_projection_framing PASS
OMDB_CASE physics CAM01.screen_movement_each_view PASS
OMDB_CASE physics CAM01.view_does_not_mutate_puzzle_collision PASS
OMDB_CASE physics CAM02.all_boundaries_remain_solid PASS
OMDB_CASE physics CAM02.diagonal_foreground_cutaway PASS
OMDB_CASE physics CAM02.all_boundaries_remain_solid PASS
OMDB_CASE physics CAM02.diagonal_foreground_cutaway PASS
OMDB_CASE physics CAM02.all_boundaries_remain_solid PASS
OMDB_CASE physics CAM02.diagonal_foreground_cutaway PASS
OMDB_CASE physics CAM02.all_boundaries_remain_solid PASS
OMDB_CASE physics CAM02.diagonal_foreground_cutaway PASS
OMDB_CASE physics CAM02.diagonal_isometric_preset.18.1 PASS
OMDB_CASE physics CAM02.preserves_authored_elevation_distance_pitch PASS
OMDB_CASE physics CAM01.preserves_projection_framing PASS
OMDB_CASE physics CAM01.screen_movement_each_view PASS
OMDB_CASE physics CAM01.view_does_not_mutate_puzzle_collision PASS
OMDB_CASE physics CAM02.all_boundaries_remain_solid PASS
OMDB_CASE physics CAM02.diagonal_foreground_cutaway PASS
OMDB_CASE physics CAM02.all_boundaries_remain_solid PASS
OMDB_CASE physics CAM02.diagonal_foreground_cutaway PASS
OMDB_CASE physics CAM02.all_boundaries_remain_solid PASS
OMDB_CASE physics CAM02.diagonal_foreground_cutaway PASS
OMDB_CASE physics CAM02.all_boundaries_remain_solid PASS
OMDB_CASE physics CAM02.diagonal_foreground_cutaway PASS
OMDB_CASE physics CAM02.diagonal_isometric_preset.18.2 PASS
OMDB_CASE physics CAM02.preserves_authored_elevation_distance_pitch PASS
OMDB_CASE physics CAM01.preserves_projection_framing PASS
OMDB_CASE physics CAM01.screen_movement_each_view PASS
OMDB_CASE physics CAM01.view_does_not_mutate_puzzle_collision PASS
OMDB_CASE physics CAM02.all_boundaries_remain_solid PASS
OMDB_CASE physics CAM02.diagonal_foreground_cutaway PASS
OMDB_CASE physics CAM02.all_boundaries_remain_solid PASS
OMDB_CASE physics CAM02.diagonal_foreground_cutaway PASS
OMDB_CASE physics CAM02.all_boundaries_remain_solid PASS
OMDB_CASE physics CAM02.diagonal_foreground_cutaway PASS
OMDB_CASE physics CAM02.all_boundaries_remain_solid PASS
OMDB_CASE physics CAM02.diagonal_foreground_cutaway PASS
OMDB_CASE physics CAM02.diagonal_isometric_preset.18.3 PASS
OMDB_CASE physics CAM02.preserves_authored_elevation_distance_pitch PASS
OMDB_CASE physics CAM01.preserves_projection_framing PASS
OMDB_CASE physics CAM01.screen_movement_each_view PASS
OMDB_CASE physics CAM01.view_does_not_mutate_puzzle_collision PASS
OMDB_CASE physics CAM02.all_boundaries_remain_solid PASS
OMDB_CASE physics CAM02.diagonal_foreground_cutaway PASS
OMDB_CASE physics CAM02.all_boundaries_remain_solid PASS
OMDB_CASE physics CAM02.diagonal_foreground_cutaway PASS
OMDB_CASE physics CAM02.all_boundaries_remain_solid PASS
OMDB_CASE physics CAM02.diagonal_foreground_cutaway PASS
OMDB_CASE physics CAM02.all_boundaries_remain_solid PASS
OMDB_CASE physics CAM02.diagonal_foreground_cutaway PASS
OMDB_CASE physics CAM02.wraps_to_authored_corner PASS
OMDB_CASE physics CAM01.exit_has_visible_frame PASS
OMDB_CASE physics CAM02.first_cycle_quarter_turn.19.camera_next PASS
OMDB_CASE physics CAM02.first_cycle_quarter_turn.19.camera_previous PASS
OMDB_CASE physics CAM02.diagonal_isometric_preset.19.0 PASS
OMDB_CASE physics CAM02.preserves_authored_elevation_distance_pitch PASS
OMDB_CASE physics CAM02.first_view_matches_authored_camera PASS
OMDB_CASE physics CAM01.preserves_projection_framing PASS
OMDB_CASE physics CAM01.screen_movement_each_view PASS
OMDB_CASE physics CAM01.view_does_not_mutate_puzzle_collision PASS
OMDB_CASE physics CAM02.all_boundaries_remain_solid PASS
OMDB_CASE physics CAM02.diagonal_foreground_cutaway PASS
OMDB_CASE physics CAM02.all_boundaries_remain_solid PASS
OMDB_CASE physics CAM02.diagonal_foreground_cutaway PASS
OMDB_CASE physics CAM02.all_boundaries_remain_solid PASS
OMDB_CASE physics CAM02.diagonal_foreground_cutaway PASS
OMDB_CASE physics CAM02.all_boundaries_remain_solid PASS
OMDB_CASE physics CAM02.diagonal_foreground_cutaway PASS
OMDB_CASE physics CAM02.diagonal_isometric_preset.19.1 PASS
OMDB_CASE physics CAM02.preserves_authored_elevation_distance_pitch PASS
OMDB_CASE physics CAM01.preserves_projection_framing PASS
OMDB_CASE physics CAM01.screen_movement_each_view PASS
OMDB_CASE physics CAM01.view_does_not_mutate_puzzle_collision PASS
OMDB_CASE physics CAM02.all_boundaries_remain_solid PASS
OMDB_CASE physics CAM02.diagonal_foreground_cutaway PASS
OMDB_CASE physics CAM02.all_boundaries_remain_solid PASS
OMDB_CASE physics CAM02.diagonal_foreground_cutaway PASS
OMDB_CASE physics CAM02.all_boundaries_remain_solid PASS
OMDB_CASE physics CAM02.diagonal_foreground_cutaway PASS
OMDB_CASE physics CAM02.all_boundaries_remain_solid PASS
OMDB_CASE physics CAM02.diagonal_foreground_cutaway PASS
OMDB_CASE physics CAM02.diagonal_isometric_preset.19.2 PASS
OMDB_CASE physics CAM02.preserves_authored_elevation_distance_pitch PASS
OMDB_CASE physics CAM01.preserves_projection_framing PASS
OMDB_CASE physics CAM01.screen_movement_each_view PASS
OMDB_CASE physics CAM01.view_does_not_mutate_puzzle_collision PASS
OMDB_CASE physics CAM02.all_boundaries_remain_solid PASS
OMDB_CASE physics CAM02.diagonal_foreground_cutaway PASS
OMDB_CASE physics CAM02.all_boundaries_remain_solid PASS
OMDB_CASE physics CAM02.diagonal_foreground_cutaway PASS
OMDB_CASE physics CAM02.all_boundaries_remain_solid PASS
OMDB_CASE physics CAM02.diagonal_foreground_cutaway PASS
OMDB_CASE physics CAM02.all_boundaries_remain_solid PASS
OMDB_CASE physics CAM02.diagonal_foreground_cutaway PASS
OMDB_CASE physics CAM02.diagonal_isometric_preset.19.3 PASS
OMDB_CASE physics CAM02.preserves_authored_elevation_distance_pitch PASS
OMDB_CASE physics CAM01.preserves_projection_framing PASS
OMDB_CASE physics CAM01.screen_movement_each_view PASS
OMDB_CASE physics CAM01.view_does_not_mutate_puzzle_collision PASS
OMDB_CASE physics CAM02.all_boundaries_remain_solid PASS
OMDB_CASE physics CAM02.diagonal_foreground_cutaway PASS
OMDB_CASE physics CAM02.all_boundaries_remain_solid PASS
OMDB_CASE physics CAM02.diagonal_foreground_cutaway PASS
OMDB_CASE physics CAM02.all_boundaries_remain_solid PASS
OMDB_CASE physics CAM02.diagonal_foreground_cutaway PASS
OMDB_CASE physics CAM02.all_boundaries_remain_solid PASS
OMDB_CASE physics CAM02.diagonal_foreground_cutaway PASS
OMDB_CASE physics CAM02.wraps_to_authored_corner PASS
OMDB_CASE physics CAM01.exit_has_visible_frame PASS
OMDB_CASE physics CAM02.first_cycle_quarter_turn.20.camera_next PASS
OMDB_CASE physics CAM02.first_cycle_quarter_turn.20.camera_previous PASS
OMDB_CASE physics CAM02.diagonal_isometric_preset.20.0 PASS
OMDB_CASE physics CAM02.preserves_authored_elevation_distance_pitch PASS
OMDB_CASE physics CAM02.first_view_matches_authored_camera PASS
OMDB_CASE physics CAM01.preserves_projection_framing PASS
OMDB_CASE physics CAM01.screen_movement_each_view PASS
OMDB_CASE physics CAM01.view_does_not_mutate_puzzle_collision PASS
OMDB_CASE physics CAM02.all_boundaries_remain_solid PASS
OMDB_CASE physics CAM02.diagonal_foreground_cutaway PASS
OMDB_CASE physics CAM02.all_boundaries_remain_solid PASS
OMDB_CASE physics CAM02.diagonal_foreground_cutaway PASS
OMDB_CASE physics CAM02.all_boundaries_remain_solid PASS
OMDB_CASE physics CAM02.diagonal_foreground_cutaway PASS
OMDB_CASE physics CAM02.all_boundaries_remain_solid PASS
OMDB_CASE physics CAM02.diagonal_foreground_cutaway PASS
OMDB_CASE physics CAM02.diagonal_isometric_preset.20.1 PASS
OMDB_CASE physics CAM02.preserves_authored_elevation_distance_pitch PASS
OMDB_CASE physics CAM01.preserves_projection_framing PASS
OMDB_CASE physics CAM01.screen_movement_each_view PASS
OMDB_CASE physics CAM01.view_does_not_mutate_puzzle_collision PASS
OMDB_CASE physics CAM02.all_boundaries_remain_solid PASS
OMDB_CASE physics CAM02.diagonal_foreground_cutaway PASS
OMDB_CASE physics CAM02.all_boundaries_remain_solid PASS
OMDB_CASE physics CAM02.diagonal_foreground_cutaway PASS
OMDB_CASE physics CAM02.all_boundaries_remain_solid PASS
OMDB_CASE physics CAM02.diagonal_foreground_cutaway PASS
OMDB_CASE physics CAM02.all_boundaries_remain_solid PASS
OMDB_CASE physics CAM02.diagonal_foreground_cutaway PASS
OMDB_CASE physics CAM02.diagonal_isometric_preset.20.2 PASS
OMDB_CASE physics CAM02.preserves_authored_elevation_distance_pitch PASS
OMDB_CASE physics CAM01.preserves_projection_framing PASS
OMDB_CASE physics CAM01.screen_movement_each_view PASS
OMDB_CASE physics CAM01.view_does_not_mutate_puzzle_collision PASS
OMDB_CASE physics CAM02.all_boundaries_remain_solid PASS
OMDB_CASE physics CAM02.diagonal_foreground_cutaway PASS
OMDB_CASE physics CAM02.all_boundaries_remain_solid PASS
OMDB_CASE physics CAM02.diagonal_foreground_cutaway PASS
OMDB_CASE physics CAM02.all_boundaries_remain_solid PASS
OMDB_CASE physics CAM02.diagonal_foreground_cutaway PASS
OMDB_CASE physics CAM02.all_boundaries_remain_solid PASS
OMDB_CASE physics CAM02.diagonal_foreground_cutaway PASS
OMDB_CASE physics CAM02.diagonal_isometric_preset.20.3 PASS
OMDB_CASE physics CAM02.preserves_authored_elevation_distance_pitch PASS
OMDB_CASE physics CAM01.preserves_projection_framing PASS
OMDB_CASE physics CAM01.screen_movement_each_view PASS
OMDB_CASE physics CAM01.view_does_not_mutate_puzzle_collision PASS
OMDB_CASE physics CAM02.all_boundaries_remain_solid PASS
OMDB_CASE physics CAM02.diagonal_foreground_cutaway PASS
OMDB_CASE physics CAM02.all_boundaries_remain_solid PASS
OMDB_CASE physics CAM02.diagonal_foreground_cutaway PASS
OMDB_CASE physics CAM02.all_boundaries_remain_solid PASS
OMDB_CASE physics CAM02.diagonal_foreground_cutaway PASS
OMDB_CASE physics CAM02.all_boundaries_remain_solid PASS
OMDB_CASE physics CAM02.diagonal_foreground_cutaway PASS
OMDB_CASE physics CAM02.wraps_to_authored_corner PASS
OMDB_CASE physics CAM01.exit_has_visible_frame PASS
OMDB_CASE physics CAM02.first_cycle_quarter_turn.21.camera_next PASS
OMDB_CASE physics CAM02.first_cycle_quarter_turn.21.camera_previous PASS
OMDB_CASE physics CAM02.diagonal_isometric_preset.21.0 PASS
OMDB_CASE physics CAM02.preserves_authored_elevation_distance_pitch PASS
OMDB_CASE physics CAM02.first_view_matches_authored_camera PASS
OMDB_CASE physics CAM01.preserves_projection_framing PASS
OMDB_CASE physics CAM01.screen_movement_each_view PASS
OMDB_CASE physics CAM01.view_does_not_mutate_puzzle_collision PASS
OMDB_CASE physics CAM02.all_boundaries_remain_solid PASS
OMDB_CASE physics CAM02.diagonal_foreground_cutaway PASS
OMDB_CASE physics CAM02.all_boundaries_remain_solid PASS
OMDB_CASE physics CAM02.diagonal_foreground_cutaway PASS
OMDB_CASE physics CAM02.all_boundaries_remain_solid PASS
OMDB_CASE physics CAM02.diagonal_foreground_cutaway PASS
OMDB_CASE physics CAM02.all_boundaries_remain_solid PASS
OMDB_CASE physics CAM02.diagonal_foreground_cutaway PASS
OMDB_CASE physics CAM02.diagonal_isometric_preset.21.1 PASS
OMDB_CASE physics CAM02.preserves_authored_elevation_distance_pitch PASS
OMDB_CASE physics CAM01.preserves_projection_framing PASS
OMDB_CASE physics CAM01.screen_movement_each_view PASS
OMDB_CASE physics CAM01.view_does_not_mutate_puzzle_collision PASS
OMDB_CASE physics CAM02.all_boundaries_remain_solid PASS
OMDB_CASE physics CAM02.diagonal_foreground_cutaway PASS
OMDB_CASE physics CAM02.all_boundaries_remain_solid PASS
OMDB_CASE physics CAM02.diagonal_foreground_cutaway PASS
OMDB_CASE physics CAM02.all_boundaries_remain_solid PASS
OMDB_CASE physics CAM02.diagonal_foreground_cutaway PASS
OMDB_CASE physics CAM02.all_boundaries_remain_solid PASS
OMDB_CASE physics CAM02.diagonal_foreground_cutaway PASS
OMDB_CASE physics CAM02.diagonal_isometric_preset.21.2 PASS
OMDB_CASE physics CAM02.preserves_authored_elevation_distance_pitch PASS
OMDB_CASE physics CAM01.preserves_projection_framing PASS
OMDB_CASE physics CAM01.screen_movement_each_view PASS
OMDB_CASE physics CAM01.view_does_not_mutate_puzzle_collision PASS
OMDB_CASE physics CAM02.all_boundaries_remain_solid PASS
OMDB_CASE physics CAM02.diagonal_foreground_cutaway PASS
OMDB_CASE physics CAM02.all_boundaries_remain_solid PASS
OMDB_CASE physics CAM02.diagonal_foreground_cutaway PASS
OMDB_CASE physics CAM02.all_boundaries_remain_solid PASS
OMDB_CASE physics CAM02.diagonal_foreground_cutaway PASS
OMDB_CASE physics CAM02.all_boundaries_remain_solid PASS
OMDB_CASE physics CAM02.diagonal_foreground_cutaway PASS
OMDB_CASE physics CAM02.diagonal_isometric_preset.21.3 PASS
OMDB_CASE physics CAM02.preserves_authored_elevation_distance_pitch PASS
OMDB_CASE physics CAM01.preserves_projection_framing PASS
OMDB_CASE physics CAM01.screen_movement_each_view PASS
OMDB_CASE physics CAM01.view_does_not_mutate_puzzle_collision PASS
OMDB_CASE physics CAM02.all_boundaries_remain_solid PASS
OMDB_CASE physics CAM02.diagonal_foreground_cutaway PASS
OMDB_CASE physics CAM02.all_boundaries_remain_solid PASS
OMDB_CASE physics CAM02.diagonal_foreground_cutaway PASS
OMDB_CASE physics CAM02.all_boundaries_remain_solid PASS
OMDB_CASE physics CAM02.diagonal_foreground_cutaway PASS
OMDB_CASE physics CAM02.all_boundaries_remain_solid PASS
OMDB_CASE physics CAM02.diagonal_foreground_cutaway PASS
OMDB_CASE physics CAM02.wraps_to_authored_corner PASS
OMDB_CASE physics CAM01.exit_has_visible_frame PASS
OMDB_CASE physics CAM02.first_cycle_quarter_turn.22.camera_next PASS
OMDB_CASE physics CAM02.first_cycle_quarter_turn.22.camera_previous PASS
OMDB_CASE physics CAM02.diagonal_isometric_preset.22.0 PASS
OMDB_CASE physics CAM02.preserves_authored_elevation_distance_pitch PASS
OMDB_CASE physics CAM02.first_view_matches_authored_camera PASS
OMDB_CASE physics CAM01.preserves_projection_framing PASS
OMDB_CASE physics CAM01.screen_movement_each_view PASS
OMDB_CASE physics CAM01.view_does_not_mutate_puzzle_collision PASS
OMDB_CASE physics CAM02.all_boundaries_remain_solid PASS
OMDB_CASE physics CAM02.diagonal_foreground_cutaway PASS
OMDB_CASE physics CAM02.all_boundaries_remain_solid PASS
OMDB_CASE physics CAM02.diagonal_foreground_cutaway PASS
OMDB_CASE physics CAM02.all_boundaries_remain_solid PASS
OMDB_CASE physics CAM02.diagonal_foreground_cutaway PASS
OMDB_CASE physics CAM02.all_boundaries_remain_solid PASS
OMDB_CASE physics CAM02.diagonal_foreground_cutaway PASS
OMDB_CASE physics CAM02.diagonal_isometric_preset.22.1 PASS
OMDB_CASE physics CAM02.preserves_authored_elevation_distance_pitch PASS
OMDB_CASE physics CAM01.preserves_projection_framing PASS
OMDB_CASE physics CAM01.screen_movement_each_view PASS
OMDB_CASE physics CAM01.view_does_not_mutate_puzzle_collision PASS
OMDB_CASE physics CAM02.all_boundaries_remain_solid PASS
OMDB_CASE physics CAM02.diagonal_foreground_cutaway PASS
OMDB_CASE physics CAM02.all_boundaries_remain_solid PASS
OMDB_CASE physics CAM02.diagonal_foreground_cutaway PASS
OMDB_CASE physics CAM02.all_boundaries_remain_solid PASS
OMDB_CASE physics CAM02.diagonal_foreground_cutaway PASS
OMDB_CASE physics CAM02.all_boundaries_remain_solid PASS
OMDB_CASE physics CAM02.diagonal_foreground_cutaway PASS
OMDB_CASE physics CAM02.diagonal_isometric_preset.22.2 PASS
OMDB_CASE physics CAM02.preserves_authored_elevation_distance_pitch PASS
OMDB_CASE physics CAM01.preserves_projection_framing PASS
OMDB_CASE physics CAM01.screen_movement_each_view PASS
OMDB_CASE physics CAM01.view_does_not_mutate_puzzle_collision PASS
OMDB_CASE physics CAM02.all_boundaries_remain_solid PASS
OMDB_CASE physics CAM02.diagonal_foreground_cutaway PASS
OMDB_CASE physics CAM02.all_boundaries_remain_solid PASS
OMDB_CASE physics CAM02.diagonal_foreground_cutaway PASS
OMDB_CASE physics CAM02.all_boundaries_remain_solid PASS
OMDB_CASE physics CAM02.diagonal_foreground_cutaway PASS
OMDB_CASE physics CAM02.all_boundaries_remain_solid PASS
OMDB_CASE physics CAM02.diagonal_foreground_cutaway PASS
OMDB_CASE physics CAM02.diagonal_isometric_preset.22.3 PASS
OMDB_CASE physics CAM02.preserves_authored_elevation_distance_pitch PASS
OMDB_CASE physics CAM01.preserves_projection_framing PASS
OMDB_CASE physics CAM01.screen_movement_each_view PASS
OMDB_CASE physics CAM01.view_does_not_mutate_puzzle_collision PASS
OMDB_CASE physics CAM02.all_boundaries_remain_solid PASS
OMDB_CASE physics CAM02.diagonal_foreground_cutaway PASS
OMDB_CASE physics CAM02.all_boundaries_remain_solid PASS
OMDB_CASE physics CAM02.diagonal_foreground_cutaway PASS
OMDB_CASE physics CAM02.all_boundaries_remain_solid PASS
OMDB_CASE physics CAM02.diagonal_foreground_cutaway PASS
OMDB_CASE physics CAM02.all_boundaries_remain_solid PASS
OMDB_CASE physics CAM02.diagonal_foreground_cutaway PASS
OMDB_CASE physics CAM02.wraps_to_authored_corner PASS
OMDB_CASE physics CAM01.exit_has_visible_frame PASS
OMDB_CASE physics CAM02.first_cycle_quarter_turn.23.camera_next PASS
OMDB_CASE physics CAM02.first_cycle_quarter_turn.23.camera_previous PASS
OMDB_CASE physics CAM02.diagonal_isometric_preset.23.0 PASS
OMDB_CASE physics CAM02.preserves_authored_elevation_distance_pitch PASS
OMDB_CASE physics CAM02.first_view_matches_authored_camera PASS
OMDB_CASE physics CAM01.preserves_projection_framing PASS
OMDB_CASE physics CAM01.screen_movement_each_view PASS
OMDB_CASE physics CAM01.view_does_not_mutate_puzzle_collision PASS
OMDB_CASE physics CAM02.all_boundaries_remain_solid PASS
OMDB_CASE physics CAM02.diagonal_foreground_cutaway PASS
OMDB_CASE physics CAM02.all_boundaries_remain_solid PASS
OMDB_CASE physics CAM02.diagonal_foreground_cutaway PASS
OMDB_CASE physics CAM02.all_boundaries_remain_solid PASS
OMDB_CASE physics CAM02.diagonal_foreground_cutaway PASS
OMDB_CASE physics CAM02.all_boundaries_remain_solid PASS
OMDB_CASE physics CAM02.diagonal_foreground_cutaway PASS
OMDB_CASE physics CAM02.diagonal_isometric_preset.23.1 PASS
OMDB_CASE physics CAM02.preserves_authored_elevation_distance_pitch PASS
OMDB_CASE physics CAM01.preserves_projection_framing PASS
OMDB_CASE physics CAM01.screen_movement_each_view PASS
OMDB_CASE physics CAM01.view_does_not_mutate_puzzle_collision PASS
OMDB_CASE physics CAM02.all_boundaries_remain_solid PASS
OMDB_CASE physics CAM02.diagonal_foreground_cutaway PASS
OMDB_CASE physics CAM02.all_boundaries_remain_solid PASS
OMDB_CASE physics CAM02.diagonal_foreground_cutaway PASS
OMDB_CASE physics CAM02.all_boundaries_remain_solid PASS
OMDB_CASE physics CAM02.diagonal_foreground_cutaway PASS
OMDB_CASE physics CAM02.all_boundaries_remain_solid PASS
OMDB_CASE physics CAM02.diagonal_foreground_cutaway PASS
OMDB_CASE physics CAM02.diagonal_isometric_preset.23.2 PASS
OMDB_CASE physics CAM02.preserves_authored_elevation_distance_pitch PASS
OMDB_CASE physics CAM01.preserves_projection_framing PASS
OMDB_CASE physics CAM01.screen_movement_each_view PASS
OMDB_CASE physics CAM01.view_does_not_mutate_puzzle_collision PASS
OMDB_CASE physics CAM02.all_boundaries_remain_solid PASS
OMDB_CASE physics CAM02.diagonal_foreground_cutaway PASS
OMDB_CASE physics CAM02.all_boundaries_remain_solid PASS
OMDB_CASE physics CAM02.diagonal_foreground_cutaway PASS
OMDB_CASE physics CAM02.all_boundaries_remain_solid PASS
OMDB_CASE physics CAM02.diagonal_foreground_cutaway PASS
OMDB_CASE physics CAM02.all_boundaries_remain_solid PASS
OMDB_CASE physics CAM02.diagonal_foreground_cutaway PASS
OMDB_CASE physics CAM02.diagonal_isometric_preset.23.3 PASS
OMDB_CASE physics CAM02.preserves_authored_elevation_distance_pitch PASS
OMDB_CASE physics CAM01.preserves_projection_framing PASS
OMDB_CASE physics CAM01.screen_movement_each_view PASS
OMDB_CASE physics CAM01.view_does_not_mutate_puzzle_collision PASS
OMDB_CASE physics CAM02.all_boundaries_remain_solid PASS
OMDB_CASE physics CAM02.diagonal_foreground_cutaway PASS
OMDB_CASE physics CAM02.all_boundaries_remain_solid PASS
OMDB_CASE physics CAM02.diagonal_foreground_cutaway PASS
OMDB_CASE physics CAM02.all_boundaries_remain_solid PASS
OMDB_CASE physics CAM02.diagonal_foreground_cutaway PASS
OMDB_CASE physics CAM02.all_boundaries_remain_solid PASS
OMDB_CASE physics CAM02.diagonal_foreground_cutaway PASS
OMDB_CASE physics CAM02.wraps_to_authored_corner PASS
OMDB_CASE physics CAM01.exit_has_visible_frame PASS
OMDB_CASE physics CAM02.first_cycle_quarter_turn.24.camera_next PASS
OMDB_CASE physics CAM02.first_cycle_quarter_turn.24.camera_previous PASS
OMDB_CASE physics CAM02.diagonal_isometric_preset.24.0 PASS
OMDB_CASE physics CAM02.preserves_authored_elevation_distance_pitch PASS
OMDB_CASE physics CAM02.first_view_matches_authored_camera PASS
OMDB_CASE physics CAM01.preserves_projection_framing PASS
OMDB_CASE physics CAM01.screen_movement_each_view PASS
OMDB_CASE physics CAM01.view_does_not_mutate_puzzle_collision PASS
OMDB_CASE physics CAM02.all_boundaries_remain_solid PASS
OMDB_CASE physics CAM02.diagonal_foreground_cutaway PASS
OMDB_CASE physics CAM02.all_boundaries_remain_solid PASS
OMDB_CASE physics CAM02.diagonal_foreground_cutaway PASS
OMDB_CASE physics CAM02.all_boundaries_remain_solid PASS
OMDB_CASE physics CAM02.diagonal_foreground_cutaway PASS
OMDB_CASE physics CAM02.all_boundaries_remain_solid PASS
OMDB_CASE physics CAM02.diagonal_foreground_cutaway PASS
OMDB_CASE physics CAM02.diagonal_isometric_preset.24.1 PASS
OMDB_CASE physics CAM02.preserves_authored_elevation_distance_pitch PASS
OMDB_CASE physics CAM01.preserves_projection_framing PASS
OMDB_CASE physics CAM01.screen_movement_each_view PASS
OMDB_CASE physics CAM01.view_does_not_mutate_puzzle_collision PASS
OMDB_CASE physics CAM02.all_boundaries_remain_solid PASS
OMDB_CASE physics CAM02.diagonal_foreground_cutaway PASS
OMDB_CASE physics CAM02.all_boundaries_remain_solid PASS
OMDB_CASE physics CAM02.diagonal_foreground_cutaway PASS
OMDB_CASE physics CAM02.all_boundaries_remain_solid PASS
OMDB_CASE physics CAM02.diagonal_foreground_cutaway PASS
OMDB_CASE physics CAM02.all_boundaries_remain_solid PASS
OMDB_CASE physics CAM02.diagonal_foreground_cutaway PASS
OMDB_CASE physics CAM02.diagonal_isometric_preset.24.2 PASS
OMDB_CASE physics CAM02.preserves_authored_elevation_distance_pitch PASS
OMDB_CASE physics CAM01.preserves_projection_framing PASS
OMDB_CASE physics CAM01.screen_movement_each_view PASS
OMDB_CASE physics CAM01.view_does_not_mutate_puzzle_collision PASS
OMDB_CASE physics CAM02.all_boundaries_remain_solid PASS
OMDB_CASE physics CAM02.diagonal_foreground_cutaway PASS
OMDB_CASE physics CAM02.all_boundaries_remain_solid PASS
OMDB_CASE physics CAM02.diagonal_foreground_cutaway PASS
OMDB_CASE physics CAM02.all_boundaries_remain_solid PASS
OMDB_CASE physics CAM02.diagonal_foreground_cutaway PASS
OMDB_CASE physics CAM02.all_boundaries_remain_solid PASS
OMDB_CASE physics CAM02.diagonal_foreground_cutaway PASS
OMDB_CASE physics CAM02.diagonal_isometric_preset.24.3 PASS
OMDB_CASE physics CAM02.preserves_authored_elevation_distance_pitch PASS
OMDB_CASE physics CAM01.preserves_projection_framing PASS
OMDB_CASE physics CAM01.screen_movement_each_view PASS
OMDB_CASE physics CAM01.view_does_not_mutate_puzzle_collision PASS
OMDB_CASE physics CAM02.all_boundaries_remain_solid PASS
OMDB_CASE physics CAM02.diagonal_foreground_cutaway PASS
OMDB_CASE physics CAM02.all_boundaries_remain_solid PASS
OMDB_CASE physics CAM02.diagonal_foreground_cutaway PASS
OMDB_CASE physics CAM02.all_boundaries_remain_solid PASS
OMDB_CASE physics CAM02.diagonal_foreground_cutaway PASS
OMDB_CASE physics CAM02.all_boundaries_remain_solid PASS
OMDB_CASE physics CAM02.diagonal_foreground_cutaway PASS
OMDB_CASE physics CAM02.wraps_to_authored_corner PASS
OMDB_CASE physics CAM01.exit_has_visible_frame PASS
OMDB_CASE physics CAM02.first_cycle_quarter_turn.25.camera_next PASS
OMDB_CASE physics CAM02.first_cycle_quarter_turn.25.camera_previous PASS
OMDB_CASE physics CAM02.diagonal_isometric_preset.25.0 PASS
OMDB_CASE physics CAM02.preserves_authored_elevation_distance_pitch PASS
OMDB_CASE physics CAM02.first_view_matches_authored_camera PASS
OMDB_CASE physics CAM01.preserves_projection_framing PASS
OMDB_CASE physics CAM01.screen_movement_each_view PASS
OMDB_CASE physics CAM01.view_does_not_mutate_puzzle_collision PASS
OMDB_CASE physics CAM02.all_boundaries_remain_solid PASS
OMDB_CASE physics CAM02.diagonal_foreground_cutaway PASS
OMDB_CASE physics CAM02.all_boundaries_remain_solid PASS
OMDB_CASE physics CAM02.diagonal_foreground_cutaway PASS
OMDB_CASE physics CAM02.all_boundaries_remain_solid PASS
OMDB_CASE physics CAM02.diagonal_foreground_cutaway PASS
OMDB_CASE physics CAM02.all_boundaries_remain_solid PASS
OMDB_CASE physics CAM02.diagonal_foreground_cutaway PASS
OMDB_CASE physics CAM02.diagonal_isometric_preset.25.1 PASS
OMDB_CASE physics CAM02.preserves_authored_elevation_distance_pitch PASS
OMDB_CASE physics CAM01.preserves_projection_framing PASS
OMDB_CASE physics CAM01.screen_movement_each_view PASS
OMDB_CASE physics CAM01.view_does_not_mutate_puzzle_collision PASS
OMDB_CASE physics CAM02.all_boundaries_remain_solid PASS
OMDB_CASE physics CAM02.diagonal_foreground_cutaway PASS
OMDB_CASE physics CAM02.all_boundaries_remain_solid PASS
OMDB_CASE physics CAM02.diagonal_foreground_cutaway PASS
OMDB_CASE physics CAM02.all_boundaries_remain_solid PASS
OMDB_CASE physics CAM02.diagonal_foreground_cutaway PASS
OMDB_CASE physics CAM02.all_boundaries_remain_solid PASS
OMDB_CASE physics CAM02.diagonal_foreground_cutaway PASS
OMDB_CASE physics CAM02.diagonal_isometric_preset.25.2 PASS
OMDB_CASE physics CAM02.preserves_authored_elevation_distance_pitch PASS
OMDB_CASE physics CAM01.preserves_projection_framing PASS
OMDB_CASE physics CAM01.screen_movement_each_view PASS
OMDB_CASE physics CAM01.view_does_not_mutate_puzzle_collision PASS
OMDB_CASE physics CAM02.all_boundaries_remain_solid PASS
OMDB_CASE physics CAM02.diagonal_foreground_cutaway PASS
OMDB_CASE physics CAM02.all_boundaries_remain_solid PASS
OMDB_CASE physics CAM02.diagonal_foreground_cutaway PASS
OMDB_CASE physics CAM02.all_boundaries_remain_solid PASS
OMDB_CASE physics CAM02.diagonal_foreground_cutaway PASS
OMDB_CASE physics CAM02.all_boundaries_remain_solid PASS
OMDB_CASE physics CAM02.diagonal_foreground_cutaway PASS
OMDB_CASE physics CAM02.diagonal_isometric_preset.25.3 PASS
OMDB_CASE physics CAM02.preserves_authored_elevation_distance_pitch PASS
OMDB_CASE physics CAM01.preserves_projection_framing PASS
OMDB_CASE physics CAM01.screen_movement_each_view PASS
OMDB_CASE physics CAM01.view_does_not_mutate_puzzle_collision PASS
OMDB_CASE physics CAM02.all_boundaries_remain_solid PASS
OMDB_CASE physics CAM02.diagonal_foreground_cutaway PASS
OMDB_CASE physics CAM02.all_boundaries_remain_solid PASS
OMDB_CASE physics CAM02.diagonal_foreground_cutaway PASS
OMDB_CASE physics CAM02.all_boundaries_remain_solid PASS
OMDB_CASE physics CAM02.diagonal_foreground_cutaway PASS
OMDB_CASE physics CAM02.all_boundaries_remain_solid PASS
OMDB_CASE physics CAM02.diagonal_foreground_cutaway PASS
OMDB_CASE physics CAM02.wraps_to_authored_corner PASS
OMDB_CASE physics CAM01.exit_has_visible_frame PASS
OMDB_CASE physics CAM02.first_cycle_quarter_turn.26.camera_next PASS
OMDB_CASE physics CAM02.first_cycle_quarter_turn.26.camera_previous PASS
OMDB_CASE physics CAM02.diagonal_isometric_preset.26.0 PASS
OMDB_CASE physics CAM02.preserves_authored_elevation_distance_pitch PASS
OMDB_CASE physics CAM02.first_view_matches_authored_camera PASS
OMDB_CASE physics CAM01.preserves_projection_framing PASS
OMDB_CASE physics CAM01.screen_movement_each_view PASS
OMDB_CASE physics CAM01.view_does_not_mutate_puzzle_collision PASS
OMDB_CASE physics CAM02.all_boundaries_remain_solid PASS
OMDB_CASE physics CAM02.diagonal_foreground_cutaway PASS
OMDB_CASE physics CAM02.all_boundaries_remain_solid PASS
OMDB_CASE physics CAM02.diagonal_foreground_cutaway PASS
OMDB_CASE physics CAM02.all_boundaries_remain_solid PASS
OMDB_CASE physics CAM02.diagonal_foreground_cutaway PASS
OMDB_CASE physics CAM02.all_boundaries_remain_solid PASS
OMDB_CASE physics CAM02.diagonal_foreground_cutaway PASS
OMDB_CASE physics CAM02.diagonal_isometric_preset.26.1 PASS
OMDB_CASE physics CAM02.preserves_authored_elevation_distance_pitch PASS
OMDB_CASE physics CAM01.preserves_projection_framing PASS
OMDB_CASE physics CAM01.screen_movement_each_view PASS
OMDB_CASE physics CAM01.view_does_not_mutate_puzzle_collision PASS
OMDB_CASE physics CAM02.all_boundaries_remain_solid PASS
OMDB_CASE physics CAM02.diagonal_foreground_cutaway PASS
OMDB_CASE physics CAM02.all_boundaries_remain_solid PASS
OMDB_CASE physics CAM02.diagonal_foreground_cutaway PASS
OMDB_CASE physics CAM02.all_boundaries_remain_solid PASS
OMDB_CASE physics CAM02.diagonal_foreground_cutaway PASS
OMDB_CASE physics CAM02.all_boundaries_remain_solid PASS
OMDB_CASE physics CAM02.diagonal_foreground_cutaway PASS
OMDB_CASE physics CAM02.diagonal_isometric_preset.26.2 PASS
OMDB_CASE physics CAM02.preserves_authored_elevation_distance_pitch PASS
OMDB_CASE physics CAM01.preserves_projection_framing PASS
OMDB_CASE physics CAM01.screen_movement_each_view PASS
OMDB_CASE physics CAM01.view_does_not_mutate_puzzle_collision PASS
OMDB_CASE physics CAM02.all_boundaries_remain_solid PASS
OMDB_CASE physics CAM02.diagonal_foreground_cutaway PASS
OMDB_CASE physics CAM02.all_boundaries_remain_solid PASS
OMDB_CASE physics CAM02.diagonal_foreground_cutaway PASS
OMDB_CASE physics CAM02.all_boundaries_remain_solid PASS
OMDB_CASE physics CAM02.diagonal_foreground_cutaway PASS
OMDB_CASE physics CAM02.all_boundaries_remain_solid PASS
OMDB_CASE physics CAM02.diagonal_foreground_cutaway PASS
OMDB_CASE physics CAM02.diagonal_isometric_preset.26.3 PASS
OMDB_CASE physics CAM02.preserves_authored_elevation_distance_pitch PASS
OMDB_CASE physics CAM01.preserves_projection_framing PASS
OMDB_CASE physics CAM01.screen_movement_each_view PASS
OMDB_CASE physics CAM01.view_does_not_mutate_puzzle_collision PASS
OMDB_CASE physics CAM02.all_boundaries_remain_solid PASS
OMDB_CASE physics CAM02.diagonal_foreground_cutaway PASS
OMDB_CASE physics CAM02.all_boundaries_remain_solid PASS
OMDB_CASE physics CAM02.diagonal_foreground_cutaway PASS
OMDB_CASE physics CAM02.all_boundaries_remain_solid PASS
OMDB_CASE physics CAM02.diagonal_foreground_cutaway PASS
OMDB_CASE physics CAM02.all_boundaries_remain_solid PASS
OMDB_CASE physics CAM02.diagonal_foreground_cutaway PASS
OMDB_CASE physics CAM02.wraps_to_authored_corner PASS
OMDB_CASE physics CAM01.exit_has_visible_frame PASS
OMDB_CASE physics CAM02.first_cycle_quarter_turn.27.camera_next PASS
OMDB_CASE physics CAM02.first_cycle_quarter_turn.27.camera_previous PASS
OMDB_CASE physics CAM02.diagonal_isometric_preset.27.0 PASS
OMDB_CASE physics CAM02.preserves_authored_elevation_distance_pitch PASS
OMDB_CASE physics CAM02.first_view_matches_authored_camera PASS
OMDB_CASE physics CAM01.preserves_projection_framing PASS
OMDB_CASE physics CAM01.screen_movement_each_view PASS
OMDB_CASE physics CAM01.view_does_not_mutate_puzzle_collision PASS
OMDB_CASE physics CAM02.all_boundaries_remain_solid PASS
OMDB_CASE physics CAM02.diagonal_foreground_cutaway PASS
OMDB_CASE physics CAM02.all_boundaries_remain_solid PASS
OMDB_CASE physics CAM02.diagonal_foreground_cutaway PASS
OMDB_CASE physics CAM02.all_boundaries_remain_solid PASS
OMDB_CASE physics CAM02.diagonal_foreground_cutaway PASS
OMDB_CASE physics CAM02.all_boundaries_remain_solid PASS
OMDB_CASE physics CAM02.diagonal_foreground_cutaway PASS
OMDB_CASE physics CAM02.diagonal_isometric_preset.27.1 PASS
OMDB_CASE physics CAM02.preserves_authored_elevation_distance_pitch PASS
OMDB_CASE physics CAM01.preserves_projection_framing PASS
OMDB_CASE physics CAM01.screen_movement_each_view PASS
OMDB_CASE physics CAM01.view_does_not_mutate_puzzle_collision PASS
OMDB_CASE physics CAM02.all_boundaries_remain_solid PASS
OMDB_CASE physics CAM02.diagonal_foreground_cutaway PASS
OMDB_CASE physics CAM02.all_boundaries_remain_solid PASS
OMDB_CASE physics CAM02.diagonal_foreground_cutaway PASS
OMDB_CASE physics CAM02.all_boundaries_remain_solid PASS
OMDB_CASE physics CAM02.diagonal_foreground_cutaway PASS
OMDB_CASE physics CAM02.all_boundaries_remain_solid PASS
OMDB_CASE physics CAM02.diagonal_foreground_cutaway PASS
OMDB_CASE physics CAM02.diagonal_isometric_preset.27.2 PASS
OMDB_CASE physics CAM02.preserves_authored_elevation_distance_pitch PASS
OMDB_CASE physics CAM01.preserves_projection_framing PASS
OMDB_CASE physics CAM01.screen_movement_each_view PASS
OMDB_CASE physics CAM01.view_does_not_mutate_puzzle_collision PASS
OMDB_CASE physics CAM02.all_boundaries_remain_solid PASS
OMDB_CASE physics CAM02.diagonal_foreground_cutaway PASS
OMDB_CASE physics CAM02.all_boundaries_remain_solid PASS
OMDB_CASE physics CAM02.diagonal_foreground_cutaway PASS
OMDB_CASE physics CAM02.all_boundaries_remain_solid PASS
OMDB_CASE physics CAM02.diagonal_foreground_cutaway PASS
OMDB_CASE physics CAM02.all_boundaries_remain_solid PASS
OMDB_CASE physics CAM02.diagonal_foreground_cutaway PASS
OMDB_CASE physics CAM02.diagonal_isometric_preset.27.3 PASS
OMDB_CASE physics CAM02.preserves_authored_elevation_distance_pitch PASS
OMDB_CASE physics CAM01.preserves_projection_framing PASS
OMDB_CASE physics CAM01.screen_movement_each_view PASS
OMDB_CASE physics CAM01.view_does_not_mutate_puzzle_collision PASS
OMDB_CASE physics CAM02.all_boundaries_remain_solid PASS
OMDB_CASE physics CAM02.diagonal_foreground_cutaway PASS
OMDB_CASE physics CAM02.all_boundaries_remain_solid PASS
OMDB_CASE physics CAM02.diagonal_foreground_cutaway PASS
OMDB_CASE physics CAM02.all_boundaries_remain_solid PASS
OMDB_CASE physics CAM02.diagonal_foreground_cutaway PASS
OMDB_CASE physics CAM02.all_boundaries_remain_solid PASS
OMDB_CASE physics CAM02.diagonal_foreground_cutaway PASS
OMDB_CASE physics CAM02.wraps_to_authored_corner PASS
OMDB_CASE physics CAM01.exit_has_visible_frame PASS
OMDB_CASE physics CAM02.first_cycle_quarter_turn.28.camera_next PASS
OMDB_CASE physics CAM02.first_cycle_quarter_turn.28.camera_previous PASS
OMDB_CASE physics CAM02.diagonal_isometric_preset.28.0 PASS
OMDB_CASE physics CAM02.preserves_authored_elevation_distance_pitch PASS
OMDB_CASE physics CAM02.first_view_matches_authored_camera PASS
OMDB_CASE physics CAM01.preserves_projection_framing PASS
OMDB_CASE physics CAM01.screen_movement_each_view PASS
OMDB_CASE physics CAM01.view_does_not_mutate_puzzle_collision PASS
OMDB_CASE physics CAM02.all_boundaries_remain_solid PASS
OMDB_CASE physics CAM02.diagonal_foreground_cutaway PASS
OMDB_CASE physics CAM02.all_boundaries_remain_solid PASS
OMDB_CASE physics CAM02.diagonal_foreground_cutaway PASS
OMDB_CASE physics CAM02.all_boundaries_remain_solid PASS
OMDB_CASE physics CAM02.diagonal_foreground_cutaway PASS
OMDB_CASE physics CAM02.all_boundaries_remain_solid PASS
OMDB_CASE physics CAM02.diagonal_foreground_cutaway PASS
OMDB_CASE physics CAM02.diagonal_isometric_preset.28.1 PASS
OMDB_CASE physics CAM02.preserves_authored_elevation_distance_pitch PASS
OMDB_CASE physics CAM01.preserves_projection_framing PASS
OMDB_CASE physics CAM01.screen_movement_each_view PASS
OMDB_CASE physics CAM01.view_does_not_mutate_puzzle_collision PASS
OMDB_CASE physics CAM02.all_boundaries_remain_solid PASS
OMDB_CASE physics CAM02.diagonal_foreground_cutaway PASS
OMDB_CASE physics CAM02.all_boundaries_remain_solid PASS
OMDB_CASE physics CAM02.diagonal_foreground_cutaway PASS
OMDB_CASE physics CAM02.all_boundaries_remain_solid PASS
OMDB_CASE physics CAM02.diagonal_foreground_cutaway PASS
OMDB_CASE physics CAM02.all_boundaries_remain_solid PASS
OMDB_CASE physics CAM02.diagonal_foreground_cutaway PASS
OMDB_CASE physics CAM02.diagonal_isometric_preset.28.2 PASS
OMDB_CASE physics CAM02.preserves_authored_elevation_distance_pitch PASS
OMDB_CASE physics CAM01.preserves_projection_framing PASS
OMDB_CASE physics CAM01.screen_movement_each_view PASS
OMDB_CASE physics CAM01.view_does_not_mutate_puzzle_collision PASS
OMDB_CASE physics CAM02.all_boundaries_remain_solid PASS
OMDB_CASE physics CAM02.diagonal_foreground_cutaway PASS
OMDB_CASE physics CAM02.all_boundaries_remain_solid PASS
OMDB_CASE physics CAM02.diagonal_foreground_cutaway PASS
OMDB_CASE physics CAM02.all_boundaries_remain_solid PASS
OMDB_CASE physics CAM02.diagonal_foreground_cutaway PASS
OMDB_CASE physics CAM02.all_boundaries_remain_solid PASS
OMDB_CASE physics CAM02.diagonal_foreground_cutaway PASS
OMDB_CASE physics CAM02.diagonal_isometric_preset.28.3 PASS
OMDB_CASE physics CAM02.preserves_authored_elevation_distance_pitch PASS
OMDB_CASE physics CAM01.preserves_projection_framing PASS
OMDB_CASE physics CAM01.screen_movement_each_view PASS
OMDB_CASE physics CAM01.view_does_not_mutate_puzzle_collision PASS
OMDB_CASE physics CAM02.all_boundaries_remain_solid PASS
OMDB_CASE physics CAM02.diagonal_foreground_cutaway PASS
OMDB_CASE physics CAM02.all_boundaries_remain_solid PASS
OMDB_CASE physics CAM02.diagonal_foreground_cutaway PASS
OMDB_CASE physics CAM02.all_boundaries_remain_solid PASS
OMDB_CASE physics CAM02.diagonal_foreground_cutaway PASS
OMDB_CASE physics CAM02.all_boundaries_remain_solid PASS
OMDB_CASE physics CAM02.diagonal_foreground_cutaway PASS
OMDB_CASE physics CAM02.wraps_to_authored_corner PASS
OMDB_CASE physics CAM01.exit_has_visible_frame PASS
OMDB_CASE physics CAM02.first_cycle_quarter_turn.29.camera_next PASS
OMDB_CASE physics CAM02.first_cycle_quarter_turn.29.camera_previous PASS
OMDB_CASE physics CAM02.diagonal_isometric_preset.29.0 PASS
OMDB_CASE physics CAM02.preserves_authored_elevation_distance_pitch PASS
OMDB_CASE physics CAM02.first_view_matches_authored_camera PASS
OMDB_CASE physics CAM01.preserves_projection_framing PASS
OMDB_CASE physics CAM01.screen_movement_each_view PASS
OMDB_CASE physics CAM01.view_does_not_mutate_puzzle_collision PASS
OMDB_CASE physics CAM02.all_boundaries_remain_solid PASS
OMDB_CASE physics CAM02.diagonal_foreground_cutaway PASS
OMDB_CASE physics CAM02.all_boundaries_remain_solid PASS
OMDB_CASE physics CAM02.diagonal_foreground_cutaway PASS
OMDB_CASE physics CAM02.all_boundaries_remain_solid PASS
OMDB_CASE physics CAM02.diagonal_foreground_cutaway PASS
OMDB_CASE physics CAM02.all_boundaries_remain_solid PASS
OMDB_CASE physics CAM02.diagonal_foreground_cutaway PASS
OMDB_CASE physics CAM02.diagonal_isometric_preset.29.1 PASS
OMDB_CASE physics CAM02.preserves_authored_elevation_distance_pitch PASS
OMDB_CASE physics CAM01.preserves_projection_framing PASS
OMDB_CASE physics CAM01.screen_movement_each_view PASS
OMDB_CASE physics CAM01.view_does_not_mutate_puzzle_collision PASS
OMDB_CASE physics CAM02.all_boundaries_remain_solid PASS
OMDB_CASE physics CAM02.diagonal_foreground_cutaway PASS
OMDB_CASE physics CAM02.all_boundaries_remain_solid PASS
OMDB_CASE physics CAM02.diagonal_foreground_cutaway PASS
OMDB_CASE physics CAM02.all_boundaries_remain_solid PASS
OMDB_CASE physics CAM02.diagonal_foreground_cutaway PASS
OMDB_CASE physics CAM02.all_boundaries_remain_solid PASS
OMDB_CASE physics CAM02.diagonal_foreground_cutaway PASS
OMDB_CASE physics CAM02.diagonal_isometric_preset.29.2 PASS
OMDB_CASE physics CAM02.preserves_authored_elevation_distance_pitch PASS
OMDB_CASE physics CAM01.preserves_projection_framing PASS
OMDB_CASE physics CAM01.screen_movement_each_view PASS
OMDB_CASE physics CAM01.view_does_not_mutate_puzzle_collision PASS
OMDB_CASE physics CAM02.all_boundaries_remain_solid PASS
OMDB_CASE physics CAM02.diagonal_foreground_cutaway PASS
OMDB_CASE physics CAM02.all_boundaries_remain_solid PASS
OMDB_CASE physics CAM02.diagonal_foreground_cutaway PASS
OMDB_CASE physics CAM02.all_boundaries_remain_solid PASS
OMDB_CASE physics CAM02.diagonal_foreground_cutaway PASS
OMDB_CASE physics CAM02.all_boundaries_remain_solid PASS
OMDB_CASE physics CAM02.diagonal_foreground_cutaway PASS
OMDB_CASE physics CAM02.diagonal_isometric_preset.29.3 PASS
OMDB_CASE physics CAM02.preserves_authored_elevation_distance_pitch PASS
OMDB_CASE physics CAM01.preserves_projection_framing PASS
OMDB_CASE physics CAM01.screen_movement_each_view PASS
OMDB_CASE physics CAM01.view_does_not_mutate_puzzle_collision PASS
OMDB_CASE physics CAM02.all_boundaries_remain_solid PASS
OMDB_CASE physics CAM02.diagonal_foreground_cutaway PASS
OMDB_CASE physics CAM02.all_boundaries_remain_solid PASS
OMDB_CASE physics CAM02.diagonal_foreground_cutaway PASS
OMDB_CASE physics CAM02.all_boundaries_remain_solid PASS
OMDB_CASE physics CAM02.diagonal_foreground_cutaway PASS
OMDB_CASE physics CAM02.all_boundaries_remain_solid PASS
OMDB_CASE physics CAM02.diagonal_foreground_cutaway PASS
OMDB_CASE physics CAM02.wraps_to_authored_corner PASS
OMDB_CASE physics CAM01.exit_has_visible_frame PASS
OMDB_CASE physics CAM02.first_cycle_quarter_turn.30.camera_next PASS
OMDB_CASE physics CAM02.first_cycle_quarter_turn.30.camera_previous PASS
OMDB_CASE physics CAM02.diagonal_isometric_preset.30.0 PASS
OMDB_CASE physics CAM02.preserves_authored_elevation_distance_pitch PASS
OMDB_CASE physics CAM02.first_view_matches_authored_camera PASS
OMDB_CASE physics CAM01.preserves_projection_framing PASS
OMDB_CASE physics CAM01.screen_movement_each_view PASS
OMDB_CASE physics CAM01.view_does_not_mutate_puzzle_collision PASS
OMDB_CASE physics CAM02.all_boundaries_remain_solid PASS
OMDB_CASE physics CAM02.diagonal_foreground_cutaway PASS
OMDB_CASE physics CAM02.all_boundaries_remain_solid PASS
OMDB_CASE physics CAM02.diagonal_foreground_cutaway PASS
OMDB_CASE physics CAM02.all_boundaries_remain_solid PASS
OMDB_CASE physics CAM02.diagonal_foreground_cutaway PASS
OMDB_CASE physics CAM02.all_boundaries_remain_solid PASS
OMDB_CASE physics CAM02.diagonal_foreground_cutaway PASS
OMDB_CASE physics CAM02.diagonal_isometric_preset.30.1 PASS
OMDB_CASE physics CAM02.preserves_authored_elevation_distance_pitch PASS
OMDB_CASE physics CAM01.preserves_projection_framing PASS
OMDB_CASE physics CAM01.screen_movement_each_view PASS
OMDB_CASE physics CAM01.view_does_not_mutate_puzzle_collision PASS
OMDB_CASE physics CAM02.all_boundaries_remain_solid PASS
OMDB_CASE physics CAM02.diagonal_foreground_cutaway PASS
OMDB_CASE physics CAM02.all_boundaries_remain_solid PASS
OMDB_CASE physics CAM02.diagonal_foreground_cutaway PASS
OMDB_CASE physics CAM02.all_boundaries_remain_solid PASS
OMDB_CASE physics CAM02.diagonal_foreground_cutaway PASS
OMDB_CASE physics CAM02.all_boundaries_remain_solid PASS
OMDB_CASE physics CAM02.diagonal_foreground_cutaway PASS
OMDB_CASE physics CAM02.diagonal_isometric_preset.30.2 PASS
OMDB_CASE physics CAM02.preserves_authored_elevation_distance_pitch PASS
OMDB_CASE physics CAM01.preserves_projection_framing PASS
OMDB_CASE physics CAM01.screen_movement_each_view PASS
OMDB_CASE physics CAM01.view_does_not_mutate_puzzle_collision PASS
OMDB_CASE physics CAM02.all_boundaries_remain_solid PASS
OMDB_CASE physics CAM02.diagonal_foreground_cutaway PASS
OMDB_CASE physics CAM02.all_boundaries_remain_solid PASS
OMDB_CASE physics CAM02.diagonal_foreground_cutaway PASS
OMDB_CASE physics CAM02.all_boundaries_remain_solid PASS
OMDB_CASE physics CAM02.diagonal_foreground_cutaway PASS
OMDB_CASE physics CAM02.all_boundaries_remain_solid PASS
OMDB_CASE physics CAM02.diagonal_foreground_cutaway PASS
OMDB_CASE physics CAM02.diagonal_isometric_preset.30.3 PASS
OMDB_CASE physics CAM02.preserves_authored_elevation_distance_pitch PASS
OMDB_CASE physics CAM01.preserves_projection_framing PASS
OMDB_CASE physics CAM01.screen_movement_each_view PASS
OMDB_CASE physics CAM01.view_does_not_mutate_puzzle_collision PASS
OMDB_CASE physics CAM02.all_boundaries_remain_solid PASS
OMDB_CASE physics CAM02.diagonal_foreground_cutaway PASS
OMDB_CASE physics CAM02.all_boundaries_remain_solid PASS
OMDB_CASE physics CAM02.diagonal_foreground_cutaway PASS
OMDB_CASE physics CAM02.all_boundaries_remain_solid PASS
OMDB_CASE physics CAM02.diagonal_foreground_cutaway PASS
OMDB_CASE physics CAM02.all_boundaries_remain_solid PASS
OMDB_CASE physics CAM02.diagonal_foreground_cutaway PASS
OMDB_CASE physics CAM02.wraps_to_authored_corner PASS
OMDB_CASE physics CAM01.exit_has_visible_frame PASS
OMDB_CASE physics CAM02.first_cycle_quarter_turn.31.camera_next PASS
OMDB_CASE physics CAM02.first_cycle_quarter_turn.31.camera_previous PASS
OMDB_CASE physics CAM02.diagonal_isometric_preset.31.0 PASS
OMDB_CASE physics CAM02.preserves_authored_elevation_distance_pitch PASS
OMDB_CASE physics CAM02.first_view_matches_authored_camera PASS
OMDB_CASE physics CAM01.preserves_projection_framing PASS
OMDB_CASE physics CAM01.screen_movement_each_view PASS
OMDB_CASE physics CAM01.view_does_not_mutate_puzzle_collision PASS
OMDB_CASE physics CAM02.all_boundaries_remain_solid PASS
OMDB_CASE physics CAM02.diagonal_foreground_cutaway PASS
OMDB_CASE physics CAM02.all_boundaries_remain_solid PASS
OMDB_CASE physics CAM02.diagonal_foreground_cutaway PASS
OMDB_CASE physics CAM02.all_boundaries_remain_solid PASS
OMDB_CASE physics CAM02.diagonal_foreground_cutaway PASS
OMDB_CASE physics CAM02.all_boundaries_remain_solid PASS
OMDB_CASE physics CAM02.diagonal_foreground_cutaway PASS
OMDB_CASE physics CAM02.diagonal_isometric_preset.31.1 PASS
OMDB_CASE physics CAM02.preserves_authored_elevation_distance_pitch PASS
OMDB_CASE physics CAM01.preserves_projection_framing PASS
OMDB_CASE physics CAM01.screen_movement_each_view PASS
OMDB_CASE physics CAM01.view_does_not_mutate_puzzle_collision PASS
OMDB_CASE physics CAM02.all_boundaries_remain_solid PASS
OMDB_CASE physics CAM02.diagonal_foreground_cutaway PASS
OMDB_CASE physics CAM02.all_boundaries_remain_solid PASS
OMDB_CASE physics CAM02.diagonal_foreground_cutaway PASS
OMDB_CASE physics CAM02.all_boundaries_remain_solid PASS
OMDB_CASE physics CAM02.diagonal_foreground_cutaway PASS
OMDB_CASE physics CAM02.all_boundaries_remain_solid PASS
OMDB_CASE physics CAM02.diagonal_foreground_cutaway PASS
OMDB_CASE physics CAM02.diagonal_isometric_preset.31.2 PASS
OMDB_CASE physics CAM02.preserves_authored_elevation_distance_pitch PASS
OMDB_CASE physics CAM01.preserves_projection_framing PASS
OMDB_CASE physics CAM01.screen_movement_each_view PASS
OMDB_CASE physics CAM01.view_does_not_mutate_puzzle_collision PASS
OMDB_CASE physics CAM02.all_boundaries_remain_solid PASS
OMDB_CASE physics CAM02.diagonal_foreground_cutaway PASS
OMDB_CASE physics CAM02.all_boundaries_remain_solid PASS
OMDB_CASE physics CAM02.diagonal_foreground_cutaway PASS
OMDB_CASE physics CAM02.all_boundaries_remain_solid PASS
OMDB_CASE physics CAM02.diagonal_foreground_cutaway PASS
OMDB_CASE physics CAM02.all_boundaries_remain_solid PASS
OMDB_CASE physics CAM02.diagonal_foreground_cutaway PASS
OMDB_CASE physics CAM02.diagonal_isometric_preset.31.3 PASS
OMDB_CASE physics CAM02.preserves_authored_elevation_distance_pitch PASS
OMDB_CASE physics CAM01.preserves_projection_framing PASS
OMDB_CASE physics CAM01.screen_movement_each_view PASS
OMDB_CASE physics CAM01.view_does_not_mutate_puzzle_collision PASS
OMDB_CASE physics CAM02.all_boundaries_remain_solid PASS
OMDB_CASE physics CAM02.diagonal_foreground_cutaway PASS
OMDB_CASE physics CAM02.all_boundaries_remain_solid PASS
OMDB_CASE physics CAM02.diagonal_foreground_cutaway PASS
OMDB_CASE physics CAM02.all_boundaries_remain_solid PASS
OMDB_CASE physics CAM02.diagonal_foreground_cutaway PASS
OMDB_CASE physics CAM02.all_boundaries_remain_solid PASS
OMDB_CASE physics CAM02.diagonal_foreground_cutaway PASS
OMDB_CASE physics CAM02.wraps_to_authored_corner PASS
OMDB_CASE physics CAM01.exit_has_visible_frame PASS
OMDB_CASE physics CAM02.first_cycle_quarter_turn.32.camera_next PASS
OMDB_CASE physics CAM02.first_cycle_quarter_turn.32.camera_previous PASS
OMDB_CASE physics CAM02.diagonal_isometric_preset.32.0 PASS
OMDB_CASE physics CAM02.preserves_authored_elevation_distance_pitch PASS
OMDB_CASE physics CAM02.first_view_matches_authored_camera PASS
OMDB_CASE physics CAM01.preserves_projection_framing PASS
OMDB_CASE physics CAM01.screen_movement_each_view PASS
OMDB_CASE physics CAM01.view_does_not_mutate_puzzle_collision PASS
OMDB_CASE physics CAM02.all_boundaries_remain_solid PASS
OMDB_CASE physics CAM02.diagonal_foreground_cutaway PASS
OMDB_CASE physics CAM02.all_boundaries_remain_solid PASS
OMDB_CASE physics CAM02.diagonal_foreground_cutaway PASS
OMDB_CASE physics CAM02.all_boundaries_remain_solid PASS
OMDB_CASE physics CAM02.diagonal_foreground_cutaway PASS
OMDB_CASE physics CAM02.all_boundaries_remain_solid PASS
OMDB_CASE physics CAM02.diagonal_foreground_cutaway PASS
OMDB_CASE physics CAM02.diagonal_isometric_preset.32.1 PASS
OMDB_CASE physics CAM02.preserves_authored_elevation_distance_pitch PASS
OMDB_CASE physics CAM01.preserves_projection_framing PASS
OMDB_CASE physics CAM01.screen_movement_each_view PASS
OMDB_CASE physics CAM01.view_does_not_mutate_puzzle_collision PASS
OMDB_CASE physics CAM02.all_boundaries_remain_solid PASS
OMDB_CASE physics CAM02.diagonal_foreground_cutaway PASS
OMDB_CASE physics CAM02.all_boundaries_remain_solid PASS
OMDB_CASE physics CAM02.diagonal_foreground_cutaway PASS
OMDB_CASE physics CAM02.all_boundaries_remain_solid PASS
OMDB_CASE physics CAM02.diagonal_foreground_cutaway PASS
OMDB_CASE physics CAM02.all_boundaries_remain_solid PASS
OMDB_CASE physics CAM02.diagonal_foreground_cutaway PASS
OMDB_CASE physics CAM02.diagonal_isometric_preset.32.2 PASS
OMDB_CASE physics CAM02.preserves_authored_elevation_distance_pitch PASS
OMDB_CASE physics CAM01.preserves_projection_framing PASS
OMDB_CASE physics CAM01.screen_movement_each_view PASS
OMDB_CASE physics CAM01.view_does_not_mutate_puzzle_collision PASS
OMDB_CASE physics CAM02.all_boundaries_remain_solid PASS
OMDB_CASE physics CAM02.diagonal_foreground_cutaway PASS
OMDB_CASE physics CAM02.all_boundaries_remain_solid PASS
OMDB_CASE physics CAM02.diagonal_foreground_cutaway PASS
OMDB_CASE physics CAM02.all_boundaries_remain_solid PASS
OMDB_CASE physics CAM02.diagonal_foreground_cutaway PASS
OMDB_CASE physics CAM02.all_boundaries_remain_solid PASS
OMDB_CASE physics CAM02.diagonal_foreground_cutaway PASS
OMDB_CASE physics CAM02.diagonal_isometric_preset.32.3 PASS
OMDB_CASE physics CAM02.preserves_authored_elevation_distance_pitch PASS
OMDB_CASE physics CAM01.preserves_projection_framing PASS
OMDB_CASE physics CAM01.screen_movement_each_view PASS
OMDB_CASE physics CAM01.view_does_not_mutate_puzzle_collision PASS
OMDB_CASE physics CAM02.all_boundaries_remain_solid PASS
OMDB_CASE physics CAM02.diagonal_foreground_cutaway PASS
OMDB_CASE physics CAM02.all_boundaries_remain_solid PASS
OMDB_CASE physics CAM02.diagonal_foreground_cutaway PASS
OMDB_CASE physics CAM02.all_boundaries_remain_solid PASS
OMDB_CASE physics CAM02.diagonal_foreground_cutaway PASS
OMDB_CASE physics CAM02.all_boundaries_remain_solid PASS
OMDB_CASE physics CAM02.diagonal_foreground_cutaway PASS
OMDB_CASE physics CAM02.wraps_to_authored_corner PASS
OMDB_CASE physics CAM01.exit_has_visible_frame PASS
OMDB_CASE physics CAM02.first_cycle_quarter_turn.33.camera_next PASS
OMDB_CASE physics CAM02.first_cycle_quarter_turn.33.camera_previous PASS
OMDB_CASE physics CAM02.diagonal_isometric_preset.33.0 PASS
OMDB_CASE physics CAM02.preserves_authored_elevation_distance_pitch PASS
OMDB_CASE physics CAM02.first_view_matches_authored_camera PASS
OMDB_CASE physics CAM01.preserves_projection_framing PASS
OMDB_CASE physics CAM01.screen_movement_each_view PASS
OMDB_CASE physics CAM01.view_does_not_mutate_puzzle_collision PASS
OMDB_CASE physics CAM02.all_boundaries_remain_solid PASS
OMDB_CASE physics CAM02.diagonal_foreground_cutaway PASS
OMDB_CASE physics CAM02.all_boundaries_remain_solid PASS
OMDB_CASE physics CAM02.diagonal_foreground_cutaway PASS
OMDB_CASE physics CAM02.all_boundaries_remain_solid PASS
OMDB_CASE physics CAM02.diagonal_foreground_cutaway PASS
OMDB_CASE physics CAM02.all_boundaries_remain_solid PASS
OMDB_CASE physics CAM02.diagonal_foreground_cutaway PASS
OMDB_CASE physics CAM02.diagonal_isometric_preset.33.1 PASS
OMDB_CASE physics CAM02.preserves_authored_elevation_distance_pitch PASS
OMDB_CASE physics CAM01.preserves_projection_framing PASS
OMDB_CASE physics CAM01.screen_movement_each_view PASS
OMDB_CASE physics CAM01.view_does_not_mutate_puzzle_collision PASS
OMDB_CASE physics CAM02.all_boundaries_remain_solid PASS
OMDB_CASE physics CAM02.diagonal_foreground_cutaway PASS
OMDB_CASE physics CAM02.all_boundaries_remain_solid PASS
OMDB_CASE physics CAM02.diagonal_foreground_cutaway PASS
OMDB_CASE physics CAM02.all_boundaries_remain_solid PASS
OMDB_CASE physics CAM02.diagonal_foreground_cutaway PASS
OMDB_CASE physics CAM02.all_boundaries_remain_solid PASS
OMDB_CASE physics CAM02.diagonal_foreground_cutaway PASS
OMDB_CASE physics CAM02.diagonal_isometric_preset.33.2 PASS
OMDB_CASE physics CAM02.preserves_authored_elevation_distance_pitch PASS
OMDB_CASE physics CAM01.preserves_projection_framing PASS
OMDB_CASE physics CAM01.screen_movement_each_view PASS
OMDB_CASE physics CAM01.view_does_not_mutate_puzzle_collision PASS
OMDB_CASE physics CAM02.all_boundaries_remain_solid PASS
OMDB_CASE physics CAM02.diagonal_foreground_cutaway PASS
OMDB_CASE physics CAM02.all_boundaries_remain_solid PASS
OMDB_CASE physics CAM02.diagonal_foreground_cutaway PASS
OMDB_CASE physics CAM02.all_boundaries_remain_solid PASS
OMDB_CASE physics CAM02.diagonal_foreground_cutaway PASS
OMDB_CASE physics CAM02.all_boundaries_remain_solid PASS
OMDB_CASE physics CAM02.diagonal_foreground_cutaway PASS
OMDB_CASE physics CAM02.diagonal_isometric_preset.33.3 PASS
OMDB_CASE physics CAM02.preserves_authored_elevation_distance_pitch PASS
OMDB_CASE physics CAM01.preserves_projection_framing PASS
OMDB_CASE physics CAM01.screen_movement_each_view PASS
OMDB_CASE physics CAM01.view_does_not_mutate_puzzle_collision PASS
OMDB_CASE physics CAM02.all_boundaries_remain_solid PASS
OMDB_CASE physics CAM02.diagonal_foreground_cutaway PASS
OMDB_CASE physics CAM02.all_boundaries_remain_solid PASS
OMDB_CASE physics CAM02.diagonal_foreground_cutaway PASS
OMDB_CASE physics CAM02.all_boundaries_remain_solid PASS
OMDB_CASE physics CAM02.diagonal_foreground_cutaway PASS
OMDB_CASE physics CAM02.all_boundaries_remain_solid PASS
OMDB_CASE physics CAM02.diagonal_foreground_cutaway PASS
OMDB_CASE physics CAM02.wraps_to_authored_corner PASS
OMDB_CASE physics CAM01.exit_has_visible_frame PASS
OMDB_CASE physics CAM02.first_cycle_quarter_turn.34.camera_next PASS
OMDB_CASE physics CAM02.first_cycle_quarter_turn.34.camera_previous PASS
OMDB_CASE physics CAM02.diagonal_isometric_preset.34.0 PASS
OMDB_CASE physics CAM02.preserves_authored_elevation_distance_pitch PASS
OMDB_CASE physics CAM02.first_view_matches_authored_camera PASS
OMDB_CASE physics CAM01.preserves_projection_framing PASS
OMDB_CASE physics CAM01.screen_movement_each_view PASS
OMDB_CASE physics CAM01.view_does_not_mutate_puzzle_collision PASS
OMDB_CASE physics CAM02.all_boundaries_remain_solid PASS
OMDB_CASE physics CAM02.diagonal_foreground_cutaway PASS
OMDB_CASE physics CAM02.all_boundaries_remain_solid PASS
OMDB_CASE physics CAM02.diagonal_foreground_cutaway PASS
OMDB_CASE physics CAM02.all_boundaries_remain_solid PASS
OMDB_CASE physics CAM02.diagonal_foreground_cutaway PASS
OMDB_CASE physics CAM02.all_boundaries_remain_solid PASS
OMDB_CASE physics CAM02.diagonal_foreground_cutaway PASS
OMDB_CASE physics CAM02.diagonal_isometric_preset.34.1 PASS
OMDB_CASE physics CAM02.preserves_authored_elevation_distance_pitch PASS
OMDB_CASE physics CAM01.preserves_projection_framing PASS
OMDB_CASE physics CAM01.screen_movement_each_view PASS
OMDB_CASE physics CAM01.view_does_not_mutate_puzzle_collision PASS
OMDB_CASE physics CAM02.all_boundaries_remain_solid PASS
OMDB_CASE physics CAM02.diagonal_foreground_cutaway PASS
OMDB_CASE physics CAM02.all_boundaries_remain_solid PASS
OMDB_CASE physics CAM02.diagonal_foreground_cutaway PASS
OMDB_CASE physics CAM02.all_boundaries_remain_solid PASS
OMDB_CASE physics CAM02.diagonal_foreground_cutaway PASS
OMDB_CASE physics CAM02.all_boundaries_remain_solid PASS
OMDB_CASE physics CAM02.diagonal_foreground_cutaway PASS
OMDB_CASE physics CAM02.diagonal_isometric_preset.34.2 PASS
OMDB_CASE physics CAM02.preserves_authored_elevation_distance_pitch PASS
OMDB_CASE physics CAM01.preserves_projection_framing PASS
OMDB_CASE physics CAM01.screen_movement_each_view PASS
OMDB_CASE physics CAM01.view_does_not_mutate_puzzle_collision PASS
OMDB_CASE physics CAM02.all_boundaries_remain_solid PASS
OMDB_CASE physics CAM02.diagonal_foreground_cutaway PASS
OMDB_CASE physics CAM02.all_boundaries_remain_solid PASS
OMDB_CASE physics CAM02.diagonal_foreground_cutaway PASS
OMDB_CASE physics CAM02.all_boundaries_remain_solid PASS
OMDB_CASE physics CAM02.diagonal_foreground_cutaway PASS
OMDB_CASE physics CAM02.all_boundaries_remain_solid PASS
OMDB_CASE physics CAM02.diagonal_foreground_cutaway PASS
OMDB_CASE physics CAM02.diagonal_isometric_preset.34.3 PASS
OMDB_CASE physics CAM02.preserves_authored_elevation_distance_pitch PASS
OMDB_CASE physics CAM01.preserves_projection_framing PASS
OMDB_CASE physics CAM01.screen_movement_each_view PASS
OMDB_CASE physics CAM01.view_does_not_mutate_puzzle_collision PASS
OMDB_CASE physics CAM02.all_boundaries_remain_solid PASS
OMDB_CASE physics CAM02.diagonal_foreground_cutaway PASS
OMDB_CASE physics CAM02.all_boundaries_remain_solid PASS
OMDB_CASE physics CAM02.diagonal_foreground_cutaway PASS
OMDB_CASE physics CAM02.all_boundaries_remain_solid PASS
OMDB_CASE physics CAM02.diagonal_foreground_cutaway PASS
OMDB_CASE physics CAM02.all_boundaries_remain_solid PASS
OMDB_CASE physics CAM02.diagonal_foreground_cutaway PASS
OMDB_CASE physics CAM02.wraps_to_authored_corner PASS
OMDB_CASE physics CAM01.exit_has_visible_frame PASS
OMDB_CASE physics CAM02.first_cycle_quarter_turn.35.camera_next PASS
OMDB_CASE physics CAM02.first_cycle_quarter_turn.35.camera_previous PASS
OMDB_CASE physics CAM02.diagonal_isometric_preset.35.0 PASS
OMDB_CASE physics CAM02.preserves_authored_elevation_distance_pitch PASS
OMDB_CASE physics CAM02.first_view_matches_authored_camera PASS
OMDB_CASE physics CAM01.preserves_projection_framing PASS
OMDB_CASE physics CAM01.screen_movement_each_view PASS
OMDB_CASE physics CAM01.view_does_not_mutate_puzzle_collision PASS
OMDB_CASE physics CAM02.all_boundaries_remain_solid PASS
OMDB_CASE physics CAM02.diagonal_foreground_cutaway PASS
OMDB_CASE physics CAM02.all_boundaries_remain_solid PASS
OMDB_CASE physics CAM02.diagonal_foreground_cutaway PASS
OMDB_CASE physics CAM02.all_boundaries_remain_solid PASS
OMDB_CASE physics CAM02.diagonal_foreground_cutaway PASS
OMDB_CASE physics CAM02.all_boundaries_remain_solid PASS
OMDB_CASE physics CAM02.diagonal_foreground_cutaway PASS
OMDB_CASE physics CAM02.diagonal_isometric_preset.35.1 PASS
OMDB_CASE physics CAM02.preserves_authored_elevation_distance_pitch PASS
OMDB_CASE physics CAM01.preserves_projection_framing PASS
OMDB_CASE physics CAM01.screen_movement_each_view PASS
OMDB_CASE physics CAM01.view_does_not_mutate_puzzle_collision PASS
OMDB_CASE physics CAM02.all_boundaries_remain_solid PASS
OMDB_CASE physics CAM02.diagonal_foreground_cutaway PASS
OMDB_CASE physics CAM02.all_boundaries_remain_solid PASS
OMDB_CASE physics CAM02.diagonal_foreground_cutaway PASS
OMDB_CASE physics CAM02.all_boundaries_remain_solid PASS
OMDB_CASE physics CAM02.diagonal_foreground_cutaway PASS
OMDB_CASE physics CAM02.all_boundaries_remain_solid PASS
OMDB_CASE physics CAM02.diagonal_foreground_cutaway PASS
OMDB_CASE physics CAM02.diagonal_isometric_preset.35.2 PASS
OMDB_CASE physics CAM02.preserves_authored_elevation_distance_pitch PASS
OMDB_CASE physics CAM01.preserves_projection_framing PASS
OMDB_CASE physics CAM01.screen_movement_each_view PASS
OMDB_CASE physics CAM01.view_does_not_mutate_puzzle_collision PASS
OMDB_CASE physics CAM02.all_boundaries_remain_solid PASS
OMDB_CASE physics CAM02.diagonal_foreground_cutaway PASS
OMDB_CASE physics CAM02.all_boundaries_remain_solid PASS
OMDB_CASE physics CAM02.diagonal_foreground_cutaway PASS
OMDB_CASE physics CAM02.all_boundaries_remain_solid PASS
OMDB_CASE physics CAM02.diagonal_foreground_cutaway PASS
OMDB_CASE physics CAM02.all_boundaries_remain_solid PASS
OMDB_CASE physics CAM02.diagonal_foreground_cutaway PASS
OMDB_CASE physics CAM02.diagonal_isometric_preset.35.3 PASS
OMDB_CASE physics CAM02.preserves_authored_elevation_distance_pitch PASS
OMDB_CASE physics CAM01.preserves_projection_framing PASS
OMDB_CASE physics CAM01.screen_movement_each_view PASS
OMDB_CASE physics CAM01.view_does_not_mutate_puzzle_collision PASS
OMDB_CASE physics CAM02.all_boundaries_remain_solid PASS
OMDB_CASE physics CAM02.diagonal_foreground_cutaway PASS
OMDB_CASE physics CAM02.all_boundaries_remain_solid PASS
OMDB_CASE physics CAM02.diagonal_foreground_cutaway PASS
OMDB_CASE physics CAM02.all_boundaries_remain_solid PASS
OMDB_CASE physics CAM02.diagonal_foreground_cutaway PASS
OMDB_CASE physics CAM02.all_boundaries_remain_solid PASS
OMDB_CASE physics CAM02.diagonal_foreground_cutaway PASS
OMDB_CASE physics CAM02.wraps_to_authored_corner PASS
OMDB_CASE physics CAM01.exit_has_visible_frame PASS
OMDB_CASE physics CAM02.first_cycle_quarter_turn.36.camera_next PASS
OMDB_CASE physics CAM02.first_cycle_quarter_turn.36.camera_previous PASS
OMDB_CASE physics CAM02.diagonal_isometric_preset.36.0 PASS
OMDB_CASE physics CAM02.preserves_authored_elevation_distance_pitch PASS
OMDB_CASE physics CAM02.first_view_matches_authored_camera PASS
OMDB_CASE physics CAM01.preserves_projection_framing PASS
OMDB_CASE physics CAM01.screen_movement_each_view PASS
OMDB_CASE physics CAM01.view_does_not_mutate_puzzle_collision PASS
OMDB_CASE physics CAM02.all_boundaries_remain_solid PASS
OMDB_CASE physics CAM02.diagonal_foreground_cutaway PASS
OMDB_CASE physics CAM02.all_boundaries_remain_solid PASS
OMDB_CASE physics CAM02.diagonal_foreground_cutaway PASS
OMDB_CASE physics CAM02.all_boundaries_remain_solid PASS
OMDB_CASE physics CAM02.diagonal_foreground_cutaway PASS
OMDB_CASE physics CAM02.all_boundaries_remain_solid PASS
OMDB_CASE physics CAM02.diagonal_foreground_cutaway PASS
OMDB_CASE physics CAM02.diagonal_isometric_preset.36.1 PASS
OMDB_CASE physics CAM02.preserves_authored_elevation_distance_pitch PASS
OMDB_CASE physics CAM01.preserves_projection_framing PASS
OMDB_CASE physics CAM01.screen_movement_each_view PASS
OMDB_CASE physics CAM01.view_does_not_mutate_puzzle_collision PASS
OMDB_CASE physics CAM02.all_boundaries_remain_solid PASS
OMDB_CASE physics CAM02.diagonal_foreground_cutaway PASS
OMDB_CASE physics CAM02.all_boundaries_remain_solid PASS
OMDB_CASE physics CAM02.diagonal_foreground_cutaway PASS
OMDB_CASE physics CAM02.all_boundaries_remain_solid PASS
OMDB_CASE physics CAM02.diagonal_foreground_cutaway PASS
OMDB_CASE physics CAM02.all_boundaries_remain_solid PASS
OMDB_CASE physics CAM02.diagonal_foreground_cutaway PASS
OMDB_CASE physics CAM02.diagonal_isometric_preset.36.2 PASS
OMDB_CASE physics CAM02.preserves_authored_elevation_distance_pitch PASS
OMDB_CASE physics CAM01.preserves_projection_framing PASS
OMDB_CASE physics CAM01.screen_movement_each_view PASS
OMDB_CASE physics CAM01.view_does_not_mutate_puzzle_collision PASS
OMDB_CASE physics CAM02.all_boundaries_remain_solid PASS
OMDB_CASE physics CAM02.diagonal_foreground_cutaway PASS
OMDB_CASE physics CAM02.all_boundaries_remain_solid PASS
OMDB_CASE physics CAM02.diagonal_foreground_cutaway PASS
OMDB_CASE physics CAM02.all_boundaries_remain_solid PASS
OMDB_CASE physics CAM02.diagonal_foreground_cutaway PASS
OMDB_CASE physics CAM02.all_boundaries_remain_solid PASS
OMDB_CASE physics CAM02.diagonal_foreground_cutaway PASS
OMDB_CASE physics CAM02.diagonal_isometric_preset.36.3 PASS
OMDB_CASE physics CAM02.preserves_authored_elevation_distance_pitch PASS
OMDB_CASE physics CAM01.preserves_projection_framing PASS
OMDB_CASE physics CAM01.screen_movement_each_view PASS
OMDB_CASE physics CAM01.view_does_not_mutate_puzzle_collision PASS
OMDB_CASE physics CAM02.all_boundaries_remain_solid PASS
OMDB_CASE physics CAM02.diagonal_foreground_cutaway PASS
OMDB_CASE physics CAM02.all_boundaries_remain_solid PASS
OMDB_CASE physics CAM02.diagonal_foreground_cutaway PASS
OMDB_CASE physics CAM02.all_boundaries_remain_solid PASS
OMDB_CASE physics CAM02.diagonal_foreground_cutaway PASS
OMDB_CASE physics CAM02.all_boundaries_remain_solid PASS
OMDB_CASE physics CAM02.diagonal_foreground_cutaway PASS
OMDB_CASE physics CAM02.wraps_to_authored_corner PASS
OMDB_CASE physics CAM01.exit_has_visible_frame PASS
OMDB_CASE physics CAM02.first_cycle_quarter_turn.37.camera_next PASS
OMDB_CASE physics CAM02.first_cycle_quarter_turn.37.camera_previous PASS
OMDB_CASE physics CAM02.diagonal_isometric_preset.37.0 PASS
OMDB_CASE physics CAM02.preserves_authored_elevation_distance_pitch PASS
OMDB_CASE physics CAM02.first_view_matches_authored_camera PASS
OMDB_CASE physics CAM01.preserves_projection_framing PASS
OMDB_CASE physics CAM01.screen_movement_each_view PASS
OMDB_CASE physics CAM01.view_does_not_mutate_puzzle_collision PASS
OMDB_CASE physics CAM02.all_boundaries_remain_solid PASS
OMDB_CASE physics CAM02.diagonal_foreground_cutaway PASS
OMDB_CASE physics CAM02.all_boundaries_remain_solid PASS
OMDB_CASE physics CAM02.diagonal_foreground_cutaway PASS
OMDB_CASE physics CAM02.all_boundaries_remain_solid PASS
OMDB_CASE physics CAM02.diagonal_foreground_cutaway PASS
OMDB_CASE physics CAM02.all_boundaries_remain_solid PASS
OMDB_CASE physics CAM02.diagonal_foreground_cutaway PASS
OMDB_CASE physics CAM02.diagonal_isometric_preset.37.1 PASS
OMDB_CASE physics CAM02.preserves_authored_elevation_distance_pitch PASS
OMDB_CASE physics CAM01.preserves_projection_framing PASS
OMDB_CASE physics CAM01.screen_movement_each_view PASS
OMDB_CASE physics CAM01.view_does_not_mutate_puzzle_collision PASS
OMDB_CASE physics CAM02.all_boundaries_remain_solid PASS
OMDB_CASE physics CAM02.diagonal_foreground_cutaway PASS
OMDB_CASE physics CAM02.all_boundaries_remain_solid PASS
OMDB_CASE physics CAM02.diagonal_foreground_cutaway PASS
OMDB_CASE physics CAM02.all_boundaries_remain_solid PASS
OMDB_CASE physics CAM02.diagonal_foreground_cutaway PASS
OMDB_CASE physics CAM02.all_boundaries_remain_solid PASS
OMDB_CASE physics CAM02.diagonal_foreground_cutaway PASS
OMDB_CASE physics CAM02.diagonal_isometric_preset.37.2 PASS
OMDB_CASE physics CAM02.preserves_authored_elevation_distance_pitch PASS
OMDB_CASE physics CAM01.preserves_projection_framing PASS
OMDB_CASE physics CAM01.screen_movement_each_view PASS
OMDB_CASE physics CAM01.view_does_not_mutate_puzzle_collision PASS
OMDB_CASE physics CAM02.all_boundaries_remain_solid PASS
OMDB_CASE physics CAM02.diagonal_foreground_cutaway PASS
OMDB_CASE physics CAM02.all_boundaries_remain_solid PASS
OMDB_CASE physics CAM02.diagonal_foreground_cutaway PASS
OMDB_CASE physics CAM02.all_boundaries_remain_solid PASS
OMDB_CASE physics CAM02.diagonal_foreground_cutaway PASS
OMDB_CASE physics CAM02.all_boundaries_remain_solid PASS
OMDB_CASE physics CAM02.diagonal_foreground_cutaway PASS
OMDB_CASE physics CAM02.diagonal_isometric_preset.37.3 PASS
OMDB_CASE physics CAM02.preserves_authored_elevation_distance_pitch PASS
OMDB_CASE physics CAM01.preserves_projection_framing PASS
OMDB_CASE physics CAM01.screen_movement_each_view PASS
OMDB_CASE physics CAM01.view_does_not_mutate_puzzle_collision PASS
OMDB_CASE physics CAM02.all_boundaries_remain_solid PASS
OMDB_CASE physics CAM02.diagonal_foreground_cutaway PASS
OMDB_CASE physics CAM02.all_boundaries_remain_solid PASS
OMDB_CASE physics CAM02.diagonal_foreground_cutaway PASS
OMDB_CASE physics CAM02.all_boundaries_remain_solid PASS
OMDB_CASE physics CAM02.diagonal_foreground_cutaway PASS
OMDB_CASE physics CAM02.all_boundaries_remain_solid PASS
OMDB_CASE physics CAM02.diagonal_foreground_cutaway PASS
OMDB_CASE physics CAM02.wraps_to_authored_corner PASS
OMDB_CASE physics CAM01.exit_has_visible_frame PASS
OMDB_CASE physics CAM02.first_cycle_quarter_turn.38.camera_next PASS
OMDB_CASE physics CAM02.first_cycle_quarter_turn.38.camera_previous PASS
OMDB_CASE physics CAM02.diagonal_isometric_preset.38.0 PASS
OMDB_CASE physics CAM02.preserves_authored_elevation_distance_pitch PASS
OMDB_CASE physics CAM02.first_view_matches_authored_camera PASS
OMDB_CASE physics CAM01.preserves_projection_framing PASS
OMDB_CASE physics CAM01.screen_movement_each_view PASS
OMDB_CASE physics CAM01.view_does_not_mutate_puzzle_collision PASS
OMDB_CASE physics CAM02.all_boundaries_remain_solid PASS
OMDB_CASE physics CAM02.diagonal_foreground_cutaway PASS
OMDB_CASE physics CAM02.all_boundaries_remain_solid PASS
OMDB_CASE physics CAM02.diagonal_foreground_cutaway PASS
OMDB_CASE physics CAM02.all_boundaries_remain_solid PASS
OMDB_CASE physics CAM02.diagonal_foreground_cutaway PASS
OMDB_CASE physics CAM02.all_boundaries_remain_solid PASS
OMDB_CASE physics CAM02.diagonal_foreground_cutaway PASS
OMDB_CASE physics CAM02.diagonal_isometric_preset.38.1 PASS
OMDB_CASE physics CAM02.preserves_authored_elevation_distance_pitch PASS
OMDB_CASE physics CAM01.preserves_projection_framing PASS
OMDB_CASE physics CAM01.screen_movement_each_view PASS
OMDB_CASE physics CAM01.view_does_not_mutate_puzzle_collision PASS
OMDB_CASE physics CAM02.all_boundaries_remain_solid PASS
OMDB_CASE physics CAM02.diagonal_foreground_cutaway PASS
OMDB_CASE physics CAM02.all_boundaries_remain_solid PASS
OMDB_CASE physics CAM02.diagonal_foreground_cutaway PASS
OMDB_CASE physics CAM02.all_boundaries_remain_solid PASS
OMDB_CASE physics CAM02.diagonal_foreground_cutaway PASS
OMDB_CASE physics CAM02.all_boundaries_remain_solid PASS
OMDB_CASE physics CAM02.diagonal_foreground_cutaway PASS
OMDB_CASE physics CAM02.diagonal_isometric_preset.38.2 PASS
OMDB_CASE physics CAM02.preserves_authored_elevation_distance_pitch PASS
OMDB_CASE physics CAM01.preserves_projection_framing PASS
OMDB_CASE physics CAM01.screen_movement_each_view PASS
OMDB_CASE physics CAM01.view_does_not_mutate_puzzle_collision PASS
OMDB_CASE physics CAM02.all_boundaries_remain_solid PASS
OMDB_CASE physics CAM02.diagonal_foreground_cutaway PASS
OMDB_CASE physics CAM02.all_boundaries_remain_solid PASS
OMDB_CASE physics CAM02.diagonal_foreground_cutaway PASS
OMDB_CASE physics CAM02.all_boundaries_remain_solid PASS
OMDB_CASE physics CAM02.diagonal_foreground_cutaway PASS
OMDB_CASE physics CAM02.all_boundaries_remain_solid PASS
OMDB_CASE physics CAM02.diagonal_foreground_cutaway PASS
OMDB_CASE physics CAM02.diagonal_isometric_preset.38.3 PASS
OMDB_CASE physics CAM02.preserves_authored_elevation_distance_pitch PASS
OMDB_CASE physics CAM01.preserves_projection_framing PASS
OMDB_CASE physics CAM01.screen_movement_each_view PASS
OMDB_CASE physics CAM01.view_does_not_mutate_puzzle_collision PASS
OMDB_CASE physics CAM02.all_boundaries_remain_solid PASS
OMDB_CASE physics CAM02.diagonal_foreground_cutaway PASS
OMDB_CASE physics CAM02.all_boundaries_remain_solid PASS
OMDB_CASE physics CAM02.diagonal_foreground_cutaway PASS
OMDB_CASE physics CAM02.all_boundaries_remain_solid PASS
OMDB_CASE physics CAM02.diagonal_foreground_cutaway PASS
OMDB_CASE physics CAM02.all_boundaries_remain_solid PASS
OMDB_CASE physics CAM02.diagonal_foreground_cutaway PASS
OMDB_CASE physics CAM02.wraps_to_authored_corner PASS
OMDB_CASE physics CAM01.exit_has_visible_frame PASS
OMDB_CASE physics CAM02.first_cycle_quarter_turn.39.camera_next PASS
OMDB_CASE physics CAM02.first_cycle_quarter_turn.39.camera_previous PASS
OMDB_CASE physics CAM02.diagonal_isometric_preset.39.0 PASS
OMDB_CASE physics CAM02.preserves_authored_elevation_distance_pitch PASS
OMDB_CASE physics CAM02.first_view_matches_authored_camera PASS
OMDB_CASE physics CAM01.preserves_projection_framing PASS
OMDB_CASE physics CAM01.screen_movement_each_view PASS
OMDB_CASE physics CAM01.view_does_not_mutate_puzzle_collision PASS
OMDB_CASE physics CAM02.all_boundaries_remain_solid PASS
OMDB_CASE physics CAM02.diagonal_foreground_cutaway PASS
OMDB_CASE physics CAM02.all_boundaries_remain_solid PASS
OMDB_CASE physics CAM02.diagonal_foreground_cutaway PASS
OMDB_CASE physics CAM02.all_boundaries_remain_solid PASS
OMDB_CASE physics CAM02.diagonal_foreground_cutaway PASS
OMDB_CASE physics CAM02.all_boundaries_remain_solid PASS
OMDB_CASE physics CAM02.diagonal_foreground_cutaway PASS
OMDB_CASE physics CAM02.diagonal_isometric_preset.39.1 PASS
OMDB_CASE physics CAM02.preserves_authored_elevation_distance_pitch PASS
OMDB_CASE physics CAM01.preserves_projection_framing PASS
OMDB_CASE physics CAM01.screen_movement_each_view PASS
OMDB_CASE physics CAM01.view_does_not_mutate_puzzle_collision PASS
OMDB_CASE physics CAM02.all_boundaries_remain_solid PASS
OMDB_CASE physics CAM02.diagonal_foreground_cutaway PASS
OMDB_CASE physics CAM02.all_boundaries_remain_solid PASS
OMDB_CASE physics CAM02.diagonal_foreground_cutaway PASS
OMDB_CASE physics CAM02.all_boundaries_remain_solid PASS
OMDB_CASE physics CAM02.diagonal_foreground_cutaway PASS
OMDB_CASE physics CAM02.all_boundaries_remain_solid PASS
OMDB_CASE physics CAM02.diagonal_foreground_cutaway PASS
OMDB_CASE physics CAM02.diagonal_isometric_preset.39.2 PASS
OMDB_CASE physics CAM02.preserves_authored_elevation_distance_pitch PASS
OMDB_CASE physics CAM01.preserves_projection_framing PASS
OMDB_CASE physics CAM01.screen_movement_each_view PASS
OMDB_CASE physics CAM01.view_does_not_mutate_puzzle_collision PASS
OMDB_CASE physics CAM02.all_boundaries_remain_solid PASS
OMDB_CASE physics CAM02.diagonal_foreground_cutaway PASS
OMDB_CASE physics CAM02.all_boundaries_remain_solid PASS
OMDB_CASE physics CAM02.diagonal_foreground_cutaway PASS
OMDB_CASE physics CAM02.all_boundaries_remain_solid PASS
OMDB_CASE physics CAM02.diagonal_foreground_cutaway PASS
OMDB_CASE physics CAM02.all_boundaries_remain_solid PASS
OMDB_CASE physics CAM02.diagonal_foreground_cutaway PASS
OMDB_CASE physics CAM02.diagonal_isometric_preset.39.3 PASS
OMDB_CASE physics CAM02.preserves_authored_elevation_distance_pitch PASS
OMDB_CASE physics CAM01.preserves_projection_framing PASS
OMDB_CASE physics CAM01.screen_movement_each_view PASS
OMDB_CASE physics CAM01.view_does_not_mutate_puzzle_collision PASS
OMDB_CASE physics CAM02.all_boundaries_remain_solid PASS
OMDB_CASE physics CAM02.diagonal_foreground_cutaway PASS
OMDB_CASE physics CAM02.all_boundaries_remain_solid PASS
OMDB_CASE physics CAM02.diagonal_foreground_cutaway PASS
OMDB_CASE physics CAM02.all_boundaries_remain_solid PASS
OMDB_CASE physics CAM02.diagonal_foreground_cutaway PASS
OMDB_CASE physics CAM02.all_boundaries_remain_solid PASS
OMDB_CASE physics CAM02.diagonal_foreground_cutaway PASS
OMDB_CASE physics CAM02.wraps_to_authored_corner PASS
OMDB_CASE physics CAM01.exit_has_visible_frame PASS
OMDB_CASE physics CAM02.first_cycle_quarter_turn.40.camera_next PASS
OMDB_CASE physics CAM02.first_cycle_quarter_turn.40.camera_previous PASS
OMDB_CASE physics CAM02.diagonal_isometric_preset.40.0 PASS
OMDB_CASE physics CAM02.preserves_authored_elevation_distance_pitch PASS
OMDB_CASE physics CAM02.first_view_matches_authored_camera PASS
OMDB_CASE physics CAM01.preserves_projection_framing PASS
OMDB_CASE physics CAM01.screen_movement_each_view PASS
OMDB_CASE physics CAM01.view_does_not_mutate_puzzle_collision PASS
OMDB_CASE physics CAM02.all_boundaries_remain_solid PASS
OMDB_CASE physics CAM02.diagonal_foreground_cutaway PASS
OMDB_CASE physics CAM02.all_boundaries_remain_solid PASS
OMDB_CASE physics CAM02.diagonal_foreground_cutaway PASS
OMDB_CASE physics CAM02.all_boundaries_remain_solid PASS
OMDB_CASE physics CAM02.diagonal_foreground_cutaway PASS
OMDB_CASE physics CAM02.all_boundaries_remain_solid PASS
OMDB_CASE physics CAM02.diagonal_foreground_cutaway PASS
OMDB_CASE physics CAM02.diagonal_isometric_preset.40.1 PASS
OMDB_CASE physics CAM02.preserves_authored_elevation_distance_pitch PASS
OMDB_CASE physics CAM01.preserves_projection_framing PASS
OMDB_CASE physics CAM01.screen_movement_each_view PASS
OMDB_CASE physics CAM01.view_does_not_mutate_puzzle_collision PASS
OMDB_CASE physics CAM02.all_boundaries_remain_solid PASS
OMDB_CASE physics CAM02.diagonal_foreground_cutaway PASS
OMDB_CASE physics CAM02.all_boundaries_remain_solid PASS
OMDB_CASE physics CAM02.diagonal_foreground_cutaway PASS
OMDB_CASE physics CAM02.all_boundaries_remain_solid PASS
OMDB_CASE physics CAM02.diagonal_foreground_cutaway PASS
OMDB_CASE physics CAM02.all_boundaries_remain_solid PASS
OMDB_CASE physics CAM02.diagonal_foreground_cutaway PASS
OMDB_CASE physics CAM02.diagonal_isometric_preset.40.2 PASS
OMDB_CASE physics CAM02.preserves_authored_elevation_distance_pitch PASS
OMDB_CASE physics CAM01.preserves_projection_framing PASS
OMDB_CASE physics CAM01.screen_movement_each_view PASS
OMDB_CASE physics CAM01.view_does_not_mutate_puzzle_collision PASS
OMDB_CASE physics CAM02.all_boundaries_remain_solid PASS
OMDB_CASE physics CAM02.diagonal_foreground_cutaway PASS
OMDB_CASE physics CAM02.all_boundaries_remain_solid PASS
OMDB_CASE physics CAM02.diagonal_foreground_cutaway PASS
OMDB_CASE physics CAM02.all_boundaries_remain_solid PASS
OMDB_CASE physics CAM02.diagonal_foreground_cutaway PASS
OMDB_CASE physics CAM02.all_boundaries_remain_solid PASS
OMDB_CASE physics CAM02.diagonal_foreground_cutaway PASS
OMDB_CASE physics CAM02.diagonal_isometric_preset.40.3 PASS
OMDB_CASE physics CAM02.preserves_authored_elevation_distance_pitch PASS
OMDB_CASE physics CAM01.preserves_projection_framing PASS
OMDB_CASE physics CAM01.screen_movement_each_view PASS
OMDB_CASE physics CAM01.view_does_not_mutate_puzzle_collision PASS
OMDB_CASE physics CAM02.all_boundaries_remain_solid PASS
OMDB_CASE physics CAM02.diagonal_foreground_cutaway PASS
OMDB_CASE physics CAM02.all_boundaries_remain_solid PASS
OMDB_CASE physics CAM02.diagonal_foreground_cutaway PASS
OMDB_CASE physics CAM02.all_boundaries_remain_solid PASS
OMDB_CASE physics CAM02.diagonal_foreground_cutaway PASS
OMDB_CASE physics CAM02.all_boundaries_remain_solid PASS
OMDB_CASE physics CAM02.diagonal_foreground_cutaway PASS
OMDB_CASE physics CAM02.wraps_to_authored_corner PASS
OMDB_CASE physics CAM01.exit_has_visible_frame PASS
OMDB_CASE physics CAM02.first_cycle_quarter_turn.41.camera_next PASS
OMDB_CASE physics CAM02.first_cycle_quarter_turn.41.camera_previous PASS
OMDB_CASE physics CAM02.diagonal_isometric_preset.41.0 PASS
OMDB_CASE physics CAM02.preserves_authored_elevation_distance_pitch PASS
OMDB_CASE physics CAM02.first_view_matches_authored_camera PASS
OMDB_CASE physics CAM01.preserves_projection_framing PASS
OMDB_CASE physics CAM01.screen_movement_each_view PASS
OMDB_CASE physics CAM01.view_does_not_mutate_puzzle_collision PASS
OMDB_CASE physics CAM02.all_boundaries_remain_solid PASS
OMDB_CASE physics CAM02.diagonal_foreground_cutaway PASS
OMDB_CASE physics CAM02.all_boundaries_remain_solid PASS
OMDB_CASE physics CAM02.diagonal_foreground_cutaway PASS
OMDB_CASE physics CAM02.all_boundaries_remain_solid PASS
OMDB_CASE physics CAM02.diagonal_foreground_cutaway PASS
OMDB_CASE physics CAM02.all_boundaries_remain_solid PASS
OMDB_CASE physics CAM02.diagonal_foreground_cutaway PASS
OMDB_CASE physics CAM02.diagonal_isometric_preset.41.1 PASS
OMDB_CASE physics CAM02.preserves_authored_elevation_distance_pitch PASS
OMDB_CASE physics CAM01.preserves_projection_framing PASS
OMDB_CASE physics CAM01.screen_movement_each_view PASS
OMDB_CASE physics CAM01.view_does_not_mutate_puzzle_collision PASS
OMDB_CASE physics CAM02.all_boundaries_remain_solid PASS
OMDB_CASE physics CAM02.diagonal_foreground_cutaway PASS
OMDB_CASE physics CAM02.all_boundaries_remain_solid PASS
OMDB_CASE physics CAM02.diagonal_foreground_cutaway PASS
OMDB_CASE physics CAM02.all_boundaries_remain_solid PASS
OMDB_CASE physics CAM02.diagonal_foreground_cutaway PASS
OMDB_CASE physics CAM02.all_boundaries_remain_solid PASS
OMDB_CASE physics CAM02.diagonal_foreground_cutaway PASS
OMDB_CASE physics CAM02.diagonal_isometric_preset.41.2 PASS
OMDB_CASE physics CAM02.preserves_authored_elevation_distance_pitch PASS
OMDB_CASE physics CAM01.preserves_projection_framing PASS
OMDB_CASE physics CAM01.screen_movement_each_view PASS
OMDB_CASE physics CAM01.view_does_not_mutate_puzzle_collision PASS
OMDB_CASE physics CAM02.all_boundaries_remain_solid PASS
OMDB_CASE physics CAM02.diagonal_foreground_cutaway PASS
OMDB_CASE physics CAM02.all_boundaries_remain_solid PASS
OMDB_CASE physics CAM02.diagonal_foreground_cutaway PASS
OMDB_CASE physics CAM02.all_boundaries_remain_solid PASS
OMDB_CASE physics CAM02.diagonal_foreground_cutaway PASS
OMDB_CASE physics CAM02.all_boundaries_remain_solid PASS
OMDB_CASE physics CAM02.diagonal_foreground_cutaway PASS
OMDB_CASE physics CAM02.diagonal_isometric_preset.41.3 PASS
OMDB_CASE physics CAM02.preserves_authored_elevation_distance_pitch PASS
OMDB_CASE physics CAM01.preserves_projection_framing PASS
OMDB_CASE physics CAM01.screen_movement_each_view PASS
OMDB_CASE physics CAM01.view_does_not_mutate_puzzle_collision PASS
OMDB_CASE physics CAM02.all_boundaries_remain_solid PASS
OMDB_CASE physics CAM02.diagonal_foreground_cutaway PASS
OMDB_CASE physics CAM02.all_boundaries_remain_solid PASS
OMDB_CASE physics CAM02.diagonal_foreground_cutaway PASS
OMDB_CASE physics CAM02.all_boundaries_remain_solid PASS
OMDB_CASE physics CAM02.diagonal_foreground_cutaway PASS
OMDB_CASE physics CAM02.all_boundaries_remain_solid PASS
OMDB_CASE physics CAM02.diagonal_foreground_cutaway PASS
OMDB_CASE physics CAM02.wraps_to_authored_corner PASS
OMDB_CASE physics CAM01.exit_has_visible_frame PASS
OMDB_CASE physics CAM02.first_cycle_quarter_turn.42.camera_next PASS
OMDB_CASE physics CAM02.first_cycle_quarter_turn.42.camera_previous PASS
OMDB_CASE physics CAM02.diagonal_isometric_preset.42.0 PASS
OMDB_CASE physics CAM02.preserves_authored_elevation_distance_pitch PASS
OMDB_CASE physics CAM02.first_view_matches_authored_camera PASS
OMDB_CASE physics CAM01.preserves_projection_framing PASS
OMDB_CASE physics CAM01.screen_movement_each_view PASS
OMDB_CASE physics CAM01.view_does_not_mutate_puzzle_collision PASS
OMDB_CASE physics CAM02.all_boundaries_remain_solid PASS
OMDB_CASE physics CAM02.diagonal_foreground_cutaway PASS
OMDB_CASE physics CAM02.all_boundaries_remain_solid PASS
OMDB_CASE physics CAM02.diagonal_foreground_cutaway PASS
OMDB_CASE physics CAM02.all_boundaries_remain_solid PASS
OMDB_CASE physics CAM02.diagonal_foreground_cutaway PASS
OMDB_CASE physics CAM02.all_boundaries_remain_solid PASS
OMDB_CASE physics CAM02.diagonal_foreground_cutaway PASS
OMDB_CASE physics CAM02.diagonal_isometric_preset.42.1 PASS
OMDB_CASE physics CAM02.preserves_authored_elevation_distance_pitch PASS
OMDB_CASE physics CAM01.preserves_projection_framing PASS
OMDB_CASE physics CAM01.screen_movement_each_view PASS
OMDB_CASE physics CAM01.view_does_not_mutate_puzzle_collision PASS
OMDB_CASE physics CAM02.all_boundaries_remain_solid PASS
OMDB_CASE physics CAM02.diagonal_foreground_cutaway PASS
OMDB_CASE physics CAM02.all_boundaries_remain_solid PASS
OMDB_CASE physics CAM02.diagonal_foreground_cutaway PASS
OMDB_CASE physics CAM02.all_boundaries_remain_solid PASS
OMDB_CASE physics CAM02.diagonal_foreground_cutaway PASS
OMDB_CASE physics CAM02.all_boundaries_remain_solid PASS
OMDB_CASE physics CAM02.diagonal_foreground_cutaway PASS
OMDB_CASE physics CAM02.diagonal_isometric_preset.42.2 PASS
OMDB_CASE physics CAM02.preserves_authored_elevation_distance_pitch PASS
OMDB_CASE physics CAM01.preserves_projection_framing PASS
OMDB_CASE physics CAM01.screen_movement_each_view PASS
OMDB_CASE physics CAM01.view_does_not_mutate_puzzle_collision PASS
OMDB_CASE physics CAM02.all_boundaries_remain_solid PASS
OMDB_CASE physics CAM02.diagonal_foreground_cutaway PASS
OMDB_CASE physics CAM02.all_boundaries_remain_solid PASS
OMDB_CASE physics CAM02.diagonal_foreground_cutaway PASS
OMDB_CASE physics CAM02.all_boundaries_remain_solid PASS
OMDB_CASE physics CAM02.diagonal_foreground_cutaway PASS
OMDB_CASE physics CAM02.all_boundaries_remain_solid PASS
OMDB_CASE physics CAM02.diagonal_foreground_cutaway PASS
OMDB_CASE physics CAM02.diagonal_isometric_preset.42.3 PASS
OMDB_CASE physics CAM02.preserves_authored_elevation_distance_pitch PASS
OMDB_CASE physics CAM01.preserves_projection_framing PASS
OMDB_CASE physics CAM01.screen_movement_each_view PASS
OMDB_CASE physics CAM01.view_does_not_mutate_puzzle_collision PASS
OMDB_CASE physics CAM02.all_boundaries_remain_solid PASS
OMDB_CASE physics CAM02.diagonal_foreground_cutaway PASS
OMDB_CASE physics CAM02.all_boundaries_remain_solid PASS
OMDB_CASE physics CAM02.diagonal_foreground_cutaway PASS
OMDB_CASE physics CAM02.all_boundaries_remain_solid PASS
OMDB_CASE physics CAM02.diagonal_foreground_cutaway PASS
OMDB_CASE physics CAM02.all_boundaries_remain_solid PASS
OMDB_CASE physics CAM02.diagonal_foreground_cutaway PASS
OMDB_CASE physics CAM02.wraps_to_authored_corner PASS
OMDB_CASE physics CAM01.exit_has_visible_frame PASS
OMDB_CASE physics CAM02.first_cycle_quarter_turn.43.camera_next PASS
OMDB_CASE physics CAM02.first_cycle_quarter_turn.43.camera_previous PASS
OMDB_CASE physics CAM02.diagonal_isometric_preset.43.0 PASS
OMDB_CASE physics CAM02.preserves_authored_elevation_distance_pitch PASS
OMDB_CASE physics CAM02.first_view_matches_authored_camera PASS
OMDB_CASE physics CAM01.preserves_projection_framing PASS
OMDB_CASE physics CAM01.screen_movement_each_view PASS
OMDB_CASE physics CAM01.view_does_not_mutate_puzzle_collision PASS
OMDB_CASE physics CAM02.all_boundaries_remain_solid PASS
OMDB_CASE physics CAM02.diagonal_foreground_cutaway PASS
OMDB_CASE physics CAM02.all_boundaries_remain_solid PASS
OMDB_CASE physics CAM02.diagonal_foreground_cutaway PASS
OMDB_CASE physics CAM02.all_boundaries_remain_solid PASS
OMDB_CASE physics CAM02.diagonal_foreground_cutaway PASS
OMDB_CASE physics CAM02.all_boundaries_remain_solid PASS
OMDB_CASE physics CAM02.diagonal_foreground_cutaway PASS
OMDB_CASE physics CAM02.diagonal_isometric_preset.43.1 PASS
OMDB_CASE physics CAM02.preserves_authored_elevation_distance_pitch PASS
OMDB_CASE physics CAM01.preserves_projection_framing PASS
OMDB_CASE physics CAM01.screen_movement_each_view PASS
OMDB_CASE physics CAM01.view_does_not_mutate_puzzle_collision PASS
OMDB_CASE physics CAM02.all_boundaries_remain_solid PASS
OMDB_CASE physics CAM02.diagonal_foreground_cutaway PASS
OMDB_CASE physics CAM02.all_boundaries_remain_solid PASS
OMDB_CASE physics CAM02.diagonal_foreground_cutaway PASS
OMDB_CASE physics CAM02.all_boundaries_remain_solid PASS
OMDB_CASE physics CAM02.diagonal_foreground_cutaway PASS
OMDB_CASE physics CAM02.all_boundaries_remain_solid PASS
OMDB_CASE physics CAM02.diagonal_foreground_cutaway PASS
OMDB_CASE physics CAM02.diagonal_isometric_preset.43.2 PASS
OMDB_CASE physics CAM02.preserves_authored_elevation_distance_pitch PASS
OMDB_CASE physics CAM01.preserves_projection_framing PASS
OMDB_CASE physics CAM01.screen_movement_each_view PASS
OMDB_CASE physics CAM01.view_does_not_mutate_puzzle_collision PASS
OMDB_CASE physics CAM02.all_boundaries_remain_solid PASS
OMDB_CASE physics CAM02.diagonal_foreground_cutaway PASS
OMDB_CASE physics CAM02.all_boundaries_remain_solid PASS
OMDB_CASE physics CAM02.diagonal_foreground_cutaway PASS
OMDB_CASE physics CAM02.all_boundaries_remain_solid PASS
OMDB_CASE physics CAM02.diagonal_foreground_cutaway PASS
OMDB_CASE physics CAM02.all_boundaries_remain_solid PASS
OMDB_CASE physics CAM02.diagonal_foreground_cutaway PASS
OMDB_CASE physics CAM02.diagonal_isometric_preset.43.3 PASS
OMDB_CASE physics CAM02.preserves_authored_elevation_distance_pitch PASS
OMDB_CASE physics CAM01.preserves_projection_framing PASS
OMDB_CASE physics CAM01.screen_movement_each_view PASS
OMDB_CASE physics CAM01.view_does_not_mutate_puzzle_collision PASS
OMDB_CASE physics CAM02.all_boundaries_remain_solid PASS
OMDB_CASE physics CAM02.diagonal_foreground_cutaway PASS
OMDB_CASE physics CAM02.all_boundaries_remain_solid PASS
OMDB_CASE physics CAM02.diagonal_foreground_cutaway PASS
OMDB_CASE physics CAM02.all_boundaries_remain_solid PASS
OMDB_CASE physics CAM02.diagonal_foreground_cutaway PASS
OMDB_CASE physics CAM02.all_boundaries_remain_solid PASS
OMDB_CASE physics CAM02.diagonal_foreground_cutaway PASS
OMDB_CASE physics CAM02.wraps_to_authored_corner PASS
OMDB_CASE physics CAM01.exit_has_visible_frame PASS
OMDB_CASE physics CAM02.first_cycle_quarter_turn.44.camera_next PASS
OMDB_CASE physics CAM02.first_cycle_quarter_turn.44.camera_previous PASS
OMDB_CASE physics CAM02.diagonal_isometric_preset.44.0 PASS
OMDB_CASE physics CAM02.preserves_authored_elevation_distance_pitch PASS
OMDB_CASE physics CAM02.first_view_matches_authored_camera PASS
OMDB_CASE physics CAM01.preserves_projection_framing PASS
OMDB_CASE physics CAM01.screen_movement_each_view PASS
OMDB_CASE physics CAM01.view_does_not_mutate_puzzle_collision PASS
OMDB_CASE physics CAM02.all_boundaries_remain_solid PASS
OMDB_CASE physics CAM02.diagonal_foreground_cutaway PASS
OMDB_CASE physics CAM02.all_boundaries_remain_solid PASS
OMDB_CASE physics CAM02.diagonal_foreground_cutaway PASS
OMDB_CASE physics CAM02.all_boundaries_remain_solid PASS
OMDB_CASE physics CAM02.diagonal_foreground_cutaway PASS
OMDB_CASE physics CAM02.all_boundaries_remain_solid PASS
OMDB_CASE physics CAM02.diagonal_foreground_cutaway PASS
OMDB_CASE physics CAM02.diagonal_isometric_preset.44.1 PASS
OMDB_CASE physics CAM02.preserves_authored_elevation_distance_pitch PASS
OMDB_CASE physics CAM01.preserves_projection_framing PASS
OMDB_CASE physics CAM01.screen_movement_each_view PASS
OMDB_CASE physics CAM01.view_does_not_mutate_puzzle_collision PASS
OMDB_CASE physics CAM02.all_boundaries_remain_solid PASS
OMDB_CASE physics CAM02.diagonal_foreground_cutaway PASS
OMDB_CASE physics CAM02.all_boundaries_remain_solid PASS
OMDB_CASE physics CAM02.diagonal_foreground_cutaway PASS
OMDB_CASE physics CAM02.all_boundaries_remain_solid PASS
OMDB_CASE physics CAM02.diagonal_foreground_cutaway PASS
OMDB_CASE physics CAM02.all_boundaries_remain_solid PASS
OMDB_CASE physics CAM02.diagonal_foreground_cutaway PASS
OMDB_CASE physics CAM02.diagonal_isometric_preset.44.2 PASS
OMDB_CASE physics CAM02.preserves_authored_elevation_distance_pitch PASS
OMDB_CASE physics CAM01.preserves_projection_framing PASS
OMDB_CASE physics CAM01.screen_movement_each_view PASS
OMDB_CASE physics CAM01.view_does_not_mutate_puzzle_collision PASS
OMDB_CASE physics CAM02.all_boundaries_remain_solid PASS
OMDB_CASE physics CAM02.diagonal_foreground_cutaway PASS
OMDB_CASE physics CAM02.all_boundaries_remain_solid PASS
OMDB_CASE physics CAM02.diagonal_foreground_cutaway PASS
OMDB_CASE physics CAM02.all_boundaries_remain_solid PASS
OMDB_CASE physics CAM02.diagonal_foreground_cutaway PASS
OMDB_CASE physics CAM02.all_boundaries_remain_solid PASS
OMDB_CASE physics CAM02.diagonal_foreground_cutaway PASS
OMDB_CASE physics CAM02.diagonal_isometric_preset.44.3 PASS
OMDB_CASE physics CAM02.preserves_authored_elevation_distance_pitch PASS
OMDB_CASE physics CAM01.preserves_projection_framing PASS
OMDB_CASE physics CAM01.screen_movement_each_view PASS
OMDB_CASE physics CAM01.view_does_not_mutate_puzzle_collision PASS
OMDB_CASE physics CAM02.all_boundaries_remain_solid PASS
OMDB_CASE physics CAM02.diagonal_foreground_cutaway PASS
OMDB_CASE physics CAM02.all_boundaries_remain_solid PASS
OMDB_CASE physics CAM02.diagonal_foreground_cutaway PASS
OMDB_CASE physics CAM02.all_boundaries_remain_solid PASS
OMDB_CASE physics CAM02.diagonal_foreground_cutaway PASS
OMDB_CASE physics CAM02.all_boundaries_remain_solid PASS
OMDB_CASE physics CAM02.diagonal_foreground_cutaway PASS
OMDB_CASE physics CAM02.wraps_to_authored_corner PASS
OMDB_CASE physics CAM01.exit_has_visible_frame PASS
OMDB_CASE physics CAM02.first_cycle_quarter_turn.45.camera_next PASS
OMDB_CASE physics CAM02.first_cycle_quarter_turn.45.camera_previous PASS
OMDB_CASE physics CAM02.diagonal_isometric_preset.45.0 PASS
OMDB_CASE physics CAM02.preserves_authored_elevation_distance_pitch PASS
OMDB_CASE physics CAM02.first_view_matches_authored_camera PASS
OMDB_CASE physics CAM01.preserves_projection_framing PASS
OMDB_CASE physics CAM01.screen_movement_each_view PASS
OMDB_CASE physics CAM01.view_does_not_mutate_puzzle_collision PASS
OMDB_CASE physics CAM02.all_boundaries_remain_solid PASS
OMDB_CASE physics CAM02.diagonal_foreground_cutaway PASS
OMDB_CASE physics CAM02.all_boundaries_remain_solid PASS
OMDB_CASE physics CAM02.diagonal_foreground_cutaway PASS
OMDB_CASE physics CAM02.all_boundaries_remain_solid PASS
OMDB_CASE physics CAM02.diagonal_foreground_cutaway PASS
OMDB_CASE physics CAM02.all_boundaries_remain_solid PASS
OMDB_CASE physics CAM02.diagonal_foreground_cutaway PASS
OMDB_CASE physics CAM02.diagonal_isometric_preset.45.1 PASS
OMDB_CASE physics CAM02.preserves_authored_elevation_distance_pitch PASS
OMDB_CASE physics CAM01.preserves_projection_framing PASS
OMDB_CASE physics CAM01.screen_movement_each_view PASS
OMDB_CASE physics CAM01.view_does_not_mutate_puzzle_collision PASS
OMDB_CASE physics CAM02.all_boundaries_remain_solid PASS
OMDB_CASE physics CAM02.diagonal_foreground_cutaway PASS
OMDB_CASE physics CAM02.all_boundaries_remain_solid PASS
OMDB_CASE physics CAM02.diagonal_foreground_cutaway PASS
OMDB_CASE physics CAM02.all_boundaries_remain_solid PASS
OMDB_CASE physics CAM02.diagonal_foreground_cutaway PASS
OMDB_CASE physics CAM02.all_boundaries_remain_solid PASS
OMDB_CASE physics CAM02.diagonal_foreground_cutaway PASS
OMDB_CASE physics CAM02.diagonal_isometric_preset.45.2 PASS
OMDB_CASE physics CAM02.preserves_authored_elevation_distance_pitch PASS
OMDB_CASE physics CAM01.preserves_projection_framing PASS
OMDB_CASE physics CAM01.screen_movement_each_view PASS
OMDB_CASE physics CAM01.view_does_not_mutate_puzzle_collision PASS
OMDB_CASE physics CAM02.all_boundaries_remain_solid PASS
OMDB_CASE physics CAM02.diagonal_foreground_cutaway PASS
OMDB_CASE physics CAM02.all_boundaries_remain_solid PASS
OMDB_CASE physics CAM02.diagonal_foreground_cutaway PASS
OMDB_CASE physics CAM02.all_boundaries_remain_solid PASS
OMDB_CASE physics CAM02.diagonal_foreground_cutaway PASS
OMDB_CASE physics CAM02.all_boundaries_remain_solid PASS
OMDB_CASE physics CAM02.diagonal_foreground_cutaway PASS
OMDB_CASE physics CAM02.diagonal_isometric_preset.45.3 PASS
OMDB_CASE physics CAM02.preserves_authored_elevation_distance_pitch PASS
OMDB_CASE physics CAM01.preserves_projection_framing PASS
OMDB_CASE physics CAM01.screen_movement_each_view PASS
OMDB_CASE physics CAM01.view_does_not_mutate_puzzle_collision PASS
OMDB_CASE physics CAM02.all_boundaries_remain_solid PASS
OMDB_CASE physics CAM02.diagonal_foreground_cutaway PASS
OMDB_CASE physics CAM02.all_boundaries_remain_solid PASS
OMDB_CASE physics CAM02.diagonal_foreground_cutaway PASS
OMDB_CASE physics CAM02.all_boundaries_remain_solid PASS
OMDB_CASE physics CAM02.diagonal_foreground_cutaway PASS
OMDB_CASE physics CAM02.all_boundaries_remain_solid PASS
OMDB_CASE physics CAM02.diagonal_foreground_cutaway PASS
OMDB_CASE physics CAM02.wraps_to_authored_corner PASS
OMDB_CASE physics CAM01.exit_has_visible_frame PASS
OMDB_CASE physics CAM02.first_cycle_quarter_turn.46.camera_next PASS
OMDB_CASE physics CAM02.first_cycle_quarter_turn.46.camera_previous PASS
OMDB_CASE physics CAM02.diagonal_isometric_preset.46.0 PASS
OMDB_CASE physics CAM02.preserves_authored_elevation_distance_pitch PASS
OMDB_CASE physics CAM02.first_view_matches_authored_camera PASS
OMDB_CASE physics CAM01.preserves_projection_framing PASS
OMDB_CASE physics CAM01.screen_movement_each_view PASS
OMDB_CASE physics CAM01.view_does_not_mutate_puzzle_collision PASS
OMDB_CASE physics CAM02.all_boundaries_remain_solid PASS
OMDB_CASE physics CAM02.diagonal_foreground_cutaway PASS
OMDB_CASE physics CAM02.all_boundaries_remain_solid PASS
OMDB_CASE physics CAM02.diagonal_foreground_cutaway PASS
OMDB_CASE physics CAM02.all_boundaries_remain_solid PASS
OMDB_CASE physics CAM02.diagonal_foreground_cutaway PASS
OMDB_CASE physics CAM02.all_boundaries_remain_solid PASS
OMDB_CASE physics CAM02.diagonal_foreground_cutaway PASS
OMDB_CASE physics CAM02.diagonal_isometric_preset.46.1 PASS
OMDB_CASE physics CAM02.preserves_authored_elevation_distance_pitch PASS
OMDB_CASE physics CAM01.preserves_projection_framing PASS
OMDB_CASE physics CAM01.screen_movement_each_view PASS
OMDB_CASE physics CAM01.view_does_not_mutate_puzzle_collision PASS
OMDB_CASE physics CAM02.all_boundaries_remain_solid PASS
OMDB_CASE physics CAM02.diagonal_foreground_cutaway PASS
OMDB_CASE physics CAM02.all_boundaries_remain_solid PASS
OMDB_CASE physics CAM02.diagonal_foreground_cutaway PASS
OMDB_CASE physics CAM02.all_boundaries_remain_solid PASS
OMDB_CASE physics CAM02.diagonal_foreground_cutaway PASS
OMDB_CASE physics CAM02.all_boundaries_remain_solid PASS
OMDB_CASE physics CAM02.diagonal_foreground_cutaway PASS
OMDB_CASE physics CAM02.diagonal_isometric_preset.46.2 PASS
OMDB_CASE physics CAM02.preserves_authored_elevation_distance_pitch PASS
OMDB_CASE physics CAM01.preserves_projection_framing PASS
OMDB_CASE physics CAM01.screen_movement_each_view PASS
OMDB_CASE physics CAM01.view_does_not_mutate_puzzle_collision PASS
OMDB_CASE physics CAM02.all_boundaries_remain_solid PASS
OMDB_CASE physics CAM02.diagonal_foreground_cutaway PASS
OMDB_CASE physics CAM02.all_boundaries_remain_solid PASS
OMDB_CASE physics CAM02.diagonal_foreground_cutaway PASS
OMDB_CASE physics CAM02.all_boundaries_remain_solid PASS
OMDB_CASE physics CAM02.diagonal_foreground_cutaway PASS
OMDB_CASE physics CAM02.all_boundaries_remain_solid PASS
OMDB_CASE physics CAM02.diagonal_foreground_cutaway PASS
OMDB_CASE physics CAM02.diagonal_isometric_preset.46.3 PASS
OMDB_CASE physics CAM02.preserves_authored_elevation_distance_pitch PASS
OMDB_CASE physics CAM01.preserves_projection_framing PASS
OMDB_CASE physics CAM01.screen_movement_each_view PASS
OMDB_CASE physics CAM01.view_does_not_mutate_puzzle_collision PASS
OMDB_CASE physics CAM02.all_boundaries_remain_solid PASS
OMDB_CASE physics CAM02.diagonal_foreground_cutaway PASS
OMDB_CASE physics CAM02.all_boundaries_remain_solid PASS
OMDB_CASE physics CAM02.diagonal_foreground_cutaway PASS
OMDB_CASE physics CAM02.all_boundaries_remain_solid PASS
OMDB_CASE physics CAM02.diagonal_foreground_cutaway PASS
OMDB_CASE physics CAM02.all_boundaries_remain_solid PASS
OMDB_CASE physics CAM02.diagonal_foreground_cutaway PASS
OMDB_CASE physics CAM02.wraps_to_authored_corner PASS
OMDB_CASE physics CAM01.exit_has_visible_frame PASS
OMDB_CASE physics CAM02.first_cycle_quarter_turn.47.camera_next PASS
OMDB_CASE physics CAM02.first_cycle_quarter_turn.47.camera_previous PASS
OMDB_CASE physics CAM02.diagonal_isometric_preset.47.0 PASS
OMDB_CASE physics CAM02.preserves_authored_elevation_distance_pitch PASS
OMDB_CASE physics CAM02.first_view_matches_authored_camera PASS
OMDB_CASE physics CAM01.preserves_projection_framing PASS
OMDB_CASE physics CAM01.screen_movement_each_view PASS
OMDB_CASE physics CAM01.view_does_not_mutate_puzzle_collision PASS
OMDB_CASE physics CAM02.all_boundaries_remain_solid PASS
OMDB_CASE physics CAM02.diagonal_foreground_cutaway PASS
OMDB_CASE physics CAM02.all_boundaries_remain_solid PASS
OMDB_CASE physics CAM02.diagonal_foreground_cutaway PASS
OMDB_CASE physics CAM02.all_boundaries_remain_solid PASS
OMDB_CASE physics CAM02.diagonal_foreground_cutaway PASS
OMDB_CASE physics CAM02.all_boundaries_remain_solid PASS
OMDB_CASE physics CAM02.diagonal_foreground_cutaway PASS
OMDB_CASE physics CAM02.diagonal_isometric_preset.47.1 PASS
OMDB_CASE physics CAM02.preserves_authored_elevation_distance_pitch PASS
OMDB_CASE physics CAM01.preserves_projection_framing PASS
OMDB_CASE physics CAM01.screen_movement_each_view PASS
OMDB_CASE physics CAM01.view_does_not_mutate_puzzle_collision PASS
OMDB_CASE physics CAM02.all_boundaries_remain_solid PASS
OMDB_CASE physics CAM02.diagonal_foreground_cutaway PASS
OMDB_CASE physics CAM02.all_boundaries_remain_solid PASS
OMDB_CASE physics CAM02.diagonal_foreground_cutaway PASS
OMDB_CASE physics CAM02.all_boundaries_remain_solid PASS
OMDB_CASE physics CAM02.diagonal_foreground_cutaway PASS
OMDB_CASE physics CAM02.all_boundaries_remain_solid PASS
OMDB_CASE physics CAM02.diagonal_foreground_cutaway PASS
OMDB_CASE physics CAM02.diagonal_isometric_preset.47.2 PASS
OMDB_CASE physics CAM02.preserves_authored_elevation_distance_pitch PASS
OMDB_CASE physics CAM01.preserves_projection_framing PASS
OMDB_CASE physics CAM01.screen_movement_each_view PASS
OMDB_CASE physics CAM01.view_does_not_mutate_puzzle_collision PASS
OMDB_CASE physics CAM02.all_boundaries_remain_solid PASS
OMDB_CASE physics CAM02.diagonal_foreground_cutaway PASS
OMDB_CASE physics CAM02.all_boundaries_remain_solid PASS
OMDB_CASE physics CAM02.diagonal_foreground_cutaway PASS
OMDB_CASE physics CAM02.all_boundaries_remain_solid PASS
OMDB_CASE physics CAM02.diagonal_foreground_cutaway PASS
OMDB_CASE physics CAM02.all_boundaries_remain_solid PASS
OMDB_CASE physics CAM02.diagonal_foreground_cutaway PASS
OMDB_CASE physics CAM02.diagonal_isometric_preset.47.3 PASS
OMDB_CASE physics CAM02.preserves_authored_elevation_distance_pitch PASS
OMDB_CASE physics CAM01.preserves_projection_framing PASS
OMDB_CASE physics CAM01.screen_movement_each_view PASS
OMDB_CASE physics CAM01.view_does_not_mutate_puzzle_collision PASS
OMDB_CASE physics CAM02.all_boundaries_remain_solid PASS
OMDB_CASE physics CAM02.diagonal_foreground_cutaway PASS
OMDB_CASE physics CAM02.all_boundaries_remain_solid PASS
OMDB_CASE physics CAM02.diagonal_foreground_cutaway PASS
OMDB_CASE physics CAM02.all_boundaries_remain_solid PASS
OMDB_CASE physics CAM02.diagonal_foreground_cutaway PASS
OMDB_CASE physics CAM02.all_boundaries_remain_solid PASS
OMDB_CASE physics CAM02.diagonal_foreground_cutaway PASS
OMDB_CASE physics CAM02.wraps_to_authored_corner PASS
OMDB_CASE physics CAM01.exit_has_visible_frame PASS
OMDB_CASE physics CAM02.first_cycle_quarter_turn.48.camera_next PASS
OMDB_CASE physics CAM02.first_cycle_quarter_turn.48.camera_previous PASS
OMDB_CASE physics CAM02.diagonal_isometric_preset.48.0 PASS
OMDB_CASE physics CAM02.preserves_authored_elevation_distance_pitch PASS
OMDB_CASE physics CAM02.first_view_matches_authored_camera PASS
OMDB_CASE physics CAM01.preserves_projection_framing PASS
OMDB_CASE physics CAM01.screen_movement_each_view PASS
OMDB_CASE physics CAM01.view_does_not_mutate_puzzle_collision PASS
OMDB_CASE physics CAM02.all_boundaries_remain_solid PASS
OMDB_CASE physics CAM02.diagonal_foreground_cutaway PASS
OMDB_CASE physics CAM02.all_boundaries_remain_solid PASS
OMDB_CASE physics CAM02.diagonal_foreground_cutaway PASS
OMDB_CASE physics CAM02.all_boundaries_remain_solid PASS
OMDB_CASE physics CAM02.diagonal_foreground_cutaway PASS
OMDB_CASE physics CAM02.all_boundaries_remain_solid PASS
OMDB_CASE physics CAM02.diagonal_foreground_cutaway PASS
OMDB_CASE physics CAM02.diagonal_isometric_preset.48.1 PASS
OMDB_CASE physics CAM02.preserves_authored_elevation_distance_pitch PASS
OMDB_CASE physics CAM01.preserves_projection_framing PASS
OMDB_CASE physics CAM01.screen_movement_each_view PASS
OMDB_CASE physics CAM01.view_does_not_mutate_puzzle_collision PASS
OMDB_CASE physics CAM02.all_boundaries_remain_solid PASS
OMDB_CASE physics CAM02.diagonal_foreground_cutaway PASS
OMDB_CASE physics CAM02.all_boundaries_remain_solid PASS
OMDB_CASE physics CAM02.diagonal_foreground_cutaway PASS
OMDB_CASE physics CAM02.all_boundaries_remain_solid PASS
OMDB_CASE physics CAM02.diagonal_foreground_cutaway PASS
OMDB_CASE physics CAM02.all_boundaries_remain_solid PASS
OMDB_CASE physics CAM02.diagonal_foreground_cutaway PASS
OMDB_CASE physics CAM02.diagonal_isometric_preset.48.2 PASS
OMDB_CASE physics CAM02.preserves_authored_elevation_distance_pitch PASS
OMDB_CASE physics CAM01.preserves_projection_framing PASS
OMDB_CASE physics CAM01.screen_movement_each_view PASS
OMDB_CASE physics CAM01.view_does_not_mutate_puzzle_collision PASS
OMDB_CASE physics CAM02.all_boundaries_remain_solid PASS
OMDB_CASE physics CAM02.diagonal_foreground_cutaway PASS
OMDB_CASE physics CAM02.all_boundaries_remain_solid PASS
OMDB_CASE physics CAM02.diagonal_foreground_cutaway PASS
OMDB_CASE physics CAM02.all_boundaries_remain_solid PASS
OMDB_CASE physics CAM02.diagonal_foreground_cutaway PASS
OMDB_CASE physics CAM02.all_boundaries_remain_solid PASS
OMDB_CASE physics CAM02.diagonal_foreground_cutaway PASS
OMDB_CASE physics CAM02.diagonal_isometric_preset.48.3 PASS
OMDB_CASE physics CAM02.preserves_authored_elevation_distance_pitch PASS
OMDB_CASE physics CAM01.preserves_projection_framing PASS
OMDB_CASE physics CAM01.screen_movement_each_view PASS
OMDB_CASE physics CAM01.view_does_not_mutate_puzzle_collision PASS
OMDB_CASE physics CAM02.all_boundaries_remain_solid PASS
OMDB_CASE physics CAM02.diagonal_foreground_cutaway PASS
OMDB_CASE physics CAM02.all_boundaries_remain_solid PASS
OMDB_CASE physics CAM02.diagonal_foreground_cutaway PASS
OMDB_CASE physics CAM02.all_boundaries_remain_solid PASS
OMDB_CASE physics CAM02.diagonal_foreground_cutaway PASS
OMDB_CASE physics CAM02.all_boundaries_remain_solid PASS
OMDB_CASE physics CAM02.diagonal_foreground_cutaway PASS
OMDB_CASE physics CAM02.wraps_to_authored_corner PASS
OMDB_CASE physics CAM01.exit_has_visible_frame PASS
OMDB_CASE physics CAM02.first_cycle_quarter_turn.49.camera_next PASS
OMDB_CASE physics CAM02.first_cycle_quarter_turn.49.camera_previous PASS
OMDB_CASE physics CAM02.diagonal_isometric_preset.49.0 PASS
OMDB_CASE physics CAM02.preserves_authored_elevation_distance_pitch PASS
OMDB_CASE physics CAM02.first_view_matches_authored_camera PASS
OMDB_CASE physics CAM01.preserves_projection_framing PASS
OMDB_CASE physics CAM01.screen_movement_each_view PASS
OMDB_CASE physics CAM01.view_does_not_mutate_puzzle_collision PASS
OMDB_CASE physics CAM02.all_boundaries_remain_solid PASS
OMDB_CASE physics CAM02.diagonal_foreground_cutaway PASS
OMDB_CASE physics CAM02.all_boundaries_remain_solid PASS
OMDB_CASE physics CAM02.diagonal_foreground_cutaway PASS
OMDB_CASE physics CAM02.all_boundaries_remain_solid PASS
OMDB_CASE physics CAM02.diagonal_foreground_cutaway PASS
OMDB_CASE physics CAM02.all_boundaries_remain_solid PASS
OMDB_CASE physics CAM02.diagonal_foreground_cutaway PASS
OMDB_CASE physics CAM02.diagonal_isometric_preset.49.1 PASS
OMDB_CASE physics CAM02.preserves_authored_elevation_distance_pitch PASS
OMDB_CASE physics CAM01.preserves_projection_framing PASS
OMDB_CASE physics CAM01.screen_movement_each_view PASS
OMDB_CASE physics CAM01.view_does_not_mutate_puzzle_collision PASS
OMDB_CASE physics CAM02.all_boundaries_remain_solid PASS
OMDB_CASE physics CAM02.diagonal_foreground_cutaway PASS
OMDB_CASE physics CAM02.all_boundaries_remain_solid PASS
OMDB_CASE physics CAM02.diagonal_foreground_cutaway PASS
OMDB_CASE physics CAM02.all_boundaries_remain_solid PASS
OMDB_CASE physics CAM02.diagonal_foreground_cutaway PASS
OMDB_CASE physics CAM02.all_boundaries_remain_solid PASS
OMDB_CASE physics CAM02.diagonal_foreground_cutaway PASS
OMDB_CASE physics CAM02.diagonal_isometric_preset.49.2 PASS
OMDB_CASE physics CAM02.preserves_authored_elevation_distance_pitch PASS
OMDB_CASE physics CAM01.preserves_projection_framing PASS
OMDB_CASE physics CAM01.screen_movement_each_view PASS
OMDB_CASE physics CAM01.view_does_not_mutate_puzzle_collision PASS
OMDB_CASE physics CAM02.all_boundaries_remain_solid PASS
OMDB_CASE physics CAM02.diagonal_foreground_cutaway PASS
OMDB_CASE physics CAM02.all_boundaries_remain_solid PASS
OMDB_CASE physics CAM02.diagonal_foreground_cutaway PASS
OMDB_CASE physics CAM02.all_boundaries_remain_solid PASS
OMDB_CASE physics CAM02.diagonal_foreground_cutaway PASS
OMDB_CASE physics CAM02.all_boundaries_remain_solid PASS
OMDB_CASE physics CAM02.diagonal_foreground_cutaway PASS
OMDB_CASE physics CAM02.diagonal_isometric_preset.49.3 PASS
OMDB_CASE physics CAM02.preserves_authored_elevation_distance_pitch PASS
OMDB_CASE physics CAM01.preserves_projection_framing PASS
OMDB_CASE physics CAM01.screen_movement_each_view PASS
OMDB_CASE physics CAM01.view_does_not_mutate_puzzle_collision PASS
OMDB_CASE physics CAM02.all_boundaries_remain_solid PASS
OMDB_CASE physics CAM02.diagonal_foreground_cutaway PASS
OMDB_CASE physics CAM02.all_boundaries_remain_solid PASS
OMDB_CASE physics CAM02.diagonal_foreground_cutaway PASS
OMDB_CASE physics CAM02.all_boundaries_remain_solid PASS
OMDB_CASE physics CAM02.diagonal_foreground_cutaway PASS
OMDB_CASE physics CAM02.all_boundaries_remain_solid PASS
OMDB_CASE physics CAM02.diagonal_foreground_cutaway PASS
OMDB_CASE physics CAM02.wraps_to_authored_corner PASS
OMDB_CASE physics CAM01.exit_has_visible_frame PASS
OMDB_CASE physics CAM02.first_cycle_quarter_turn.50.camera_next PASS
OMDB_CASE physics CAM02.first_cycle_quarter_turn.50.camera_previous PASS
OMDB_CASE physics CAM02.diagonal_isometric_preset.50.0 PASS
OMDB_CASE physics CAM02.preserves_authored_elevation_distance_pitch PASS
OMDB_CASE physics CAM02.first_view_matches_authored_camera PASS
OMDB_CASE physics CAM01.preserves_projection_framing PASS
OMDB_CASE physics CAM01.screen_movement_each_view PASS
OMDB_CASE physics CAM01.view_does_not_mutate_puzzle_collision PASS
OMDB_CASE physics CAM02.all_boundaries_remain_solid PASS
OMDB_CASE physics CAM02.diagonal_foreground_cutaway PASS
OMDB_CASE physics CAM02.all_boundaries_remain_solid PASS
OMDB_CASE physics CAM02.diagonal_foreground_cutaway PASS
OMDB_CASE physics CAM02.all_boundaries_remain_solid PASS
OMDB_CASE physics CAM02.diagonal_foreground_cutaway PASS
OMDB_CASE physics CAM02.all_boundaries_remain_solid PASS
OMDB_CASE physics CAM02.diagonal_foreground_cutaway PASS
OMDB_CASE physics CAM02.diagonal_isometric_preset.50.1 PASS
OMDB_CASE physics CAM02.preserves_authored_elevation_distance_pitch PASS
OMDB_CASE physics CAM01.preserves_projection_framing PASS
OMDB_CASE physics CAM01.screen_movement_each_view PASS
OMDB_CASE physics CAM01.view_does_not_mutate_puzzle_collision PASS
OMDB_CASE physics CAM02.all_boundaries_remain_solid PASS
OMDB_CASE physics CAM02.diagonal_foreground_cutaway PASS
OMDB_CASE physics CAM02.all_boundaries_remain_solid PASS
OMDB_CASE physics CAM02.diagonal_foreground_cutaway PASS
OMDB_CASE physics CAM02.all_boundaries_remain_solid PASS
OMDB_CASE physics CAM02.diagonal_foreground_cutaway PASS
OMDB_CASE physics CAM02.all_boundaries_remain_solid PASS
OMDB_CASE physics CAM02.diagonal_foreground_cutaway PASS
OMDB_CASE physics CAM02.diagonal_isometric_preset.50.2 PASS
OMDB_CASE physics CAM02.preserves_authored_elevation_distance_pitch PASS
OMDB_CASE physics CAM01.preserves_projection_framing PASS
OMDB_CASE physics CAM01.screen_movement_each_view PASS
OMDB_CASE physics CAM01.view_does_not_mutate_puzzle_collision PASS
OMDB_CASE physics CAM02.all_boundaries_remain_solid PASS
OMDB_CASE physics CAM02.diagonal_foreground_cutaway PASS
OMDB_CASE physics CAM02.all_boundaries_remain_solid PASS
OMDB_CASE physics CAM02.diagonal_foreground_cutaway PASS
OMDB_CASE physics CAM02.all_boundaries_remain_solid PASS
OMDB_CASE physics CAM02.diagonal_foreground_cutaway PASS
OMDB_CASE physics CAM02.all_boundaries_remain_solid PASS
OMDB_CASE physics CAM02.diagonal_foreground_cutaway PASS
OMDB_CASE physics CAM02.diagonal_isometric_preset.50.3 PASS
OMDB_CASE physics CAM02.preserves_authored_elevation_distance_pitch PASS
OMDB_CASE physics CAM01.preserves_projection_framing PASS
OMDB_CASE physics CAM01.screen_movement_each_view PASS
OMDB_CASE physics CAM01.view_does_not_mutate_puzzle_collision PASS
OMDB_CASE physics CAM02.all_boundaries_remain_solid PASS
OMDB_CASE physics CAM02.diagonal_foreground_cutaway PASS
OMDB_CASE physics CAM02.all_boundaries_remain_solid PASS
OMDB_CASE physics CAM02.diagonal_foreground_cutaway PASS
OMDB_CASE physics CAM02.all_boundaries_remain_solid PASS
OMDB_CASE physics CAM02.diagonal_foreground_cutaway PASS
OMDB_CASE physics CAM02.all_boundaries_remain_solid PASS
OMDB_CASE physics CAM02.diagonal_foreground_cutaway PASS
OMDB_CASE physics CAM02.wraps_to_authored_corner PASS
OMDB_CASE physics CAM01.exit_has_visible_frame PASS
OMDB_CASE physics CAM02.first_cycle_quarter_turn.51.camera_next PASS
OMDB_CASE physics CAM02.first_cycle_quarter_turn.51.camera_previous PASS
OMDB_CASE physics CAM02.diagonal_isometric_preset.51.0 PASS
OMDB_CASE physics CAM02.preserves_authored_elevation_distance_pitch PASS
OMDB_CASE physics CAM02.first_view_matches_authored_camera PASS
OMDB_CASE physics CAM01.preserves_projection_framing PASS
OMDB_CASE physics CAM01.screen_movement_each_view PASS
OMDB_CASE physics CAM01.view_does_not_mutate_puzzle_collision PASS
OMDB_CASE physics CAM02.all_boundaries_remain_solid PASS
OMDB_CASE physics CAM02.diagonal_foreground_cutaway PASS
OMDB_CASE physics CAM02.all_boundaries_remain_solid PASS
OMDB_CASE physics CAM02.diagonal_foreground_cutaway PASS
OMDB_CASE physics CAM02.all_boundaries_remain_solid PASS
OMDB_CASE physics CAM02.diagonal_foreground_cutaway PASS
OMDB_CASE physics CAM02.all_boundaries_remain_solid PASS
OMDB_CASE physics CAM02.diagonal_foreground_cutaway PASS
OMDB_CASE physics CAM02.diagonal_isometric_preset.51.1 PASS
OMDB_CASE physics CAM02.preserves_authored_elevation_distance_pitch PASS
OMDB_CASE physics CAM01.preserves_projection_framing PASS
OMDB_CASE physics CAM01.screen_movement_each_view PASS
OMDB_CASE physics CAM01.view_does_not_mutate_puzzle_collision PASS
OMDB_CASE physics CAM02.all_boundaries_remain_solid PASS
OMDB_CASE physics CAM02.diagonal_foreground_cutaway PASS
OMDB_CASE physics CAM02.all_boundaries_remain_solid PASS
OMDB_CASE physics CAM02.diagonal_foreground_cutaway PASS
OMDB_CASE physics CAM02.all_boundaries_remain_solid PASS
OMDB_CASE physics CAM02.diagonal_foreground_cutaway PASS
OMDB_CASE physics CAM02.all_boundaries_remain_solid PASS
OMDB_CASE physics CAM02.diagonal_foreground_cutaway PASS
OMDB_CASE physics CAM02.diagonal_isometric_preset.51.2 PASS
OMDB_CASE physics CAM02.preserves_authored_elevation_distance_pitch PASS
OMDB_CASE physics CAM01.preserves_projection_framing PASS
OMDB_CASE physics CAM01.screen_movement_each_view PASS
OMDB_CASE physics CAM01.view_does_not_mutate_puzzle_collision PASS
OMDB_CASE physics CAM02.all_boundaries_remain_solid PASS
OMDB_CASE physics CAM02.diagonal_foreground_cutaway PASS
OMDB_CASE physics CAM02.all_boundaries_remain_solid PASS
OMDB_CASE physics CAM02.diagonal_foreground_cutaway PASS
OMDB_CASE physics CAM02.all_boundaries_remain_solid PASS
OMDB_CASE physics CAM02.diagonal_foreground_cutaway PASS
OMDB_CASE physics CAM02.all_boundaries_remain_solid PASS
OMDB_CASE physics CAM02.diagonal_foreground_cutaway PASS
OMDB_CASE physics CAM02.diagonal_isometric_preset.51.3 PASS
OMDB_CASE physics CAM02.preserves_authored_elevation_distance_pitch PASS
OMDB_CASE physics CAM01.preserves_projection_framing PASS
OMDB_CASE physics CAM01.screen_movement_each_view PASS
OMDB_CASE physics CAM01.view_does_not_mutate_puzzle_collision PASS
OMDB_CASE physics CAM02.all_boundaries_remain_solid PASS
OMDB_CASE physics CAM02.diagonal_foreground_cutaway PASS
OMDB_CASE physics CAM02.all_boundaries_remain_solid PASS
OMDB_CASE physics CAM02.diagonal_foreground_cutaway PASS
OMDB_CASE physics CAM02.all_boundaries_remain_solid PASS
OMDB_CASE physics CAM02.diagonal_foreground_cutaway PASS
OMDB_CASE physics CAM02.all_boundaries_remain_solid PASS
OMDB_CASE physics CAM02.diagonal_foreground_cutaway PASS
OMDB_CASE physics CAM02.wraps_to_authored_corner PASS
OMDB_CASE physics CAM01.exit_has_visible_frame PASS
OMDB_CASE physics CAM02.first_cycle_quarter_turn.52.camera_next PASS
OMDB_CASE physics CAM02.first_cycle_quarter_turn.52.camera_previous PASS
OMDB_CASE physics CAM02.diagonal_isometric_preset.52.0 PASS
OMDB_CASE physics CAM02.preserves_authored_elevation_distance_pitch PASS
OMDB_CASE physics CAM02.first_view_matches_authored_camera PASS
OMDB_CASE physics CAM01.preserves_projection_framing PASS
OMDB_CASE physics CAM01.screen_movement_each_view PASS
OMDB_CASE physics CAM01.view_does_not_mutate_puzzle_collision PASS
OMDB_CASE physics CAM02.all_boundaries_remain_solid PASS
OMDB_CASE physics CAM02.diagonal_foreground_cutaway PASS
OMDB_CASE physics CAM02.all_boundaries_remain_solid PASS
OMDB_CASE physics CAM02.diagonal_foreground_cutaway PASS
OMDB_CASE physics CAM02.all_boundaries_remain_solid PASS
OMDB_CASE physics CAM02.diagonal_foreground_cutaway PASS
OMDB_CASE physics CAM02.all_boundaries_remain_solid PASS
OMDB_CASE physics CAM02.diagonal_foreground_cutaway PASS
OMDB_CASE physics CAM02.diagonal_isometric_preset.52.1 PASS
OMDB_CASE physics CAM02.preserves_authored_elevation_distance_pitch PASS
OMDB_CASE physics CAM01.preserves_projection_framing PASS
OMDB_CASE physics CAM01.screen_movement_each_view PASS
OMDB_CASE physics CAM01.view_does_not_mutate_puzzle_collision PASS
OMDB_CASE physics CAM02.all_boundaries_remain_solid PASS
OMDB_CASE physics CAM02.diagonal_foreground_cutaway PASS
OMDB_CASE physics CAM02.all_boundaries_remain_solid PASS
OMDB_CASE physics CAM02.diagonal_foreground_cutaway PASS
OMDB_CASE physics CAM02.all_boundaries_remain_solid PASS
OMDB_CASE physics CAM02.diagonal_foreground_cutaway PASS
OMDB_CASE physics CAM02.all_boundaries_remain_solid PASS
OMDB_CASE physics CAM02.diagonal_foreground_cutaway PASS
OMDB_CASE physics CAM02.diagonal_isometric_preset.52.2 PASS
OMDB_CASE physics CAM02.preserves_authored_elevation_distance_pitch PASS
OMDB_CASE physics CAM01.preserves_projection_framing PASS
OMDB_CASE physics CAM01.screen_movement_each_view PASS
OMDB_CASE physics CAM01.view_does_not_mutate_puzzle_collision PASS
OMDB_CASE physics CAM02.all_boundaries_remain_solid PASS
OMDB_CASE physics CAM02.diagonal_foreground_cutaway PASS
OMDB_CASE physics CAM02.all_boundaries_remain_solid PASS
OMDB_CASE physics CAM02.diagonal_foreground_cutaway PASS
OMDB_CASE physics CAM02.all_boundaries_remain_solid PASS
OMDB_CASE physics CAM02.diagonal_foreground_cutaway PASS
OMDB_CASE physics CAM02.all_boundaries_remain_solid PASS
OMDB_CASE physics CAM02.diagonal_foreground_cutaway PASS
OMDB_CASE physics CAM02.diagonal_isometric_preset.52.3 PASS
OMDB_CASE physics CAM02.preserves_authored_elevation_distance_pitch PASS
OMDB_CASE physics CAM01.preserves_projection_framing PASS
OMDB_CASE physics CAM01.screen_movement_each_view PASS
OMDB_CASE physics CAM01.view_does_not_mutate_puzzle_collision PASS
OMDB_CASE physics CAM02.all_boundaries_remain_solid PASS
OMDB_CASE physics CAM02.diagonal_foreground_cutaway PASS
OMDB_CASE physics CAM02.all_boundaries_remain_solid PASS
OMDB_CASE physics CAM02.diagonal_foreground_cutaway PASS
OMDB_CASE physics CAM02.all_boundaries_remain_solid PASS
OMDB_CASE physics CAM02.diagonal_foreground_cutaway PASS
OMDB_CASE physics CAM02.all_boundaries_remain_solid PASS
OMDB_CASE physics CAM02.diagonal_foreground_cutaway PASS
OMDB_CASE physics CAM02.wraps_to_authored_corner PASS
OMDB_CASE physics CAM01.exit_has_visible_frame PASS
OMDB_CASE physics CAM02.first_cycle_quarter_turn.53.camera_next PASS
OMDB_CASE physics CAM02.first_cycle_quarter_turn.53.camera_previous PASS
OMDB_CASE physics CAM02.diagonal_isometric_preset.53.0 PASS
OMDB_CASE physics CAM02.preserves_authored_elevation_distance_pitch PASS
OMDB_CASE physics CAM02.first_view_matches_authored_camera PASS
OMDB_CASE physics CAM01.preserves_projection_framing PASS
OMDB_CASE physics CAM01.screen_movement_each_view PASS
OMDB_CASE physics CAM01.view_does_not_mutate_puzzle_collision PASS
OMDB_CASE physics CAM02.all_boundaries_remain_solid PASS
OMDB_CASE physics CAM02.diagonal_foreground_cutaway PASS
OMDB_CASE physics CAM02.all_boundaries_remain_solid PASS
OMDB_CASE physics CAM02.diagonal_foreground_cutaway PASS
OMDB_CASE physics CAM02.all_boundaries_remain_solid PASS
OMDB_CASE physics CAM02.diagonal_foreground_cutaway PASS
OMDB_CASE physics CAM02.all_boundaries_remain_solid PASS
OMDB_CASE physics CAM02.diagonal_foreground_cutaway PASS
OMDB_CASE physics CAM02.diagonal_isometric_preset.53.1 PASS
OMDB_CASE physics CAM02.preserves_authored_elevation_distance_pitch PASS
OMDB_CASE physics CAM01.preserves_projection_framing PASS
OMDB_CASE physics CAM01.screen_movement_each_view PASS
OMDB_CASE physics CAM01.view_does_not_mutate_puzzle_collision PASS
OMDB_CASE physics CAM02.all_boundaries_remain_solid PASS
OMDB_CASE physics CAM02.diagonal_foreground_cutaway PASS
OMDB_CASE physics CAM02.all_boundaries_remain_solid PASS
OMDB_CASE physics CAM02.diagonal_foreground_cutaway PASS
OMDB_CASE physics CAM02.all_boundaries_remain_solid PASS
OMDB_CASE physics CAM02.diagonal_foreground_cutaway PASS
OMDB_CASE physics CAM02.all_boundaries_remain_solid PASS
OMDB_CASE physics CAM02.diagonal_foreground_cutaway PASS
OMDB_CASE physics CAM02.diagonal_isometric_preset.53.2 PASS
OMDB_CASE physics CAM02.preserves_authored_elevation_distance_pitch PASS
OMDB_CASE physics CAM01.preserves_projection_framing PASS
OMDB_CASE physics CAM01.screen_movement_each_view PASS
OMDB_CASE physics CAM01.view_does_not_mutate_puzzle_collision PASS
OMDB_CASE physics CAM02.all_boundaries_remain_solid PASS
OMDB_CASE physics CAM02.diagonal_foreground_cutaway PASS
OMDB_CASE physics CAM02.all_boundaries_remain_solid PASS
OMDB_CASE physics CAM02.diagonal_foreground_cutaway PASS
OMDB_CASE physics CAM02.all_boundaries_remain_solid PASS
OMDB_CASE physics CAM02.diagonal_foreground_cutaway PASS
OMDB_CASE physics CAM02.all_boundaries_remain_solid PASS
OMDB_CASE physics CAM02.diagonal_foreground_cutaway PASS
OMDB_CASE physics CAM02.diagonal_isometric_preset.53.3 PASS
OMDB_CASE physics CAM02.preserves_authored_elevation_distance_pitch PASS
OMDB_CASE physics CAM01.preserves_projection_framing PASS
OMDB_CASE physics CAM01.screen_movement_each_view PASS
OMDB_CASE physics CAM01.view_does_not_mutate_puzzle_collision PASS
OMDB_CASE physics CAM02.all_boundaries_remain_solid PASS
OMDB_CASE physics CAM02.diagonal_foreground_cutaway PASS
OMDB_CASE physics CAM02.all_boundaries_remain_solid PASS
OMDB_CASE physics CAM02.diagonal_foreground_cutaway PASS
OMDB_CASE physics CAM02.all_boundaries_remain_solid PASS
OMDB_CASE physics CAM02.diagonal_foreground_cutaway PASS
OMDB_CASE physics CAM02.all_boundaries_remain_solid PASS
OMDB_CASE physics CAM02.diagonal_foreground_cutaway PASS
OMDB_CASE physics CAM02.wraps_to_authored_corner PASS
OMDB_CASE physics CAM01.exit_has_visible_frame PASS
OMDB_CASE physics CAM02.first_cycle_quarter_turn.54.camera_next PASS
OMDB_CASE physics CAM02.first_cycle_quarter_turn.54.camera_previous PASS
OMDB_CASE physics CAM02.diagonal_isometric_preset.54.0 PASS
OMDB_CASE physics CAM02.preserves_authored_elevation_distance_pitch PASS
OMDB_CASE physics CAM02.first_view_matches_authored_camera PASS
OMDB_CASE physics CAM01.preserves_projection_framing PASS
OMDB_CASE physics CAM01.screen_movement_each_view PASS
OMDB_CASE physics CAM01.view_does_not_mutate_puzzle_collision PASS
OMDB_CASE physics CAM02.all_boundaries_remain_solid PASS
OMDB_CASE physics CAM02.diagonal_foreground_cutaway PASS
OMDB_CASE physics CAM02.all_boundaries_remain_solid PASS
OMDB_CASE physics CAM02.diagonal_foreground_cutaway PASS
OMDB_CASE physics CAM02.all_boundaries_remain_solid PASS
OMDB_CASE physics CAM02.diagonal_foreground_cutaway PASS
OMDB_CASE physics CAM02.all_boundaries_remain_solid PASS
OMDB_CASE physics CAM02.diagonal_foreground_cutaway PASS
OMDB_CASE physics CAM02.diagonal_isometric_preset.54.1 PASS
OMDB_CASE physics CAM02.preserves_authored_elevation_distance_pitch PASS
OMDB_CASE physics CAM01.preserves_projection_framing PASS
OMDB_CASE physics CAM01.screen_movement_each_view PASS
OMDB_CASE physics CAM01.view_does_not_mutate_puzzle_collision PASS
OMDB_CASE physics CAM02.all_boundaries_remain_solid PASS
OMDB_CASE physics CAM02.diagonal_foreground_cutaway PASS
OMDB_CASE physics CAM02.all_boundaries_remain_solid PASS
OMDB_CASE physics CAM02.diagonal_foreground_cutaway PASS
OMDB_CASE physics CAM02.all_boundaries_remain_solid PASS
OMDB_CASE physics CAM02.diagonal_foreground_cutaway PASS
OMDB_CASE physics CAM02.all_boundaries_remain_solid PASS
OMDB_CASE physics CAM02.diagonal_foreground_cutaway PASS
OMDB_CASE physics CAM02.diagonal_isometric_preset.54.2 PASS
OMDB_CASE physics CAM02.preserves_authored_elevation_distance_pitch PASS
OMDB_CASE physics CAM01.preserves_projection_framing PASS
OMDB_CASE physics CAM01.screen_movement_each_view PASS
OMDB_CASE physics CAM01.view_does_not_mutate_puzzle_collision PASS
OMDB_CASE physics CAM02.all_boundaries_remain_solid PASS
OMDB_CASE physics CAM02.diagonal_foreground_cutaway PASS
OMDB_CASE physics CAM02.all_boundaries_remain_solid PASS
OMDB_CASE physics CAM02.diagonal_foreground_cutaway PASS
OMDB_CASE physics CAM02.all_boundaries_remain_solid PASS
OMDB_CASE physics CAM02.diagonal_foreground_cutaway PASS
OMDB_CASE physics CAM02.all_boundaries_remain_solid PASS
OMDB_CASE physics CAM02.diagonal_foreground_cutaway PASS
OMDB_CASE physics CAM02.diagonal_isometric_preset.54.3 PASS
OMDB_CASE physics CAM02.preserves_authored_elevation_distance_pitch PASS
OMDB_CASE physics CAM01.preserves_projection_framing PASS
OMDB_CASE physics CAM01.screen_movement_each_view PASS
OMDB_CASE physics CAM01.view_does_not_mutate_puzzle_collision PASS
OMDB_CASE physics CAM02.all_boundaries_remain_solid PASS
OMDB_CASE physics CAM02.diagonal_foreground_cutaway PASS
OMDB_CASE physics CAM02.all_boundaries_remain_solid PASS
OMDB_CASE physics CAM02.diagonal_foreground_cutaway PASS
OMDB_CASE physics CAM02.all_boundaries_remain_solid PASS
OMDB_CASE physics CAM02.diagonal_foreground_cutaway PASS
OMDB_CASE physics CAM02.all_boundaries_remain_solid PASS
OMDB_CASE physics CAM02.diagonal_foreground_cutaway PASS
OMDB_CASE physics CAM02.wraps_to_authored_corner PASS
OMDB_CASE physics CAM01.exit_has_visible_frame PASS
OMDB_CASE physics CAM02.first_cycle_quarter_turn.55.camera_next PASS
OMDB_CASE physics CAM02.first_cycle_quarter_turn.55.camera_previous PASS
OMDB_CASE physics CAM02.diagonal_isometric_preset.55.0 PASS
OMDB_CASE physics CAM02.preserves_authored_elevation_distance_pitch PASS
OMDB_CASE physics CAM02.first_view_matches_authored_camera PASS
OMDB_CASE physics CAM01.preserves_projection_framing PASS
OMDB_CASE physics CAM01.screen_movement_each_view PASS
OMDB_CASE physics CAM01.view_does_not_mutate_puzzle_collision PASS
OMDB_CASE physics CAM02.all_boundaries_remain_solid PASS
OMDB_CASE physics CAM02.diagonal_foreground_cutaway PASS
OMDB_CASE physics CAM02.all_boundaries_remain_solid PASS
OMDB_CASE physics CAM02.diagonal_foreground_cutaway PASS
OMDB_CASE physics CAM02.all_boundaries_remain_solid PASS
OMDB_CASE physics CAM02.diagonal_foreground_cutaway PASS
OMDB_CASE physics CAM02.all_boundaries_remain_solid PASS
OMDB_CASE physics CAM02.diagonal_foreground_cutaway PASS
OMDB_CASE physics CAM02.diagonal_isometric_preset.55.1 PASS
OMDB_CASE physics CAM02.preserves_authored_elevation_distance_pitch PASS
OMDB_CASE physics CAM01.preserves_projection_framing PASS
OMDB_CASE physics CAM01.screen_movement_each_view PASS
OMDB_CASE physics CAM01.view_does_not_mutate_puzzle_collision PASS
OMDB_CASE physics CAM02.all_boundaries_remain_solid PASS
OMDB_CASE physics CAM02.diagonal_foreground_cutaway PASS
OMDB_CASE physics CAM02.all_boundaries_remain_solid PASS
OMDB_CASE physics CAM02.diagonal_foreground_cutaway PASS
OMDB_CASE physics CAM02.all_boundaries_remain_solid PASS
OMDB_CASE physics CAM02.diagonal_foreground_cutaway PASS
OMDB_CASE physics CAM02.all_boundaries_remain_solid PASS
OMDB_CASE physics CAM02.diagonal_foreground_cutaway PASS
OMDB_CASE physics CAM02.diagonal_isometric_preset.55.2 PASS
OMDB_CASE physics CAM02.preserves_authored_elevation_distance_pitch PASS
OMDB_CASE physics CAM01.preserves_projection_framing PASS
OMDB_CASE physics CAM01.screen_movement_each_view PASS
OMDB_CASE physics CAM01.view_does_not_mutate_puzzle_collision PASS
OMDB_CASE physics CAM02.all_boundaries_remain_solid PASS
OMDB_CASE physics CAM02.diagonal_foreground_cutaway PASS
OMDB_CASE physics CAM02.all_boundaries_remain_solid PASS
OMDB_CASE physics CAM02.diagonal_foreground_cutaway PASS
OMDB_CASE physics CAM02.all_boundaries_remain_solid PASS
OMDB_CASE physics CAM02.diagonal_foreground_cutaway PASS
OMDB_CASE physics CAM02.all_boundaries_remain_solid PASS
OMDB_CASE physics CAM02.diagonal_foreground_cutaway PASS
OMDB_CASE physics CAM02.diagonal_isometric_preset.55.3 PASS
OMDB_CASE physics CAM02.preserves_authored_elevation_distance_pitch PASS
OMDB_CASE physics CAM01.preserves_projection_framing PASS
OMDB_CASE physics CAM01.screen_movement_each_view PASS
OMDB_CASE physics CAM01.view_does_not_mutate_puzzle_collision PASS
OMDB_CASE physics CAM02.all_boundaries_remain_solid PASS
OMDB_CASE physics CAM02.diagonal_foreground_cutaway PASS
OMDB_CASE physics CAM02.all_boundaries_remain_solid PASS
OMDB_CASE physics CAM02.diagonal_foreground_cutaway PASS
OMDB_CASE physics CAM02.all_boundaries_remain_solid PASS
OMDB_CASE physics CAM02.diagonal_foreground_cutaway PASS
OMDB_CASE physics CAM02.all_boundaries_remain_solid PASS
OMDB_CASE physics CAM02.diagonal_foreground_cutaway PASS
OMDB_CASE physics CAM02.wraps_to_authored_corner PASS
OMDB_CASE physics CAM01.exit_has_visible_frame PASS
OMDB_CASE physics CAM02.first_cycle_quarter_turn.56.camera_next PASS
OMDB_CASE physics CAM02.first_cycle_quarter_turn.56.camera_previous PASS
OMDB_CASE physics CAM02.diagonal_isometric_preset.56.0 PASS
OMDB_CASE physics CAM02.preserves_authored_elevation_distance_pitch PASS
OMDB_CASE physics CAM02.first_view_matches_authored_camera PASS
OMDB_CASE physics CAM01.preserves_projection_framing PASS
OMDB_CASE physics CAM01.screen_movement_each_view PASS
OMDB_CASE physics CAM01.view_does_not_mutate_puzzle_collision PASS
OMDB_CASE physics CAM02.all_boundaries_remain_solid PASS
OMDB_CASE physics CAM02.diagonal_foreground_cutaway PASS
OMDB_CASE physics CAM02.all_boundaries_remain_solid PASS
OMDB_CASE physics CAM02.diagonal_foreground_cutaway PASS
OMDB_CASE physics CAM02.all_boundaries_remain_solid PASS
OMDB_CASE physics CAM02.diagonal_foreground_cutaway PASS
OMDB_CASE physics CAM02.all_boundaries_remain_solid PASS
OMDB_CASE physics CAM02.diagonal_foreground_cutaway PASS
OMDB_CASE physics CAM02.diagonal_isometric_preset.56.1 PASS
OMDB_CASE physics CAM02.preserves_authored_elevation_distance_pitch PASS
OMDB_CASE physics CAM01.preserves_projection_framing PASS
OMDB_CASE physics CAM01.screen_movement_each_view PASS
OMDB_CASE physics CAM01.view_does_not_mutate_puzzle_collision PASS
OMDB_CASE physics CAM02.all_boundaries_remain_solid PASS
OMDB_CASE physics CAM02.diagonal_foreground_cutaway PASS
OMDB_CASE physics CAM02.all_boundaries_remain_solid PASS
OMDB_CASE physics CAM02.diagonal_foreground_cutaway PASS
OMDB_CASE physics CAM02.all_boundaries_remain_solid PASS
OMDB_CASE physics CAM02.diagonal_foreground_cutaway PASS
OMDB_CASE physics CAM02.all_boundaries_remain_solid PASS
OMDB_CASE physics CAM02.diagonal_foreground_cutaway PASS
OMDB_CASE physics CAM02.diagonal_isometric_preset.56.2 PASS
OMDB_CASE physics CAM02.preserves_authored_elevation_distance_pitch PASS
OMDB_CASE physics CAM01.preserves_projection_framing PASS
OMDB_CASE physics CAM01.screen_movement_each_view PASS
OMDB_CASE physics CAM01.view_does_not_mutate_puzzle_collision PASS
OMDB_CASE physics CAM02.all_boundaries_remain_solid PASS
OMDB_CASE physics CAM02.diagonal_foreground_cutaway PASS
OMDB_CASE physics CAM02.all_boundaries_remain_solid PASS
OMDB_CASE physics CAM02.diagonal_foreground_cutaway PASS
OMDB_CASE physics CAM02.all_boundaries_remain_solid PASS
OMDB_CASE physics CAM02.diagonal_foreground_cutaway PASS
OMDB_CASE physics CAM02.all_boundaries_remain_solid PASS
OMDB_CASE physics CAM02.diagonal_foreground_cutaway PASS
OMDB_CASE physics CAM02.diagonal_isometric_preset.56.3 PASS
OMDB_CASE physics CAM02.preserves_authored_elevation_distance_pitch PASS
OMDB_CASE physics CAM01.preserves_projection_framing PASS
OMDB_CASE physics CAM01.screen_movement_each_view PASS
OMDB_CASE physics CAM01.view_does_not_mutate_puzzle_collision PASS
OMDB_CASE physics CAM02.all_boundaries_remain_solid PASS
OMDB_CASE physics CAM02.diagonal_foreground_cutaway PASS
OMDB_CASE physics CAM02.all_boundaries_remain_solid PASS
OMDB_CASE physics CAM02.diagonal_foreground_cutaway PASS
OMDB_CASE physics CAM02.all_boundaries_remain_solid PASS
OMDB_CASE physics CAM02.diagonal_foreground_cutaway PASS
OMDB_CASE physics CAM02.all_boundaries_remain_solid PASS
OMDB_CASE physics CAM02.diagonal_foreground_cutaway PASS
OMDB_CASE physics CAM02.wraps_to_authored_corner PASS
OMDB_CASE physics CAM01.exit_has_visible_frame PASS
OMDB_CASE physics CAM02.first_cycle_quarter_turn.57.camera_next PASS
OMDB_CASE physics CAM02.first_cycle_quarter_turn.57.camera_previous PASS
OMDB_CASE physics CAM02.diagonal_isometric_preset.57.0 PASS
OMDB_CASE physics CAM02.preserves_authored_elevation_distance_pitch PASS
OMDB_CASE physics CAM02.first_view_matches_authored_camera PASS
OMDB_CASE physics CAM01.preserves_projection_framing PASS
OMDB_CASE physics CAM01.screen_movement_each_view PASS
OMDB_CASE physics CAM01.view_does_not_mutate_puzzle_collision PASS
OMDB_CASE physics CAM02.all_boundaries_remain_solid PASS
OMDB_CASE physics CAM02.diagonal_foreground_cutaway PASS
OMDB_CASE physics CAM02.all_boundaries_remain_solid PASS
OMDB_CASE physics CAM02.diagonal_foreground_cutaway PASS
OMDB_CASE physics CAM02.all_boundaries_remain_solid PASS
OMDB_CASE physics CAM02.diagonal_foreground_cutaway PASS
OMDB_CASE physics CAM02.all_boundaries_remain_solid PASS
OMDB_CASE physics CAM02.diagonal_foreground_cutaway PASS
OMDB_CASE physics CAM02.diagonal_isometric_preset.57.1 PASS
OMDB_CASE physics CAM02.preserves_authored_elevation_distance_pitch PASS
OMDB_CASE physics CAM01.preserves_projection_framing PASS
OMDB_CASE physics CAM01.screen_movement_each_view PASS
OMDB_CASE physics CAM01.view_does_not_mutate_puzzle_collision PASS
OMDB_CASE physics CAM02.all_boundaries_remain_solid PASS
OMDB_CASE physics CAM02.diagonal_foreground_cutaway PASS
OMDB_CASE physics CAM02.all_boundaries_remain_solid PASS
OMDB_CASE physics CAM02.diagonal_foreground_cutaway PASS
OMDB_CASE physics CAM02.all_boundaries_remain_solid PASS
OMDB_CASE physics CAM02.diagonal_foreground_cutaway PASS
OMDB_CASE physics CAM02.all_boundaries_remain_solid PASS
OMDB_CASE physics CAM02.diagonal_foreground_cutaway PASS
OMDB_CASE physics CAM02.diagonal_isometric_preset.57.2 PASS
OMDB_CASE physics CAM02.preserves_authored_elevation_distance_pitch PASS
OMDB_CASE physics CAM01.preserves_projection_framing PASS
OMDB_CASE physics CAM01.screen_movement_each_view PASS
OMDB_CASE physics CAM01.view_does_not_mutate_puzzle_collision PASS
OMDB_CASE physics CAM02.all_boundaries_remain_solid PASS
OMDB_CASE physics CAM02.diagonal_foreground_cutaway PASS
OMDB_CASE physics CAM02.all_boundaries_remain_solid PASS
OMDB_CASE physics CAM02.diagonal_foreground_cutaway PASS
OMDB_CASE physics CAM02.all_boundaries_remain_solid PASS
OMDB_CASE physics CAM02.diagonal_foreground_cutaway PASS
OMDB_CASE physics CAM02.all_boundaries_remain_solid PASS
OMDB_CASE physics CAM02.diagonal_foreground_cutaway PASS
OMDB_CASE physics CAM02.diagonal_isometric_preset.57.3 PASS
OMDB_CASE physics CAM02.preserves_authored_elevation_distance_pitch PASS
OMDB_CASE physics CAM01.preserves_projection_framing PASS
OMDB_CASE physics CAM01.screen_movement_each_view PASS
OMDB_CASE physics CAM01.view_does_not_mutate_puzzle_collision PASS
OMDB_CASE physics CAM02.all_boundaries_remain_solid PASS
OMDB_CASE physics CAM02.diagonal_foreground_cutaway PASS
OMDB_CASE physics CAM02.all_boundaries_remain_solid PASS
OMDB_CASE physics CAM02.diagonal_foreground_cutaway PASS
OMDB_CASE physics CAM02.all_boundaries_remain_solid PASS
OMDB_CASE physics CAM02.diagonal_foreground_cutaway PASS
OMDB_CASE physics CAM02.all_boundaries_remain_solid PASS
OMDB_CASE physics CAM02.diagonal_foreground_cutaway PASS
OMDB_CASE physics CAM02.wraps_to_authored_corner PASS
OMDB_CASE physics CAM01.exit_has_visible_frame PASS
OMDB_CASE physics CAM02.first_cycle_quarter_turn.58.camera_next PASS
OMDB_CASE physics CAM02.first_cycle_quarter_turn.58.camera_previous PASS
OMDB_CASE physics CAM02.diagonal_isometric_preset.58.0 PASS
OMDB_CASE physics CAM02.preserves_authored_elevation_distance_pitch PASS
OMDB_CASE physics CAM02.first_view_matches_authored_camera PASS
OMDB_CASE physics CAM01.preserves_projection_framing PASS
OMDB_CASE physics CAM01.screen_movement_each_view PASS
OMDB_CASE physics CAM01.view_does_not_mutate_puzzle_collision PASS
OMDB_CASE physics CAM02.all_boundaries_remain_solid PASS
OMDB_CASE physics CAM02.diagonal_foreground_cutaway PASS
OMDB_CASE physics CAM02.all_boundaries_remain_solid PASS
OMDB_CASE physics CAM02.diagonal_foreground_cutaway PASS
OMDB_CASE physics CAM02.all_boundaries_remain_solid PASS
OMDB_CASE physics CAM02.diagonal_foreground_cutaway PASS
OMDB_CASE physics CAM02.all_boundaries_remain_solid PASS
OMDB_CASE physics CAM02.diagonal_foreground_cutaway PASS
OMDB_CASE physics CAM02.diagonal_isometric_preset.58.1 PASS
OMDB_CASE physics CAM02.preserves_authored_elevation_distance_pitch PASS
OMDB_CASE physics CAM01.preserves_projection_framing PASS
OMDB_CASE physics CAM01.screen_movement_each_view PASS
OMDB_CASE physics CAM01.view_does_not_mutate_puzzle_collision PASS
OMDB_CASE physics CAM02.all_boundaries_remain_solid PASS
OMDB_CASE physics CAM02.diagonal_foreground_cutaway PASS
OMDB_CASE physics CAM02.all_boundaries_remain_solid PASS
OMDB_CASE physics CAM02.diagonal_foreground_cutaway PASS
OMDB_CASE physics CAM02.all_boundaries_remain_solid PASS
OMDB_CASE physics CAM02.diagonal_foreground_cutaway PASS
OMDB_CASE physics CAM02.all_boundaries_remain_solid PASS
OMDB_CASE physics CAM02.diagonal_foreground_cutaway PASS
OMDB_CASE physics CAM02.diagonal_isometric_preset.58.2 PASS
OMDB_CASE physics CAM02.preserves_authored_elevation_distance_pitch PASS
OMDB_CASE physics CAM01.preserves_projection_framing PASS
OMDB_CASE physics CAM01.screen_movement_each_view PASS
OMDB_CASE physics CAM01.view_does_not_mutate_puzzle_collision PASS
OMDB_CASE physics CAM02.all_boundaries_remain_solid PASS
OMDB_CASE physics CAM02.diagonal_foreground_cutaway PASS
OMDB_CASE physics CAM02.all_boundaries_remain_solid PASS
OMDB_CASE physics CAM02.diagonal_foreground_cutaway PASS
OMDB_CASE physics CAM02.all_boundaries_remain_solid PASS
OMDB_CASE physics CAM02.diagonal_foreground_cutaway PASS
OMDB_CASE physics CAM02.all_boundaries_remain_solid PASS
OMDB_CASE physics CAM02.diagonal_foreground_cutaway PASS
OMDB_CASE physics CAM02.diagonal_isometric_preset.58.3 PASS
OMDB_CASE physics CAM02.preserves_authored_elevation_distance_pitch PASS
OMDB_CASE physics CAM01.preserves_projection_framing PASS
OMDB_CASE physics CAM01.screen_movement_each_view PASS
OMDB_CASE physics CAM01.view_does_not_mutate_puzzle_collision PASS
OMDB_CASE physics CAM02.all_boundaries_remain_solid PASS
OMDB_CASE physics CAM02.diagonal_foreground_cutaway PASS
OMDB_CASE physics CAM02.all_boundaries_remain_solid PASS
OMDB_CASE physics CAM02.diagonal_foreground_cutaway PASS
OMDB_CASE physics CAM02.all_boundaries_remain_solid PASS
OMDB_CASE physics CAM02.diagonal_foreground_cutaway PASS
OMDB_CASE physics CAM02.all_boundaries_remain_solid PASS
OMDB_CASE physics CAM02.diagonal_foreground_cutaway PASS
OMDB_CASE physics CAM02.wraps_to_authored_corner PASS
OMDB_CASE physics CAM01.exit_has_visible_frame PASS
OMDB_CASE physics CAM02.first_cycle_quarter_turn.59.camera_next PASS
OMDB_CASE physics CAM02.first_cycle_quarter_turn.59.camera_previous PASS
OMDB_CASE physics CAM02.diagonal_isometric_preset.59.0 PASS
OMDB_CASE physics CAM02.preserves_authored_elevation_distance_pitch PASS
OMDB_CASE physics CAM02.first_view_matches_authored_camera PASS
OMDB_CASE physics CAM01.preserves_projection_framing PASS
OMDB_CASE physics CAM01.screen_movement_each_view PASS
OMDB_CASE physics CAM01.view_does_not_mutate_puzzle_collision PASS
OMDB_CASE physics CAM02.all_boundaries_remain_solid PASS
OMDB_CASE physics CAM02.diagonal_foreground_cutaway PASS
OMDB_CASE physics CAM02.all_boundaries_remain_solid PASS
OMDB_CASE physics CAM02.diagonal_foreground_cutaway PASS
OMDB_CASE physics CAM02.all_boundaries_remain_solid PASS
OMDB_CASE physics CAM02.diagonal_foreground_cutaway PASS
OMDB_CASE physics CAM02.all_boundaries_remain_solid PASS
OMDB_CASE physics CAM02.diagonal_foreground_cutaway PASS
OMDB_CASE physics CAM02.diagonal_isometric_preset.59.1 PASS
OMDB_CASE physics CAM02.preserves_authored_elevation_distance_pitch PASS
OMDB_CASE physics CAM01.preserves_projection_framing PASS
OMDB_CASE physics CAM01.screen_movement_each_view PASS
OMDB_CASE physics CAM01.view_does_not_mutate_puzzle_collision PASS
OMDB_CASE physics CAM02.all_boundaries_remain_solid PASS
OMDB_CASE physics CAM02.diagonal_foreground_cutaway PASS
OMDB_CASE physics CAM02.all_boundaries_remain_solid PASS
OMDB_CASE physics CAM02.diagonal_foreground_cutaway PASS
OMDB_CASE physics CAM02.all_boundaries_remain_solid PASS
OMDB_CASE physics CAM02.diagonal_foreground_cutaway PASS
OMDB_CASE physics CAM02.all_boundaries_remain_solid PASS
OMDB_CASE physics CAM02.diagonal_foreground_cutaway PASS
OMDB_CASE physics CAM02.diagonal_isometric_preset.59.2 PASS
OMDB_CASE physics CAM02.preserves_authored_elevation_distance_pitch PASS
OMDB_CASE physics CAM01.preserves_projection_framing PASS
OMDB_CASE physics CAM01.screen_movement_each_view PASS
OMDB_CASE physics CAM01.view_does_not_mutate_puzzle_collision PASS
OMDB_CASE physics CAM02.all_boundaries_remain_solid PASS
OMDB_CASE physics CAM02.diagonal_foreground_cutaway PASS
OMDB_CASE physics CAM02.all_boundaries_remain_solid PASS
OMDB_CASE physics CAM02.diagonal_foreground_cutaway PASS
OMDB_CASE physics CAM02.all_boundaries_remain_solid PASS
OMDB_CASE physics CAM02.diagonal_foreground_cutaway PASS
OMDB_CASE physics CAM02.all_boundaries_remain_solid PASS
OMDB_CASE physics CAM02.diagonal_foreground_cutaway PASS
OMDB_CASE physics CAM02.diagonal_isometric_preset.59.3 PASS
OMDB_CASE physics CAM02.preserves_authored_elevation_distance_pitch PASS
OMDB_CASE physics CAM01.preserves_projection_framing PASS
OMDB_CASE physics CAM01.screen_movement_each_view PASS
OMDB_CASE physics CAM01.view_does_not_mutate_puzzle_collision PASS
OMDB_CASE physics CAM02.all_boundaries_remain_solid PASS
OMDB_CASE physics CAM02.diagonal_foreground_cutaway PASS
OMDB_CASE physics CAM02.all_boundaries_remain_solid PASS
OMDB_CASE physics CAM02.diagonal_foreground_cutaway PASS
OMDB_CASE physics CAM02.all_boundaries_remain_solid PASS
OMDB_CASE physics CAM02.diagonal_foreground_cutaway PASS
OMDB_CASE physics CAM02.all_boundaries_remain_solid PASS
OMDB_CASE physics CAM02.diagonal_foreground_cutaway PASS
OMDB_CASE physics CAM02.wraps_to_authored_corner PASS
OMDB_CASE physics CAM01.exit_has_visible_frame PASS
OMDB_CASE physics EC04.scene_held_age.0.0 PASS
OMDB_CASE physics EC04.scene_death_cap_clears PASS
OMDB_CASE physics EC04.scene_replacement PASS
OMDB_CASE physics EC04.scene_held_age.0.3 PASS
OMDB_CASE physics EC04.scene_death_cap_clears PASS
OMDB_CASE physics EC04.scene_newer_body_preserved PASS
OMDB_CASE physics EC04.scene_replacement PASS
OMDB_CASE physics EC04.scene_held_age.1.0 PASS
OMDB_CASE physics EC04.scene_death_cap_clears PASS
OMDB_CASE physics EC04.scene_replacement PASS
OMDB_CASE physics EC04.scene_held_age.1.3 PASS
OMDB_CASE physics EC04.scene_death_cap_clears PASS
OMDB_CASE physics EC04.scene_newer_body_preserved PASS
OMDB_CASE physics EC04.scene_replacement PASS
OMDB_CASE physics EC04.scene_held_age.2.0 PASS
OMDB_CASE physics EC04.scene_death_cap_clears PASS
OMDB_CASE physics EC04.scene_replacement PASS
OMDB_CASE physics EC04.scene_held_age.2.3 PASS
OMDB_CASE physics EC04.scene_death_cap_clears PASS
OMDB_CASE physics EC04.scene_newer_body_preserved PASS
OMDB_CASE physics EC04.scene_replacement PASS
OMDB_CASE physics EC04.scene_held_age.3.0 PASS
OMDB_CASE physics EC04.scene_death_cap_clears PASS
OMDB_CASE physics EC04.scene_replacement PASS
OMDB_CASE physics EC04.scene_held_age.3.3 PASS
OMDB_CASE physics EC04.scene_death_cap_clears PASS
OMDB_CASE physics EC04.scene_newer_body_preserved PASS
OMDB_CASE physics EC04.scene_replacement PASS
OMDB_CASE physics EC04.scene_held_age.4.0 PASS
OMDB_CASE physics EC04.scene_death_cap_clears PASS
OMDB_CASE physics EC04.scene_replacement PASS
OMDB_CASE physics EC04.scene_held_age.4.3 PASS
OMDB_CASE physics EC04.scene_death_cap_clears PASS
OMDB_CASE physics EC04.scene_newer_body_preserved PASS
OMDB_CASE physics EC04.scene_replacement PASS
OMDB_CASE physics EC04.scene_held_age.5.0 PASS
OMDB_CASE physics EC04.scene_death_cap_clears PASS
OMDB_CASE physics EC04.scene_replacement PASS
OMDB_CASE physics EC04.scene_held_age.5.3 PASS
OMDB_CASE physics EC04.scene_death_cap_clears PASS
OMDB_CASE physics EC04.scene_newer_body_preserved PASS
OMDB_CASE physics EC04.scene_replacement PASS
OMDB_CASE physics EC04.scene_held_age.6.0 PASS
OMDB_CASE physics EC04.scene_death_cap_clears PASS
OMDB_CASE physics EC04.scene_replacement PASS
OMDB_CASE physics EC04.scene_held_age.6.3 PASS
OMDB_CASE physics EC04.scene_death_cap_clears PASS
OMDB_CASE physics EC04.scene_newer_body_preserved PASS
OMDB_CASE physics EC04.scene_replacement PASS
OMDB_CASE physics EC04.scene_held_age.7.0 PASS
OMDB_CASE physics EC04.scene_death_cap_clears PASS
OMDB_CASE physics EC04.scene_replacement PASS
OMDB_CASE physics EC04.scene_held_age.7.3 PASS
OMDB_CASE physics EC04.scene_death_cap_clears PASS
OMDB_CASE physics EC04.scene_newer_body_preserved PASS
OMDB_CASE physics EC04.scene_replacement PASS
OMDB_CASE physics EC04.scene_held_age.8.0 PASS
OMDB_CASE physics EC04.scene_death_cap_clears PASS
OMDB_CASE physics EC04.scene_replacement PASS
OMDB_CASE physics EC04.scene_held_age.8.3 PASS
OMDB_CASE physics EC04.scene_death_cap_clears PASS
OMDB_CASE physics EC04.scene_newer_body_preserved PASS
OMDB_CASE physics EC04.scene_replacement PASS
OMDB_CASE physics EC04.scene_held_age.9.0 PASS
OMDB_CASE physics EC04.scene_death_cap_clears PASS
OMDB_CASE physics EC04.scene_replacement PASS
OMDB_CASE physics EC04.scene_held_age.9.3 PASS
OMDB_CASE physics EC04.scene_death_cap_clears PASS
OMDB_CASE physics EC04.scene_newer_body_preserved PASS
OMDB_CASE physics EC04.scene_replacement PASS
OMDB_CASE physics US5.authored_metadata.2 PASS
OMDB_CASE physics US5.room2.real_hazard_sacrifice PASS
OMDB_CASE physics US5.solution_real_pickup PASS
OMDB_CASE physics US5.room_02.valid_placement.(-0.35,0.05,3.5).VALID PASS
OMDB_CASE physics US5.solution_real_release PASS
OMDB_CASE physics US5.room2.real_hazard_sacrifice PASS
OMDB_CASE physics US5.solution_real_pickup PASS
OMDB_CASE physics US5.room_02.valid_placement.(1.55,0.05,3.5).VALID PASS
OMDB_CASE physics US5.solution_real_release PASS
OMDB_CASE physics US5.room2.remote_two_body_weight PASS
OMDB_CASE physics US5.room2.actual_exit PASS
OMDB_CASE physics US5.authored_metadata.3 PASS
OMDB_CASE physics US5.room3.saw_death_jams PASS
OMDB_CASE physics US5.room3.safe_retrieval_reactivates PASS
OMDB_CASE physics US5.room_03.valid_placement.(-1.6,0.05,0.0).VALID PASS
OMDB_CASE physics US5.solution_real_release PASS
OMDB_CASE physics US5.room3.replacement_rejams PASS
OMDB_CASE physics US5.room3.actual_crossing PASS
OMDB_CASE physics US5.authored_metadata.4 PASS
OMDB_CASE physics US5.room4.real_hazard_sacrifice PASS
OMDB_CASE physics US5.solution_real_pickup PASS
OMDB_CASE physics US5.room_04.valid_placement.(-11.5,0.05,1.9).VALID PASS
OMDB_CASE physics US5.solution_real_release PASS
OMDB_CASE physics US5.room4.real_hazard_sacrifice PASS
OMDB_CASE physics US5.solution_real_pickup PASS
OMDB_CASE physics US5.room_04.valid_placement.(-6.35,0.05,3.5).VALID PASS
OMDB_CASE physics US5.solution_real_release PASS
OMDB_CASE physics US5.room4.real_hazard_sacrifice PASS
OMDB_CASE physics US5.solution_real_pickup PASS
OMDB_CASE physics US5.room_04.valid_placement.(-4.45,0.05,3.5).VALID PASS
OMDB_CASE physics US5.solution_real_release PASS
OMDB_CASE physics US5.room4.remote_two_body_weight PASS
OMDB_CASE physics US5.room4.real_hazard_sacrifice PASS
OMDB_CASE physics US5.solution_real_pickup PASS
OMDB_CASE physics US5.room_04.valid_placement.(-4.24,0.05,0.0).VALID PASS
OMDB_CASE physics US5.solution_real_release PASS
OMDB_CASE physics US5.combined_within_cap PASS
OMDB_CASE physics US5.room4.real_hazard_sacrifice PASS
OMDB_CASE physics US5.solution_real_pickup PASS
OMDB_CASE physics US5.room_04.valid_placement.(-1.7,0.52,0.0).VALID PASS
OMDB_CASE physics US5.solution_real_release PASS
OMDB_CASE physics US5.combined_within_cap PASS
OMDB_CASE physics US5.room4.real_hazard_sacrifice PASS
OMDB_CASE physics US5.solution_real_pickup PASS
OMDB_CASE physics US5.room_04.valid_placement.(0.7,0.52,0.0).VALID PASS
OMDB_CASE physics US5.solution_real_release PASS
OMDB_CASE physics US5.combined_within_cap PASS
OMDB_CASE physics US5.room4.six_creations_evict_entry PASS
OMDB_CASE physics US5.room4.bridge_support PASS
OMDB_CASE physics US5.room4.bridge_support PASS
OMDB_CASE physics US5.room4.bridge_support PASS
OMDB_CASE physics US5.room4.bridge_and_actual_exit PASS
OMDB_CASE physics US5.authored_metadata.5 PASS
OMDB_CASE physics US5.room5.real_hazard_sacrifice PASS
OMDB_CASE physics US5.solution_real_pickup PASS
OMDB_CASE physics US5.room_05.valid_placement.(-6.35,0.05,3.5).VALID PASS
OMDB_CASE physics US5.solution_real_release PASS
OMDB_CASE physics US5.room5.real_hazard_sacrifice PASS
OMDB_CASE physics US5.solution_real_pickup PASS
OMDB_CASE physics US5.room_05.valid_placement.(-4.45,0.05,3.5).VALID PASS
OMDB_CASE physics US5.solution_real_release PASS
OMDB_CASE physics US5.room5.remote_two_body_weight PASS
OMDB_CASE physics US5.room5.real_hazard_sacrifice PASS
OMDB_CASE physics US5.solution_real_pickup PASS
OMDB_CASE physics US5.room_05.valid_placement.(-4.6,0.05,0.0).VALID PASS
OMDB_CASE physics US5.solution_real_release PASS
OMDB_CASE physics US5.combined_persistent_jam PASS
OMDB_CASE physics US5.room5.real_hazard_sacrifice PASS
OMDB_CASE physics US5.solution_real_pickup PASS
OMDB_CASE physics US5.room_05.valid_placement.(-2.14,0.52,0.0).VALID PASS
OMDB_CASE physics US5.solution_real_release PASS
OMDB_CASE physics US5.combined_within_cap PASS
OMDB_CASE physics US5.room5.real_hazard_sacrifice PASS
OMDB_CASE physics US5.solution_real_pickup PASS
OMDB_CASE physics US5.room_05.valid_placement.(0.4,0.52,0.0).VALID PASS
OMDB_CASE physics US5.solution_real_release PASS
OMDB_CASE physics US5.combined_within_cap PASS
OMDB_CASE physics US5.room5.bridge_support PASS
OMDB_CASE physics US5.room5.bridge_support PASS
OMDB_CASE physics US5.room5.bridge_and_actual_exit PASS
OMDB_CASE physics US5.authored_metadata.6 PASS
OMDB_CASE physics US5.room6.real_hazard_sacrifice PASS
OMDB_CASE physics US5.solution_real_pickup PASS
OMDB_CASE physics US5.room_06.valid_placement.(-6.35,0.05,-3.5).VALID PASS
OMDB_CASE physics US5.solution_real_release PASS
OMDB_CASE physics US5.room6.real_hazard_sacrifice PASS
OMDB_CASE physics US5.solution_real_pickup PASS
OMDB_CASE physics US5.room_06.valid_placement.(-4.45,0.05,-3.5).VALID PASS
OMDB_CASE physics US5.solution_real_release PASS
OMDB_CASE physics US5.room6.remote_two_body_weight PASS
OMDB_CASE physics US5.room6.real_hazard_sacrifice PASS
OMDB_CASE physics US5.solution_real_pickup PASS
OMDB_CASE physics US5.room_06.valid_placement.(-4.6,0.05,0.0).VALID PASS
OMDB_CASE physics US5.solution_real_release PASS
OMDB_CASE physics US5.combined_persistent_jam PASS
OMDB_CASE physics US5.room6.real_hazard_sacrifice PASS
OMDB_CASE physics US5.solution_real_pickup PASS
OMDB_CASE physics US5.room_06.valid_placement.(-2.14,0.52,0.0).VALID PASS
OMDB_CASE physics US5.solution_real_release PASS
OMDB_CASE physics US5.combined_within_cap PASS
OMDB_CASE physics US5.room6.real_hazard_sacrifice PASS
OMDB_CASE physics US5.solution_real_pickup PASS
OMDB_CASE physics US5.room_06.valid_placement.(0.4,0.52,0.0).VALID PASS
OMDB_CASE physics US5.solution_real_release PASS
OMDB_CASE physics US5.combined_within_cap PASS
OMDB_CASE physics US5.room6.bridge_support PASS
OMDB_CASE physics US5.room6.bridge_support PASS
OMDB_CASE physics US5.room6.bridge_and_actual_exit PASS
OMDB_CASE physics US5.authored_metadata.2 PASS
OMDB_CASE physics US5.room2.real_hazard_sacrifice PASS
OMDB_CASE physics US5.solution_real_pickup PASS
OMDB_CASE physics US5.room_02.valid_placement.(-0.35,0.05,3.5).VALID PASS
OMDB_CASE physics US5.solution_real_release PASS
OMDB_CASE physics US5.room2.real_hazard_sacrifice PASS
OMDB_CASE physics US5.solution_real_pickup PASS
OMDB_CASE physics US5.room_02.valid_placement.(1.55,0.05,3.5).VALID PASS
OMDB_CASE physics US5.solution_real_release PASS
OMDB_CASE physics US5.room2.remote_two_body_weight PASS
OMDB_CASE physics US5.room2.actual_exit PASS
OMDB_CASE physics US5.authored_metadata.3 PASS
OMDB_CASE physics US5.room3.saw_death_jams PASS
OMDB_CASE physics US5.room3.safe_retrieval_reactivates PASS
OMDB_CASE physics US5.room_03.valid_placement.(-1.6,0.05,0.0).VALID PASS
OMDB_CASE physics US5.solution_real_release PASS
OMDB_CASE physics US5.room3.replacement_rejams PASS
OMDB_CASE physics US5.room3.actual_crossing PASS
OMDB_CASE physics US5.authored_metadata.4 PASS
OMDB_CASE physics US5.room4.real_hazard_sacrifice PASS
OMDB_CASE physics US5.solution_real_pickup PASS
OMDB_CASE physics US5.room_04.valid_placement.(-11.5,0.05,1.9).VALID PASS
OMDB_CASE physics US5.solution_real_release PASS
OMDB_CASE physics US5.room4.real_hazard_sacrifice PASS
OMDB_CASE physics US5.solution_real_pickup PASS
OMDB_CASE physics US5.room_04.valid_placement.(-6.35,0.05,3.5).VALID PASS
OMDB_CASE physics US5.solution_real_release PASS
OMDB_CASE physics US5.room4.real_hazard_sacrifice PASS
OMDB_CASE physics US5.solution_real_pickup PASS
OMDB_CASE physics US5.room_04.valid_placement.(-4.45,0.05,3.5).VALID PASS
OMDB_CASE physics US5.solution_real_release PASS
OMDB_CASE physics US5.room4.remote_two_body_weight PASS
OMDB_CASE physics US5.room4.real_hazard_sacrifice PASS
OMDB_CASE physics US5.solution_real_pickup PASS
OMDB_CASE physics US5.room_04.valid_placement.(-4.24,0.05,0.0).VALID PASS
OMDB_CASE physics US5.solution_real_release PASS
OMDB_CASE physics US5.combined_within_cap PASS
OMDB_CASE physics US5.room4.real_hazard_sacrifice PASS
OMDB_CASE physics US5.solution_real_pickup PASS
OMDB_CASE physics US5.room_04.valid_placement.(-1.7,0.52,0.0).VALID PASS
OMDB_CASE physics US5.solution_real_release PASS
OMDB_CASE physics US5.combined_within_cap PASS
OMDB_CASE physics US5.room4.real_hazard_sacrifice PASS
OMDB_CASE physics US5.solution_real_pickup PASS
OMDB_CASE physics US5.room_04.valid_placement.(0.7,0.52,0.0).VALID PASS
OMDB_CASE physics US5.solution_real_release PASS
OMDB_CASE physics US5.combined_within_cap PASS
OMDB_CASE physics US5.room4.six_creations_evict_entry PASS
OMDB_CASE physics US5.room4.bridge_support PASS
OMDB_CASE physics US5.room4.bridge_support PASS
OMDB_CASE physics US5.room4.bridge_support PASS
OMDB_CASE physics US5.room4.bridge_and_actual_exit PASS
OMDB_CASE physics US5.authored_metadata.5 PASS
OMDB_CASE physics US5.room5.real_hazard_sacrifice PASS
OMDB_CASE physics US5.solution_real_pickup PASS
OMDB_CASE physics US5.room_05.valid_placement.(-6.35,0.05,3.5).VALID PASS
OMDB_CASE physics US5.solution_real_release PASS
OMDB_CASE physics US5.room5.real_hazard_sacrifice PASS
OMDB_CASE physics US5.solution_real_pickup PASS
OMDB_CASE physics US5.room_05.valid_placement.(-4.45,0.05,3.5).VALID PASS
OMDB_CASE physics US5.solution_real_release PASS
OMDB_CASE physics US5.room5.remote_two_body_weight PASS
OMDB_CASE physics US5.room5.real_hazard_sacrifice PASS
OMDB_CASE physics US5.solution_real_pickup PASS
OMDB_CASE physics US5.room_05.valid_placement.(-4.6,0.05,0.0).VALID PASS
OMDB_CASE physics US5.solution_real_release PASS
OMDB_CASE physics US5.combined_persistent_jam PASS
OMDB_CASE physics US5.room5.real_hazard_sacrifice PASS
OMDB_CASE physics US5.solution_real_pickup PASS
OMDB_CASE physics US5.room_05.valid_placement.(-2.14,0.52,0.0).VALID PASS
OMDB_CASE physics US5.solution_real_release PASS
OMDB_CASE physics US5.combined_within_cap PASS
OMDB_CASE physics US5.room5.real_hazard_sacrifice PASS
OMDB_CASE physics US5.solution_real_pickup PASS
OMDB_CASE physics US5.room_05.valid_placement.(0.4,0.52,0.0).VALID PASS
OMDB_CASE physics US5.solution_real_release PASS
OMDB_CASE physics US5.combined_within_cap PASS
OMDB_CASE physics US5.room5.bridge_support PASS
OMDB_CASE physics US5.room5.bridge_support PASS
OMDB_CASE physics US5.room5.bridge_and_actual_exit PASS
OMDB_CASE physics US5.authored_metadata.6 PASS
OMDB_CASE physics US5.room6.real_hazard_sacrifice PASS
OMDB_CASE physics US5.solution_real_pickup PASS
OMDB_CASE physics US5.room_06.valid_placement.(-6.35,0.05,-3.5).VALID PASS
OMDB_CASE physics US5.solution_real_release PASS
OMDB_CASE physics US5.room6.real_hazard_sacrifice PASS
OMDB_CASE physics US5.solution_real_pickup PASS
OMDB_CASE physics US5.room_06.valid_placement.(-4.45,0.05,-3.5).VALID PASS
OMDB_CASE physics US5.solution_real_release PASS
OMDB_CASE physics US5.room6.remote_two_body_weight PASS
OMDB_CASE physics US5.room6.real_hazard_sacrifice PASS
OMDB_CASE physics US5.solution_real_pickup PASS
OMDB_CASE physics US5.room_06.valid_placement.(-4.6,0.05,0.0).VALID PASS
OMDB_CASE physics US5.solution_real_release PASS
OMDB_CASE physics US5.combined_persistent_jam PASS
OMDB_CASE physics US5.room6.real_hazard_sacrifice PASS
OMDB_CASE physics US5.solution_real_pickup PASS
OMDB_CASE physics US5.room_06.valid_placement.(-2.14,0.52,0.0).VALID PASS
OMDB_CASE physics US5.solution_real_release PASS
OMDB_CASE physics US5.combined_within_cap PASS
OMDB_CASE physics US5.room6.real_hazard_sacrifice PASS
OMDB_CASE physics US5.solution_real_pickup PASS
OMDB_CASE physics US5.room_06.valid_placement.(0.4,0.52,0.0).VALID PASS
OMDB_CASE physics US5.solution_real_release PASS
OMDB_CASE physics US5.combined_within_cap PASS
OMDB_CASE physics US5.room6.bridge_support PASS
OMDB_CASE physics US5.room6.bridge_support PASS
OMDB_CASE physics US5.room6.bridge_and_actual_exit PASS
OMDB_CASE physics US5.authored_metadata.2 PASS
OMDB_CASE physics US5.room2.real_hazard_sacrifice PASS
OMDB_CASE physics US5.solution_real_pickup PASS
OMDB_CASE physics US5.room_02.valid_placement.(-0.35,0.05,3.5).VALID PASS
OMDB_CASE physics US5.solution_real_release PASS
OMDB_CASE physics US5.room2.real_hazard_sacrifice PASS
OMDB_CASE physics US5.solution_real_pickup PASS
OMDB_CASE physics US5.room_02.valid_placement.(1.55,0.05,3.5).VALID PASS
OMDB_CASE physics US5.solution_real_release PASS
OMDB_CASE physics US5.room2.remote_two_body_weight PASS
OMDB_CASE physics US5.room2.actual_exit PASS
OMDB_CASE physics US5.authored_metadata.3 PASS
OMDB_CASE physics US5.room3.saw_death_jams PASS
OMDB_CASE physics US5.room3.safe_retrieval_reactivates PASS
OMDB_CASE physics US5.room_03.valid_placement.(-1.6,0.05,0.0).VALID PASS
OMDB_CASE physics US5.solution_real_release PASS
OMDB_CASE physics US5.room3.replacement_rejams PASS
OMDB_CASE physics US5.room3.actual_crossing PASS
OMDB_CASE physics US5.authored_metadata.4 PASS
OMDB_CASE physics US5.room4.real_hazard_sacrifice PASS
OMDB_CASE physics US5.solution_real_pickup PASS
OMDB_CASE physics US5.room_04.valid_placement.(-11.5,0.05,1.9).VALID PASS
OMDB_CASE physics US5.solution_real_release PASS
OMDB_CASE physics US5.room4.real_hazard_sacrifice PASS
OMDB_CASE physics US5.solution_real_pickup PASS
OMDB_CASE physics US5.room_04.valid_placement.(-6.35,0.05,3.5).VALID PASS
OMDB_CASE physics US5.solution_real_release PASS
OMDB_CASE physics US5.room4.real_hazard_sacrifice PASS
OMDB_CASE physics US5.solution_real_pickup PASS
OMDB_CASE physics US5.room_04.valid_placement.(-4.45,0.05,3.5).VALID PASS
OMDB_CASE physics US5.solution_real_release PASS
OMDB_CASE physics US5.room4.remote_two_body_weight PASS
OMDB_CASE physics US5.room4.real_hazard_sacrifice PASS
OMDB_CASE physics US5.solution_real_pickup PASS
OMDB_CASE physics US5.room_04.valid_placement.(-4.24,0.05,0.0).VALID PASS
OMDB_CASE physics US5.solution_real_release PASS
OMDB_CASE physics US5.combined_within_cap PASS
OMDB_CASE physics US5.room4.real_hazard_sacrifice PASS
OMDB_CASE physics US5.solution_real_pickup PASS
OMDB_CASE physics US5.room_04.valid_placement.(-1.7,0.52,0.0).VALID PASS
OMDB_CASE physics US5.solution_real_release PASS
OMDB_CASE physics US5.combined_within_cap PASS
OMDB_CASE physics US5.room4.real_hazard_sacrifice PASS
OMDB_CASE physics US5.solution_real_pickup PASS
OMDB_CASE physics US5.room_04.valid_placement.(0.7,0.52,0.0).VALID PASS
OMDB_CASE physics US5.solution_real_release PASS
OMDB_CASE physics US5.combined_within_cap PASS
OMDB_CASE physics US5.room4.six_creations_evict_entry PASS
OMDB_CASE physics US5.room4.bridge_support PASS
OMDB_CASE physics US5.room4.bridge_support PASS
OMDB_CASE physics US5.room4.bridge_support PASS
OMDB_CASE physics US5.room4.bridge_and_actual_exit PASS
OMDB_CASE physics US5.authored_metadata.5 PASS
OMDB_CASE physics US5.room5.real_hazard_sacrifice PASS
OMDB_CASE physics US5.solution_real_pickup PASS
OMDB_CASE physics US5.room_05.valid_placement.(-6.35,0.05,3.5).VALID PASS
OMDB_CASE physics US5.solution_real_release PASS
OMDB_CASE physics US5.room5.real_hazard_sacrifice PASS
OMDB_CASE physics US5.solution_real_pickup PASS
OMDB_CASE physics US5.room_05.valid_placement.(-4.45,0.05,3.5).VALID PASS
OMDB_CASE physics US5.solution_real_release PASS
OMDB_CASE physics US5.room5.remote_two_body_weight PASS
OMDB_CASE physics US5.room5.real_hazard_sacrifice PASS
OMDB_CASE physics US5.solution_real_pickup PASS
OMDB_CASE physics US5.room_05.valid_placement.(-4.6,0.05,0.0).VALID PASS
OMDB_CASE physics US5.solution_real_release PASS
OMDB_CASE physics US5.combined_persistent_jam PASS
OMDB_CASE physics US5.room5.real_hazard_sacrifice PASS
OMDB_CASE physics US5.solution_real_pickup PASS
OMDB_CASE physics US5.room_05.valid_placement.(-2.14,0.52,0.0).VALID PASS
OMDB_CASE physics US5.solution_real_release PASS
OMDB_CASE physics US5.combined_within_cap PASS
OMDB_CASE physics US5.room5.real_hazard_sacrifice PASS
OMDB_CASE physics US5.solution_real_pickup PASS
OMDB_CASE physics US5.room_05.valid_placement.(0.4,0.52,0.0).VALID PASS
OMDB_CASE physics US5.solution_real_release PASS
OMDB_CASE physics US5.combined_within_cap PASS
OMDB_CASE physics US5.room5.bridge_support PASS
OMDB_CASE physics US5.room5.bridge_support PASS
OMDB_CASE physics US5.room5.bridge_and_actual_exit PASS
OMDB_CASE physics US5.authored_metadata.6 PASS
OMDB_CASE physics US5.room6.real_hazard_sacrifice PASS
OMDB_CASE physics US5.solution_real_pickup PASS
OMDB_CASE physics US5.room_06.valid_placement.(-6.35,0.05,-3.5).VALID PASS
OMDB_CASE physics US5.solution_real_release PASS
OMDB_CASE physics US5.room6.real_hazard_sacrifice PASS
OMDB_CASE physics US5.solution_real_pickup PASS
OMDB_CASE physics US5.room_06.valid_placement.(-4.45,0.05,-3.5).VALID PASS
OMDB_CASE physics US5.solution_real_release PASS
OMDB_CASE physics US5.room6.remote_two_body_weight PASS
OMDB_CASE physics US5.room6.real_hazard_sacrifice PASS
OMDB_CASE physics US5.solution_real_pickup PASS
OMDB_CASE physics US5.room_06.valid_placement.(-4.6,0.05,0.0).VALID PASS
OMDB_CASE physics US5.solution_real_release PASS
OMDB_CASE physics US5.combined_persistent_jam PASS
OMDB_CASE physics US5.room6.real_hazard_sacrifice PASS
OMDB_CASE physics US5.solution_real_pickup PASS
OMDB_CASE physics US5.room_06.valid_placement.(-2.14,0.52,0.0).VALID PASS
OMDB_CASE physics US5.solution_real_release PASS
OMDB_CASE physics US5.combined_within_cap PASS
OMDB_CASE physics US5.room6.real_hazard_sacrifice PASS
OMDB_CASE physics US5.solution_real_pickup PASS
OMDB_CASE physics US5.room_06.valid_placement.(0.4,0.52,0.0).VALID PASS
OMDB_CASE physics US5.solution_real_release PASS
OMDB_CASE physics US5.combined_within_cap PASS
OMDB_CASE physics US5.room6.bridge_support PASS
OMDB_CASE physics US5.room6.bridge_support PASS
OMDB_CASE physics US5.room6.bridge_and_actual_exit PASS
OMDB_CASE physics US5.authored_metadata.2 PASS
OMDB_CASE physics US5.room2.real_hazard_sacrifice PASS
OMDB_CASE physics US5.solution_real_pickup PASS
OMDB_CASE physics US5.room_02.valid_placement.(-0.35,0.05,3.5).VALID PASS
OMDB_CASE physics US5.solution_real_release PASS
OMDB_CASE physics US5.room2.real_hazard_sacrifice PASS
OMDB_CASE physics US5.solution_real_pickup PASS
OMDB_CASE physics US5.room_02.valid_placement.(1.55,0.05,3.5).VALID PASS
OMDB_CASE physics US5.solution_real_release PASS
OMDB_CASE physics US5.room2.remote_two_body_weight PASS
OMDB_CASE physics US5.room2.actual_exit PASS
OMDB_CASE physics US5.authored_metadata.3 PASS
OMDB_CASE physics US5.room3.saw_death_jams PASS
OMDB_CASE physics US5.room3.safe_retrieval_reactivates PASS
OMDB_CASE physics US5.room_03.valid_placement.(-1.6,0.05,0.0).VALID PASS
OMDB_CASE physics US5.solution_real_release PASS
OMDB_CASE physics US5.room3.replacement_rejams PASS
OMDB_CASE physics US5.room3.actual_crossing PASS
OMDB_CASE physics US5.authored_metadata.4 PASS
OMDB_CASE physics US5.room4.real_hazard_sacrifice PASS
OMDB_CASE physics US5.solution_real_pickup PASS
OMDB_CASE physics US5.room_04.valid_placement.(-11.5,0.05,1.9).VALID PASS
OMDB_CASE physics US5.solution_real_release PASS
OMDB_CASE physics US5.room4.real_hazard_sacrifice PASS
OMDB_CASE physics US5.solution_real_pickup PASS
OMDB_CASE physics US5.room_04.valid_placement.(-6.35,0.05,3.5).VALID PASS
OMDB_CASE physics US5.solution_real_release PASS
OMDB_CASE physics US5.room4.real_hazard_sacrifice PASS
OMDB_CASE physics US5.solution_real_pickup PASS
OMDB_CASE physics US5.room_04.valid_placement.(-4.45,0.05,3.5).VALID PASS
OMDB_CASE physics US5.solution_real_release PASS
OMDB_CASE physics US5.room4.remote_two_body_weight PASS
OMDB_CASE physics US5.room4.real_hazard_sacrifice PASS
OMDB_CASE physics US5.solution_real_pickup PASS
OMDB_CASE physics US5.room_04.valid_placement.(-4.24,0.05,0.0).VALID PASS
OMDB_CASE physics US5.solution_real_release PASS
OMDB_CASE physics US5.combined_within_cap PASS
OMDB_CASE physics US5.room4.real_hazard_sacrifice PASS
OMDB_CASE physics US5.solution_real_pickup PASS
OMDB_CASE physics US5.room_04.valid_placement.(-1.7,0.52,0.0).VALID PASS
OMDB_CASE physics US5.solution_real_release PASS
OMDB_CASE physics US5.combined_within_cap PASS
OMDB_CASE physics US5.room4.real_hazard_sacrifice PASS
OMDB_CASE physics US5.solution_real_pickup PASS
OMDB_CASE physics US5.room_04.valid_placement.(0.7,0.52,0.0).VALID PASS
OMDB_CASE physics US5.solution_real_release PASS
OMDB_CASE physics US5.combined_within_cap PASS
OMDB_CASE physics US5.room4.six_creations_evict_entry PASS
OMDB_CASE physics US5.room4.bridge_support PASS
OMDB_CASE physics US5.room4.bridge_support PASS
OMDB_CASE physics US5.room4.bridge_support PASS
OMDB_CASE physics US5.room4.bridge_and_actual_exit PASS
OMDB_CASE physics US5.authored_metadata.5 PASS
OMDB_CASE physics US5.room5.real_hazard_sacrifice PASS
OMDB_CASE physics US5.solution_real_pickup PASS
OMDB_CASE physics US5.room_05.valid_placement.(-6.35,0.05,3.5).VALID PASS
OMDB_CASE physics US5.solution_real_release PASS
OMDB_CASE physics US5.room5.real_hazard_sacrifice PASS
OMDB_CASE physics US5.solution_real_pickup PASS
OMDB_CASE physics US5.room_05.valid_placement.(-4.45,0.05,3.5).VALID PASS
OMDB_CASE physics US5.solution_real_release PASS
OMDB_CASE physics US5.room5.remote_two_body_weight PASS
OMDB_CASE physics US5.room5.real_hazard_sacrifice PASS
OMDB_CASE physics US5.solution_real_pickup PASS
OMDB_CASE physics US5.room_05.valid_placement.(-4.6,0.05,0.0).VALID PASS
OMDB_CASE physics US5.solution_real_release PASS
OMDB_CASE physics US5.combined_persistent_jam PASS
OMDB_CASE physics US5.room5.real_hazard_sacrifice PASS
OMDB_CASE physics US5.solution_real_pickup PASS
OMDB_CASE physics US5.room_05.valid_placement.(-2.14,0.52,0.0).VALID PASS
OMDB_CASE physics US5.solution_real_release PASS
OMDB_CASE physics US5.combined_within_cap PASS
OMDB_CASE physics US5.room5.real_hazard_sacrifice PASS
OMDB_CASE physics US5.solution_real_pickup PASS
OMDB_CASE physics US5.room_05.valid_placement.(0.4,0.52,0.0).VALID PASS
OMDB_CASE physics US5.solution_real_release PASS
OMDB_CASE physics US5.combined_within_cap PASS
OMDB_CASE physics US5.room5.bridge_support PASS
OMDB_CASE physics US5.room5.bridge_support PASS
OMDB_CASE physics US5.room5.bridge_and_actual_exit PASS
OMDB_CASE physics US5.authored_metadata.6 PASS
OMDB_CASE physics US5.room6.real_hazard_sacrifice PASS
OMDB_CASE physics US5.solution_real_pickup PASS
OMDB_CASE physics US5.room_06.valid_placement.(-6.35,0.05,-3.5).VALID PASS
OMDB_CASE physics US5.solution_real_release PASS
OMDB_CASE physics US5.room6.real_hazard_sacrifice PASS
OMDB_CASE physics US5.solution_real_pickup PASS
OMDB_CASE physics US5.room_06.valid_placement.(-4.45,0.05,-3.5).VALID PASS
OMDB_CASE physics US5.solution_real_release PASS
OMDB_CASE physics US5.room6.remote_two_body_weight PASS
OMDB_CASE physics US5.room6.real_hazard_sacrifice PASS
OMDB_CASE physics US5.solution_real_pickup PASS
OMDB_CASE physics US5.room_06.valid_placement.(-4.6,0.05,0.0).VALID PASS
OMDB_CASE physics US5.solution_real_release PASS
OMDB_CASE physics US5.combined_persistent_jam PASS
OMDB_CASE physics US5.room6.real_hazard_sacrifice PASS
OMDB_CASE physics US5.solution_real_pickup PASS
OMDB_CASE physics US5.room_06.valid_placement.(-2.14,0.52,0.0).VALID PASS
OMDB_CASE physics US5.solution_real_release PASS
OMDB_CASE physics US5.combined_within_cap PASS
OMDB_CASE physics US5.room6.real_hazard_sacrifice PASS
OMDB_CASE physics US5.solution_real_pickup PASS
OMDB_CASE physics US5.room_06.valid_placement.(0.4,0.52,0.0).VALID PASS
OMDB_CASE physics US5.solution_real_release PASS
OMDB_CASE physics US5.combined_within_cap PASS
OMDB_CASE physics US5.room6.bridge_support PASS
OMDB_CASE physics US5.room6.bridge_support PASS
OMDB_CASE physics US5.room6.bridge_and_actual_exit PASS
OMDB_CASE physics US5.authored_metadata.2 PASS
OMDB_CASE physics US5.room2.real_hazard_sacrifice PASS
OMDB_CASE physics US5.solution_real_pickup PASS
OMDB_CASE physics US5.room_02.valid_placement.(-0.35,0.05,3.5).VALID PASS
OMDB_CASE physics US5.solution_real_release PASS
OMDB_CASE physics US5.room2.real_hazard_sacrifice PASS
OMDB_CASE physics US5.solution_real_pickup PASS
OMDB_CASE physics US5.room_02.valid_placement.(1.55,0.05,3.5).VALID PASS
OMDB_CASE physics US5.solution_real_release PASS
OMDB_CASE physics US5.room2.remote_two_body_weight PASS
OMDB_CASE physics US5.room2.actual_exit PASS
OMDB_CASE physics US5.authored_metadata.3 PASS
OMDB_CASE physics US5.room3.saw_death_jams PASS
OMDB_CASE physics US5.room3.safe_retrieval_reactivates PASS
OMDB_CASE physics US5.room_03.valid_placement.(-1.6,0.05,0.0).VALID PASS
OMDB_CASE physics US5.solution_real_release PASS
OMDB_CASE physics US5.room3.replacement_rejams PASS
OMDB_CASE physics US5.room3.actual_crossing PASS
OMDB_CASE physics US5.authored_metadata.4 PASS
OMDB_CASE physics US5.room4.real_hazard_sacrifice PASS
OMDB_CASE physics US5.solution_real_pickup PASS
OMDB_CASE physics US5.room_04.valid_placement.(-11.5,0.05,1.9).VALID PASS
OMDB_CASE physics US5.solution_real_release PASS
OMDB_CASE physics US5.room4.real_hazard_sacrifice PASS
OMDB_CASE physics US5.solution_real_pickup PASS
OMDB_CASE physics US5.room_04.valid_placement.(-6.35,0.05,3.5).VALID PASS
OMDB_CASE physics US5.solution_real_release PASS
OMDB_CASE physics US5.room4.real_hazard_sacrifice PASS
OMDB_CASE physics US5.solution_real_pickup PASS
OMDB_CASE physics US5.room_04.valid_placement.(-4.45,0.05,3.5).VALID PASS
OMDB_CASE physics US5.solution_real_release PASS
OMDB_CASE physics US5.room4.remote_two_body_weight PASS
OMDB_CASE physics US5.room4.real_hazard_sacrifice PASS
OMDB_CASE physics US5.solution_real_pickup PASS
OMDB_CASE physics US5.room_04.valid_placement.(-4.24,0.05,0.0).VALID PASS
OMDB_CASE physics US5.solution_real_release PASS
OMDB_CASE physics US5.combined_within_cap PASS
OMDB_CASE physics US5.room4.real_hazard_sacrifice PASS
OMDB_CASE physics US5.solution_real_pickup PASS
OMDB_CASE physics US5.room_04.valid_placement.(-1.7,0.52,0.0).VALID PASS
OMDB_CASE physics US5.solution_real_release PASS
OMDB_CASE physics US5.combined_within_cap PASS
OMDB_CASE physics US5.room4.real_hazard_sacrifice PASS
OMDB_CASE physics US5.solution_real_pickup PASS
OMDB_CASE physics US5.room_04.valid_placement.(0.7,0.52,0.0).VALID PASS
OMDB_CASE physics US5.solution_real_release PASS
OMDB_CASE physics US5.combined_within_cap PASS
OMDB_CASE physics US5.room4.six_creations_evict_entry PASS
OMDB_CASE physics US5.room4.bridge_support PASS
OMDB_CASE physics US5.room4.bridge_support PASS
OMDB_CASE physics US5.room4.bridge_support PASS
OMDB_CASE physics US5.room4.bridge_and_actual_exit PASS
OMDB_CASE physics US5.authored_metadata.5 PASS
OMDB_CASE physics US5.room5.real_hazard_sacrifice PASS
OMDB_CASE physics US5.solution_real_pickup PASS
OMDB_CASE physics US5.room_05.valid_placement.(-6.35,0.05,3.5).VALID PASS
OMDB_CASE physics US5.solution_real_release PASS
OMDB_CASE physics US5.room5.real_hazard_sacrifice PASS
OMDB_CASE physics US5.solution_real_pickup PASS
OMDB_CASE physics US5.room_05.valid_placement.(-4.45,0.05,3.5).VALID PASS
OMDB_CASE physics US5.solution_real_release PASS
OMDB_CASE physics US5.room5.remote_two_body_weight PASS
OMDB_CASE physics US5.room5.real_hazard_sacrifice PASS
OMDB_CASE physics US5.solution_real_pickup PASS
OMDB_CASE physics US5.room_05.valid_placement.(-4.6,0.05,0.0).VALID PASS
OMDB_CASE physics US5.solution_real_release PASS
OMDB_CASE physics US5.combined_persistent_jam PASS
OMDB_CASE physics US5.room5.real_hazard_sacrifice PASS
OMDB_CASE physics US5.solution_real_pickup PASS
OMDB_CASE physics US5.room_05.valid_placement.(-2.14,0.52,0.0).VALID PASS
OMDB_CASE physics US5.solution_real_release PASS
OMDB_CASE physics US5.combined_within_cap PASS
OMDB_CASE physics US5.room5.real_hazard_sacrifice PASS
OMDB_CASE physics US5.solution_real_pickup PASS
OMDB_CASE physics US5.room_05.valid_placement.(0.4,0.52,0.0).VALID PASS
OMDB_CASE physics US5.solution_real_release PASS
OMDB_CASE physics US5.combined_within_cap PASS
OMDB_CASE physics US5.room5.bridge_support PASS
OMDB_CASE physics US5.room5.bridge_support PASS
OMDB_CASE physics US5.room5.bridge_and_actual_exit PASS
OMDB_CASE physics US5.authored_metadata.6 PASS
OMDB_CASE physics US5.room6.real_hazard_sacrifice PASS
OMDB_CASE physics US5.solution_real_pickup PASS
OMDB_CASE physics US5.room_06.valid_placement.(-6.35,0.05,-3.5).VALID PASS
OMDB_CASE physics US5.solution_real_release PASS
OMDB_CASE physics US5.room6.real_hazard_sacrifice PASS
OMDB_CASE physics US5.solution_real_pickup PASS
OMDB_CASE physics US5.room_06.valid_placement.(-4.45,0.05,-3.5).VALID PASS
OMDB_CASE physics US5.solution_real_release PASS
OMDB_CASE physics US5.room6.remote_two_body_weight PASS
OMDB_CASE physics US5.room6.real_hazard_sacrifice PASS
OMDB_CASE physics US5.solution_real_pickup PASS
OMDB_CASE physics US5.room_06.valid_placement.(-4.6,0.05,0.0).VALID PASS
OMDB_CASE physics US5.solution_real_release PASS
OMDB_CASE physics US5.combined_persistent_jam PASS
OMDB_CASE physics US5.room6.real_hazard_sacrifice PASS
OMDB_CASE physics US5.solution_real_pickup PASS
OMDB_CASE physics US5.room_06.valid_placement.(-2.14,0.52,0.0).VALID PASS
OMDB_CASE physics US5.solution_real_release PASS
OMDB_CASE physics US5.combined_within_cap PASS
OMDB_CASE physics US5.room6.real_hazard_sacrifice PASS
OMDB_CASE physics US5.solution_real_pickup PASS
OMDB_CASE physics US5.room_06.valid_placement.(0.4,0.52,0.0).VALID PASS
OMDB_CASE physics US5.solution_real_release PASS
OMDB_CASE physics US5.combined_within_cap PASS
OMDB_CASE physics US5.room6.bridge_support PASS
OMDB_CASE physics US5.room6.bridge_support PASS
OMDB_CASE physics US5.room6.bridge_and_actual_exit PASS
OMDB_CASE physics US5.authored_metadata.2 PASS
OMDB_CASE physics US5.room2.real_hazard_sacrifice PASS
OMDB_CASE physics US5.solution_real_pickup PASS
OMDB_CASE physics US5.room_02.valid_placement.(-0.35,0.05,3.5).VALID PASS
OMDB_CASE physics US5.solution_real_release PASS
OMDB_CASE physics US5.room2.real_hazard_sacrifice PASS
OMDB_CASE physics US5.solution_real_pickup PASS
OMDB_CASE physics US5.room_02.valid_placement.(1.55,0.05,3.5).VALID PASS
OMDB_CASE physics US5.solution_real_release PASS
OMDB_CASE physics US5.room2.remote_two_body_weight PASS
OMDB_CASE physics US5.room2.actual_exit PASS
OMDB_CASE physics US5.authored_metadata.3 PASS
OMDB_CASE physics US5.room3.saw_death_jams PASS
OMDB_CASE physics US5.room3.safe_retrieval_reactivates PASS
OMDB_CASE physics US5.room_03.valid_placement.(-1.6,0.05,0.0).VALID PASS
OMDB_CASE physics US5.solution_real_release PASS
OMDB_CASE physics US5.room3.replacement_rejams PASS
OMDB_CASE physics US5.room3.actual_crossing PASS
OMDB_CASE physics US5.authored_metadata.4 PASS
OMDB_CASE physics US5.room4.real_hazard_sacrifice PASS
OMDB_CASE physics US5.solution_real_pickup PASS
OMDB_CASE physics US5.room_04.valid_placement.(-11.5,0.05,1.9).VALID PASS
OMDB_CASE physics US5.solution_real_release PASS
OMDB_CASE physics US5.room4.real_hazard_sacrifice PASS
OMDB_CASE physics US5.solution_real_pickup PASS
OMDB_CASE physics US5.room_04.valid_placement.(-6.35,0.05,3.5).VALID PASS
OMDB_CASE physics US5.solution_real_release PASS
OMDB_CASE physics US5.room4.real_hazard_sacrifice PASS
OMDB_CASE physics US5.solution_real_pickup PASS
OMDB_CASE physics US5.room_04.valid_placement.(-4.45,0.05,3.5).VALID PASS
OMDB_CASE physics US5.solution_real_release PASS
OMDB_CASE physics US5.room4.remote_two_body_weight PASS
OMDB_CASE physics US5.room4.real_hazard_sacrifice PASS
OMDB_CASE physics US5.solution_real_pickup PASS
OMDB_CASE physics US5.room_04.valid_placement.(-4.24,0.05,0.0).VALID PASS
OMDB_CASE physics US5.solution_real_release PASS
OMDB_CASE physics US5.combined_within_cap PASS
OMDB_CASE physics US5.room4.real_hazard_sacrifice PASS
OMDB_CASE physics US5.solution_real_pickup PASS
OMDB_CASE physics US5.room_04.valid_placement.(-1.7,0.52,0.0).VALID PASS
OMDB_CASE physics US5.solution_real_release PASS
OMDB_CASE physics US5.combined_within_cap PASS
OMDB_CASE physics US5.room4.real_hazard_sacrifice PASS
OMDB_CASE physics US5.solution_real_pickup PASS
OMDB_CASE physics US5.room_04.valid_placement.(0.7,0.52,0.0).VALID PASS
OMDB_CASE physics US5.solution_real_release PASS
OMDB_CASE physics US5.combined_within_cap PASS
OMDB_CASE physics US5.room4.six_creations_evict_entry PASS
OMDB_CASE physics US5.room4.bridge_support PASS
OMDB_CASE physics US5.room4.bridge_support PASS
OMDB_CASE physics US5.room4.bridge_support PASS
OMDB_CASE physics US5.room4.bridge_and_actual_exit PASS
OMDB_CASE physics US5.authored_metadata.5 PASS
OMDB_CASE physics US5.room5.real_hazard_sacrifice PASS
OMDB_CASE physics US5.solution_real_pickup PASS
OMDB_CASE physics US5.room_05.valid_placement.(-6.35,0.05,3.5).VALID PASS
OMDB_CASE physics US5.solution_real_release PASS
OMDB_CASE physics US5.room5.real_hazard_sacrifice PASS
OMDB_CASE physics US5.solution_real_pickup PASS
OMDB_CASE physics US5.room_05.valid_placement.(-4.45,0.05,3.5).VALID PASS
OMDB_CASE physics US5.solution_real_release PASS
OMDB_CASE physics US5.room5.remote_two_body_weight PASS
OMDB_CASE physics US5.room5.real_hazard_sacrifice PASS
OMDB_CASE physics US5.solution_real_pickup PASS
OMDB_CASE physics US5.room_05.valid_placement.(-4.6,0.05,0.0).VALID PASS
OMDB_CASE physics US5.solution_real_release PASS
OMDB_CASE physics US5.combined_persistent_jam PASS
OMDB_CASE physics US5.room5.real_hazard_sacrifice PASS
OMDB_CASE physics US5.solution_real_pickup PASS
OMDB_CASE physics US5.room_05.valid_placement.(-2.14,0.52,0.0).VALID PASS
OMDB_CASE physics US5.solution_real_release PASS
OMDB_CASE physics US5.combined_within_cap PASS
OMDB_CASE physics US5.room5.real_hazard_sacrifice PASS
OMDB_CASE physics US5.solution_real_pickup PASS
OMDB_CASE physics US5.room_05.valid_placement.(0.4,0.52,0.0).VALID PASS
OMDB_CASE physics US5.solution_real_release PASS
OMDB_CASE physics US5.combined_within_cap PASS
OMDB_CASE physics US5.room5.bridge_support PASS
OMDB_CASE physics US5.room5.bridge_support PASS
OMDB_CASE physics US5.room5.bridge_and_actual_exit PASS
OMDB_CASE physics US5.authored_metadata.6 PASS
OMDB_CASE physics US5.room6.real_hazard_sacrifice PASS
OMDB_CASE physics US5.solution_real_pickup PASS
OMDB_CASE physics US5.room_06.valid_placement.(-6.35,0.05,-3.5).VALID PASS
OMDB_CASE physics US5.solution_real_release PASS
OMDB_CASE physics US5.room6.real_hazard_sacrifice PASS
OMDB_CASE physics US5.solution_real_pickup PASS
OMDB_CASE physics US5.room_06.valid_placement.(-4.45,0.05,-3.5).VALID PASS
OMDB_CASE physics US5.solution_real_release PASS
OMDB_CASE physics US5.room6.remote_two_body_weight PASS
OMDB_CASE physics US5.room6.real_hazard_sacrifice PASS
OMDB_CASE physics US5.solution_real_pickup PASS
OMDB_CASE physics US5.room_06.valid_placement.(-4.6,0.05,0.0).VALID PASS
OMDB_CASE physics US5.solution_real_release PASS
OMDB_CASE physics US5.combined_persistent_jam PASS
OMDB_CASE physics US5.room6.real_hazard_sacrifice PASS
OMDB_CASE physics US5.solution_real_pickup PASS
OMDB_CASE physics US5.room_06.valid_placement.(-2.14,0.52,0.0).VALID PASS
OMDB_CASE physics US5.solution_real_release PASS
OMDB_CASE physics US5.combined_within_cap PASS
OMDB_CASE physics US5.room6.real_hazard_sacrifice PASS
OMDB_CASE physics US5.solution_real_pickup PASS
OMDB_CASE physics US5.room_06.valid_placement.(0.4,0.52,0.0).VALID PASS
OMDB_CASE physics US5.solution_real_release PASS
OMDB_CASE physics US5.combined_within_cap PASS
OMDB_CASE physics US5.room6.bridge_support PASS
OMDB_CASE physics US5.room6.bridge_support PASS
OMDB_CASE physics US5.room6.bridge_and_actual_exit PASS
OMDB_CASE physics US5.authored_metadata.2 PASS
OMDB_CASE physics US5.room2.real_hazard_sacrifice PASS
OMDB_CASE physics US5.solution_real_pickup PASS
OMDB_CASE physics US5.room_02.valid_placement.(-0.35,0.05,3.5).VALID PASS
OMDB_CASE physics US5.solution_real_release PASS
OMDB_CASE physics US5.room2.real_hazard_sacrifice PASS
OMDB_CASE physics US5.solution_real_pickup PASS
OMDB_CASE physics US5.room_02.valid_placement.(1.55,0.05,3.5).VALID PASS
OMDB_CASE physics US5.solution_real_release PASS
OMDB_CASE physics US5.room2.remote_two_body_weight PASS
OMDB_CASE physics US5.room2.actual_exit PASS
OMDB_CASE physics US5.authored_metadata.3 PASS
OMDB_CASE physics US5.room3.saw_death_jams PASS
OMDB_CASE physics US5.room3.safe_retrieval_reactivates PASS
OMDB_CASE physics US5.room_03.valid_placement.(-1.6,0.05,0.0).VALID PASS
OMDB_CASE physics US5.solution_real_release PASS
OMDB_CASE physics US5.room3.replacement_rejams PASS
OMDB_CASE physics US5.room3.actual_crossing PASS
OMDB_CASE physics US5.authored_metadata.4 PASS
OMDB_CASE physics US5.room4.real_hazard_sacrifice PASS
OMDB_CASE physics US5.solution_real_pickup PASS
OMDB_CASE physics US5.room_04.valid_placement.(-11.5,0.05,1.9).VALID PASS
OMDB_CASE physics US5.solution_real_release PASS
OMDB_CASE physics US5.room4.real_hazard_sacrifice PASS
OMDB_CASE physics US5.solution_real_pickup PASS
OMDB_CASE physics US5.room_04.valid_placement.(-6.35,0.05,3.5).VALID PASS
OMDB_CASE physics US5.solution_real_release PASS
OMDB_CASE physics US5.room4.real_hazard_sacrifice PASS
OMDB_CASE physics US5.solution_real_pickup PASS
OMDB_CASE physics US5.room_04.valid_placement.(-4.45,0.05,3.5).VALID PASS
OMDB_CASE physics US5.solution_real_release PASS
OMDB_CASE physics US5.room4.remote_two_body_weight PASS
OMDB_CASE physics US5.room4.real_hazard_sacrifice PASS
OMDB_CASE physics US5.solution_real_pickup PASS
OMDB_CASE physics US5.room_04.valid_placement.(-4.24,0.05,0.0).VALID PASS
OMDB_CASE physics US5.solution_real_release PASS
OMDB_CASE physics US5.combined_within_cap PASS
OMDB_CASE physics US5.room4.real_hazard_sacrifice PASS
OMDB_CASE physics US5.solution_real_pickup PASS
OMDB_CASE physics US5.room_04.valid_placement.(-1.7,0.52,0.0).VALID PASS
OMDB_CASE physics US5.solution_real_release PASS
OMDB_CASE physics US5.combined_within_cap PASS
OMDB_CASE physics US5.room4.real_hazard_sacrifice PASS
OMDB_CASE physics US5.solution_real_pickup PASS
OMDB_CASE physics US5.room_04.valid_placement.(0.7,0.52,0.0).VALID PASS
OMDB_CASE physics US5.solution_real_release PASS
OMDB_CASE physics US5.combined_within_cap PASS
OMDB_CASE physics US5.room4.six_creations_evict_entry PASS
OMDB_CASE physics US5.room4.bridge_support PASS
OMDB_CASE physics US5.room4.bridge_support PASS
OMDB_CASE physics US5.room4.bridge_support PASS
OMDB_CASE physics US5.room4.bridge_and_actual_exit PASS
OMDB_CASE physics US5.authored_metadata.5 PASS
OMDB_CASE physics US5.room5.real_hazard_sacrifice PASS
OMDB_CASE physics US5.solution_real_pickup PASS
OMDB_CASE physics US5.room_05.valid_placement.(-6.35,0.05,3.5).VALID PASS
OMDB_CASE physics US5.solution_real_release PASS
OMDB_CASE physics US5.room5.real_hazard_sacrifice PASS
OMDB_CASE physics US5.solution_real_pickup PASS
OMDB_CASE physics US5.room_05.valid_placement.(-4.45,0.05,3.5).VALID PASS
OMDB_CASE physics US5.solution_real_release PASS
OMDB_CASE physics US5.room5.remote_two_body_weight PASS
OMDB_CASE physics US5.room5.real_hazard_sacrifice PASS
OMDB_CASE physics US5.solution_real_pickup PASS
OMDB_CASE physics US5.room_05.valid_placement.(-4.6,0.05,0.0).VALID PASS
OMDB_CASE physics US5.solution_real_release PASS
OMDB_CASE physics US5.combined_persistent_jam PASS
OMDB_CASE physics US5.room5.real_hazard_sacrifice PASS
OMDB_CASE physics US5.solution_real_pickup PASS
OMDB_CASE physics US5.room_05.valid_placement.(-2.14,0.52,0.0).VALID PASS
OMDB_CASE physics US5.solution_real_release PASS
OMDB_CASE physics US5.combined_within_cap PASS
OMDB_CASE physics US5.room5.real_hazard_sacrifice PASS
OMDB_CASE physics US5.solution_real_pickup PASS
OMDB_CASE physics US5.room_05.valid_placement.(0.4,0.52,0.0).VALID PASS
OMDB_CASE physics US5.solution_real_release PASS
OMDB_CASE physics US5.combined_within_cap PASS
OMDB_CASE physics US5.room5.bridge_support PASS
OMDB_CASE physics US5.room5.bridge_support PASS
OMDB_CASE physics US5.room5.bridge_and_actual_exit PASS
OMDB_CASE physics US5.authored_metadata.6 PASS
OMDB_CASE physics US5.room6.real_hazard_sacrifice PASS
OMDB_CASE physics US5.solution_real_pickup PASS
OMDB_CASE physics US5.room_06.valid_placement.(-6.35,0.05,-3.5).VALID PASS
OMDB_CASE physics US5.solution_real_release PASS
OMDB_CASE physics US5.room6.real_hazard_sacrifice PASS
OMDB_CASE physics US5.solution_real_pickup PASS
OMDB_CASE physics US5.room_06.valid_placement.(-4.45,0.05,-3.5).VALID PASS
OMDB_CASE physics US5.solution_real_release PASS
OMDB_CASE physics US5.room6.remote_two_body_weight PASS
OMDB_CASE physics US5.room6.real_hazard_sacrifice PASS
OMDB_CASE physics US5.solution_real_pickup PASS
OMDB_CASE physics US5.room_06.valid_placement.(-4.6,0.05,0.0).VALID PASS
OMDB_CASE physics US5.solution_real_release PASS
OMDB_CASE physics US5.combined_persistent_jam PASS
OMDB_CASE physics US5.room6.real_hazard_sacrifice PASS
OMDB_CASE physics US5.solution_real_pickup PASS
OMDB_CASE physics US5.room_06.valid_placement.(-2.14,0.52,0.0).VALID PASS
OMDB_CASE physics US5.solution_real_release PASS
OMDB_CASE physics US5.combined_within_cap PASS
OMDB_CASE physics US5.room6.real_hazard_sacrifice PASS
OMDB_CASE physics US5.solution_real_pickup PASS
OMDB_CASE physics US5.room_06.valid_placement.(0.4,0.52,0.0).VALID PASS
OMDB_CASE physics US5.solution_real_release PASS
OMDB_CASE physics US5.combined_within_cap PASS
OMDB_CASE physics US5.room6.bridge_support PASS
OMDB_CASE physics US5.room6.bridge_support PASS
OMDB_CASE physics US5.room6.bridge_and_actual_exit PASS
OMDB_CASE physics US5.authored_metadata.2 PASS
OMDB_CASE physics US5.room2.real_hazard_sacrifice PASS
OMDB_CASE physics US5.solution_real_pickup PASS
OMDB_CASE physics US5.room_02.valid_placement.(-0.35,0.05,3.5).VALID PASS
OMDB_CASE physics US5.solution_real_release PASS
OMDB_CASE physics US5.room2.real_hazard_sacrifice PASS
OMDB_CASE physics US5.solution_real_pickup PASS
OMDB_CASE physics US5.room_02.valid_placement.(1.55,0.05,3.5).VALID PASS
OMDB_CASE physics US5.solution_real_release PASS
OMDB_CASE physics US5.room2.remote_two_body_weight PASS
OMDB_CASE physics US5.room2.actual_exit PASS
OMDB_CASE physics US5.authored_metadata.3 PASS
OMDB_CASE physics US5.room3.saw_death_jams PASS
OMDB_CASE physics US5.room3.safe_retrieval_reactivates PASS
OMDB_CASE physics US5.room_03.valid_placement.(-1.6,0.05,0.0).VALID PASS
OMDB_CASE physics US5.solution_real_release PASS
OMDB_CASE physics US5.room3.replacement_rejams PASS
OMDB_CASE physics US5.room3.actual_crossing PASS
OMDB_CASE physics US5.authored_metadata.4 PASS
OMDB_CASE physics US5.room4.real_hazard_sacrifice PASS
OMDB_CASE physics US5.solution_real_pickup PASS
OMDB_CASE physics US5.room_04.valid_placement.(-11.5,0.05,1.9).VALID PASS
OMDB_CASE physics US5.solution_real_release PASS
OMDB_CASE physics US5.room4.real_hazard_sacrifice PASS
OMDB_CASE physics US5.solution_real_pickup PASS
OMDB_CASE physics US5.room_04.valid_placement.(-6.35,0.05,3.5).VALID PASS
OMDB_CASE physics US5.solution_real_release PASS
OMDB_CASE physics US5.room4.real_hazard_sacrifice PASS
OMDB_CASE physics US5.solution_real_pickup PASS
OMDB_CASE physics US5.room_04.valid_placement.(-4.45,0.05,3.5).VALID PASS
OMDB_CASE physics US5.solution_real_release PASS
OMDB_CASE physics US5.room4.remote_two_body_weight PASS
OMDB_CASE physics US5.room4.real_hazard_sacrifice PASS
OMDB_CASE physics US5.solution_real_pickup PASS
OMDB_CASE physics US5.room_04.valid_placement.(-4.24,0.05,0.0).VALID PASS
OMDB_CASE physics US5.solution_real_release PASS
OMDB_CASE physics US5.combined_within_cap PASS
OMDB_CASE physics US5.room4.real_hazard_sacrifice PASS
OMDB_CASE physics US5.solution_real_pickup PASS
OMDB_CASE physics US5.room_04.valid_placement.(-1.7,0.52,0.0).VALID PASS
OMDB_CASE physics US5.solution_real_release PASS
OMDB_CASE physics US5.combined_within_cap PASS
OMDB_CASE physics US5.room4.real_hazard_sacrifice PASS
OMDB_CASE physics US5.solution_real_pickup PASS
OMDB_CASE physics US5.room_04.valid_placement.(0.7,0.52,0.0).VALID PASS
OMDB_CASE physics US5.solution_real_release PASS
OMDB_CASE physics US5.combined_within_cap PASS
OMDB_CASE physics US5.room4.six_creations_evict_entry PASS
OMDB_CASE physics US5.room4.bridge_support PASS
OMDB_CASE physics US5.room4.bridge_support PASS
OMDB_CASE physics US5.room4.bridge_support PASS
OMDB_CASE physics US5.room4.bridge_and_actual_exit PASS
OMDB_CASE physics US5.authored_metadata.5 PASS
OMDB_CASE physics US5.room5.real_hazard_sacrifice PASS
OMDB_CASE physics US5.solution_real_pickup PASS
OMDB_CASE physics US5.room_05.valid_placement.(-6.35,0.05,3.5).VALID PASS
OMDB_CASE physics US5.solution_real_release PASS
OMDB_CASE physics US5.room5.real_hazard_sacrifice PASS
OMDB_CASE physics US5.solution_real_pickup PASS
OMDB_CASE physics US5.room_05.valid_placement.(-4.45,0.05,3.5).VALID PASS
OMDB_CASE physics US5.solution_real_release PASS
OMDB_CASE physics US5.room5.remote_two_body_weight PASS
OMDB_CASE physics US5.room5.real_hazard_sacrifice PASS
OMDB_CASE physics US5.solution_real_pickup PASS
OMDB_CASE physics US5.room_05.valid_placement.(-4.6,0.05,0.0).VALID PASS
OMDB_CASE physics US5.solution_real_release PASS
OMDB_CASE physics US5.combined_persistent_jam PASS
OMDB_CASE physics US5.room5.real_hazard_sacrifice PASS
OMDB_CASE physics US5.solution_real_pickup PASS
OMDB_CASE physics US5.room_05.valid_placement.(-2.14,0.52,0.0).VALID PASS
OMDB_CASE physics US5.solution_real_release PASS
OMDB_CASE physics US5.combined_within_cap PASS
OMDB_CASE physics US5.room5.real_hazard_sacrifice PASS
OMDB_CASE physics US5.solution_real_pickup PASS
OMDB_CASE physics US5.room_05.valid_placement.(0.4,0.52,0.0).VALID PASS
OMDB_CASE physics US5.solution_real_release PASS
OMDB_CASE physics US5.combined_within_cap PASS
OMDB_CASE physics US5.room5.bridge_support PASS
OMDB_CASE physics US5.room5.bridge_support PASS
OMDB_CASE physics US5.room5.bridge_and_actual_exit PASS
OMDB_CASE physics US5.authored_metadata.6 PASS
OMDB_CASE physics US5.room6.real_hazard_sacrifice PASS
OMDB_CASE physics US5.solution_real_pickup PASS
OMDB_CASE physics US5.room_06.valid_placement.(-6.35,0.05,-3.5).VALID PASS
OMDB_CASE physics US5.solution_real_release PASS
OMDB_CASE physics US5.room6.real_hazard_sacrifice PASS
OMDB_CASE physics US5.solution_real_pickup PASS
OMDB_CASE physics US5.room_06.valid_placement.(-4.45,0.05,-3.5).VALID PASS
OMDB_CASE physics US5.solution_real_release PASS
OMDB_CASE physics US5.room6.remote_two_body_weight PASS
OMDB_CASE physics US5.room6.real_hazard_sacrifice PASS
OMDB_CASE physics US5.solution_real_pickup PASS
OMDB_CASE physics US5.room_06.valid_placement.(-4.6,0.05,0.0).VALID PASS
OMDB_CASE physics US5.solution_real_release PASS
OMDB_CASE physics US5.combined_persistent_jam PASS
OMDB_CASE physics US5.room6.real_hazard_sacrifice PASS
OMDB_CASE physics US5.solution_real_pickup PASS
OMDB_CASE physics US5.room_06.valid_placement.(-2.14,0.52,0.0).VALID PASS
OMDB_CASE physics US5.solution_real_release PASS
OMDB_CASE physics US5.combined_within_cap PASS
OMDB_CASE physics US5.room6.real_hazard_sacrifice PASS
OMDB_CASE physics US5.solution_real_pickup PASS
OMDB_CASE physics US5.room_06.valid_placement.(0.4,0.52,0.0).VALID PASS
OMDB_CASE physics US5.solution_real_release PASS
OMDB_CASE physics US5.combined_within_cap PASS
OMDB_CASE physics US5.room6.bridge_support PASS
OMDB_CASE physics US5.room6.bridge_support PASS
OMDB_CASE physics US5.room6.bridge_and_actual_exit PASS
OMDB_CASE physics US5.authored_metadata.2 PASS
OMDB_CASE physics US5.room2.real_hazard_sacrifice PASS
OMDB_CASE physics US5.solution_real_pickup PASS
OMDB_CASE physics US5.room_02.valid_placement.(-0.35,0.05,3.5).VALID PASS
OMDB_CASE physics US5.solution_real_release PASS
OMDB_CASE physics US5.room2.real_hazard_sacrifice PASS
OMDB_CASE physics US5.solution_real_pickup PASS
OMDB_CASE physics US5.room_02.valid_placement.(1.55,0.05,3.5).VALID PASS
OMDB_CASE physics US5.solution_real_release PASS
OMDB_CASE physics US5.room2.remote_two_body_weight PASS
OMDB_CASE physics US5.room2.actual_exit PASS
OMDB_CASE physics US5.authored_metadata.3 PASS
OMDB_CASE physics US5.room3.saw_death_jams PASS
OMDB_CASE physics US5.room3.safe_retrieval_reactivates PASS
OMDB_CASE physics US5.room_03.valid_placement.(-1.6,0.05,0.0).VALID PASS
OMDB_CASE physics US5.solution_real_release PASS
OMDB_CASE physics US5.room3.replacement_rejams PASS
OMDB_CASE physics US5.room3.actual_crossing PASS
OMDB_CASE physics US5.authored_metadata.4 PASS
OMDB_CASE physics US5.room4.real_hazard_sacrifice PASS
OMDB_CASE physics US5.solution_real_pickup PASS
OMDB_CASE physics US5.room_04.valid_placement.(-11.5,0.05,1.9).VALID PASS
OMDB_CASE physics US5.solution_real_release PASS
OMDB_CASE physics US5.room4.real_hazard_sacrifice PASS
OMDB_CASE physics US5.solution_real_pickup PASS
OMDB_CASE physics US5.room_04.valid_placement.(-6.35,0.05,3.5).VALID PASS
OMDB_CASE physics US5.solution_real_release PASS
OMDB_CASE physics US5.room4.real_hazard_sacrifice PASS
OMDB_CASE physics US5.solution_real_pickup PASS
OMDB_CASE physics US5.room_04.valid_placement.(-4.45,0.05,3.5).VALID PASS
OMDB_CASE physics US5.solution_real_release PASS
OMDB_CASE physics US5.room4.remote_two_body_weight PASS
OMDB_CASE physics US5.room4.real_hazard_sacrifice PASS
OMDB_CASE physics US5.solution_real_pickup PASS
OMDB_CASE physics US5.room_04.valid_placement.(-4.24,0.05,0.0).VALID PASS
OMDB_CASE physics US5.solution_real_release PASS
OMDB_CASE physics US5.combined_within_cap PASS
OMDB_CASE physics US5.room4.real_hazard_sacrifice PASS
OMDB_CASE physics US5.solution_real_pickup PASS
OMDB_CASE physics US5.room_04.valid_placement.(-1.7,0.52,0.0).VALID PASS
OMDB_CASE physics US5.solution_real_release PASS
OMDB_CASE physics US5.combined_within_cap PASS
OMDB_CASE physics US5.room4.real_hazard_sacrifice PASS
OMDB_CASE physics US5.solution_real_pickup PASS
OMDB_CASE physics US5.room_04.valid_placement.(0.7,0.52,0.0).VALID PASS
OMDB_CASE physics US5.solution_real_release PASS
OMDB_CASE physics US5.combined_within_cap PASS
OMDB_CASE physics US5.room4.six_creations_evict_entry PASS
OMDB_CASE physics US5.room4.bridge_support PASS
OMDB_CASE physics US5.room4.bridge_support PASS
OMDB_CASE physics US5.room4.bridge_support PASS
OMDB_CASE physics US5.room4.bridge_and_actual_exit PASS
OMDB_CASE physics US5.authored_metadata.5 PASS
OMDB_CASE physics US5.room5.real_hazard_sacrifice PASS
OMDB_CASE physics US5.solution_real_pickup PASS
OMDB_CASE physics US5.room_05.valid_placement.(-6.35,0.05,3.5).VALID PASS
OMDB_CASE physics US5.solution_real_release PASS
OMDB_CASE physics US5.room5.real_hazard_sacrifice PASS
OMDB_CASE physics US5.solution_real_pickup PASS
OMDB_CASE physics US5.room_05.valid_placement.(-4.45,0.05,3.5).VALID PASS
OMDB_CASE physics US5.solution_real_release PASS
OMDB_CASE physics US5.room5.remote_two_body_weight PASS
OMDB_CASE physics US5.room5.real_hazard_sacrifice PASS
OMDB_CASE physics US5.solution_real_pickup PASS
OMDB_CASE physics US5.room_05.valid_placement.(-4.6,0.05,0.0).VALID PASS
OMDB_CASE physics US5.solution_real_release PASS
OMDB_CASE physics US5.combined_persistent_jam PASS
OMDB_CASE physics US5.room5.real_hazard_sacrifice PASS
OMDB_CASE physics US5.solution_real_pickup PASS
OMDB_CASE physics US5.room_05.valid_placement.(-2.14,0.52,0.0).VALID PASS
OMDB_CASE physics US5.solution_real_release PASS
OMDB_CASE physics US5.combined_within_cap PASS
OMDB_CASE physics US5.room5.real_hazard_sacrifice PASS
OMDB_CASE physics US5.solution_real_pickup PASS
OMDB_CASE physics US5.room_05.valid_placement.(0.4,0.52,0.0).VALID PASS
OMDB_CASE physics US5.solution_real_release PASS
OMDB_CASE physics US5.combined_within_cap PASS
OMDB_CASE physics US5.room5.bridge_support PASS
OMDB_CASE physics US5.room5.bridge_support PASS
OMDB_CASE physics US5.room5.bridge_and_actual_exit PASS
OMDB_CASE physics US5.authored_metadata.6 PASS
OMDB_CASE physics US5.room6.real_hazard_sacrifice PASS
OMDB_CASE physics US5.solution_real_pickup PASS
OMDB_CASE physics US5.room_06.valid_placement.(-6.35,0.05,-3.5).VALID PASS
OMDB_CASE physics US5.solution_real_release PASS
OMDB_CASE physics US5.room6.real_hazard_sacrifice PASS
OMDB_CASE physics US5.solution_real_pickup PASS
OMDB_CASE physics US5.room_06.valid_placement.(-4.45,0.05,-3.5).VALID PASS
OMDB_CASE physics US5.solution_real_release PASS
OMDB_CASE physics US5.room6.remote_two_body_weight PASS
OMDB_CASE physics US5.room6.real_hazard_sacrifice PASS
OMDB_CASE physics US5.solution_real_pickup PASS
OMDB_CASE physics US5.room_06.valid_placement.(-4.6,0.05,0.0).VALID PASS
OMDB_CASE physics US5.solution_real_release PASS
OMDB_CASE physics US5.combined_persistent_jam PASS
OMDB_CASE physics US5.room6.real_hazard_sacrifice PASS
OMDB_CASE physics US5.solution_real_pickup PASS
OMDB_CASE physics US5.room_06.valid_placement.(-2.14,0.52,0.0).VALID PASS
OMDB_CASE physics US5.solution_real_release PASS
OMDB_CASE physics US5.combined_within_cap PASS
OMDB_CASE physics US5.room6.real_hazard_sacrifice PASS
OMDB_CASE physics US5.solution_real_pickup PASS
OMDB_CASE physics US5.room_06.valid_placement.(0.4,0.52,0.0).VALID PASS
OMDB_CASE physics US5.solution_real_release PASS
OMDB_CASE physics US5.combined_within_cap PASS
OMDB_CASE physics US5.room6.bridge_support PASS
OMDB_CASE physics US5.room6.bridge_support PASS
OMDB_CASE physics US5.room6.bridge_and_actual_exit PASS
OMDB_CASE physics US5.authored_metadata.2 PASS
OMDB_CASE physics US5.room2.real_hazard_sacrifice PASS
OMDB_CASE physics US5.solution_real_pickup PASS
OMDB_CASE physics US5.room_02.valid_placement.(-0.35,0.05,3.5).VALID PASS
OMDB_CASE physics US5.solution_real_release PASS
OMDB_CASE physics US5.room2.real_hazard_sacrifice PASS
OMDB_CASE physics US5.solution_real_pickup PASS
OMDB_CASE physics US5.room_02.valid_placement.(1.55,0.05,3.5).VALID PASS
OMDB_CASE physics US5.solution_real_release PASS
OMDB_CASE physics US5.room2.remote_two_body_weight PASS
OMDB_CASE physics US5.room2.actual_exit PASS
OMDB_CASE physics US5.authored_metadata.3 PASS
OMDB_CASE physics US5.room3.saw_death_jams PASS
OMDB_CASE physics US5.room3.safe_retrieval_reactivates PASS
OMDB_CASE physics US5.room_03.valid_placement.(-1.6,0.05,0.0).VALID PASS
OMDB_CASE physics US5.solution_real_release PASS
OMDB_CASE physics US5.room3.replacement_rejams PASS
OMDB_CASE physics US5.room3.actual_crossing PASS
OMDB_CASE physics US5.authored_metadata.4 PASS
OMDB_CASE physics US5.room4.real_hazard_sacrifice PASS
OMDB_CASE physics US5.solution_real_pickup PASS
OMDB_CASE physics US5.room_04.valid_placement.(-11.5,0.05,1.9).VALID PASS
OMDB_CASE physics US5.solution_real_release PASS
OMDB_CASE physics US5.room4.real_hazard_sacrifice PASS
OMDB_CASE physics US5.solution_real_pickup PASS
OMDB_CASE physics US5.room_04.valid_placement.(-6.35,0.05,3.5).VALID PASS
OMDB_CASE physics US5.solution_real_release PASS
OMDB_CASE physics US5.room4.real_hazard_sacrifice PASS
OMDB_CASE physics US5.solution_real_pickup PASS
OMDB_CASE physics US5.room_04.valid_placement.(-4.45,0.05,3.5).VALID PASS
OMDB_CASE physics US5.solution_real_release PASS
OMDB_CASE physics US5.room4.remote_two_body_weight PASS
OMDB_CASE physics US5.room4.real_hazard_sacrifice PASS
OMDB_CASE physics US5.solution_real_pickup PASS
OMDB_CASE physics US5.room_04.valid_placement.(-4.24,0.05,0.0).VALID PASS
OMDB_CASE physics US5.solution_real_release PASS
OMDB_CASE physics US5.combined_within_cap PASS
OMDB_CASE physics US5.room4.real_hazard_sacrifice PASS
OMDB_CASE physics US5.solution_real_pickup PASS
OMDB_CASE physics US5.room_04.valid_placement.(-1.7,0.52,0.0).VALID PASS
OMDB_CASE physics US5.solution_real_release PASS
OMDB_CASE physics US5.combined_within_cap PASS
OMDB_CASE physics US5.room4.real_hazard_sacrifice PASS
OMDB_CASE physics US5.solution_real_pickup PASS
OMDB_CASE physics US5.room_04.valid_placement.(0.7,0.52,0.0).VALID PASS
OMDB_CASE physics US5.solution_real_release PASS
OMDB_CASE physics US5.combined_within_cap PASS
OMDB_CASE physics US5.room4.six_creations_evict_entry PASS
OMDB_CASE physics US5.room4.bridge_support PASS
OMDB_CASE physics US5.room4.bridge_support PASS
OMDB_CASE physics US5.room4.bridge_support PASS
OMDB_CASE physics US5.room4.bridge_and_actual_exit PASS
OMDB_CASE physics US5.authored_metadata.5 PASS
OMDB_CASE physics US5.room5.real_hazard_sacrifice PASS
OMDB_CASE physics US5.solution_real_pickup PASS
OMDB_CASE physics US5.room_05.valid_placement.(-6.35,0.05,3.5).VALID PASS
OMDB_CASE physics US5.solution_real_release PASS
OMDB_CASE physics US5.room5.real_hazard_sacrifice PASS
OMDB_CASE physics US5.solution_real_pickup PASS
OMDB_CASE physics US5.room_05.valid_placement.(-4.45,0.05,3.5).VALID PASS
OMDB_CASE physics US5.solution_real_release PASS
OMDB_CASE physics US5.room5.remote_two_body_weight PASS
OMDB_CASE physics US5.room5.real_hazard_sacrifice PASS
OMDB_CASE physics US5.solution_real_pickup PASS
OMDB_CASE physics US5.room_05.valid_placement.(-4.6,0.05,0.0).VALID PASS
OMDB_CASE physics US5.solution_real_release PASS
OMDB_CASE physics US5.combined_persistent_jam PASS
OMDB_CASE physics US5.room5.real_hazard_sacrifice PASS
OMDB_CASE physics US5.solution_real_pickup PASS
OMDB_CASE physics US5.room_05.valid_placement.(-2.14,0.52,0.0).VALID PASS
OMDB_CASE physics US5.solution_real_release PASS
OMDB_CASE physics US5.combined_within_cap PASS
OMDB_CASE physics US5.room5.real_hazard_sacrifice PASS
OMDB_CASE physics US5.solution_real_pickup PASS
OMDB_CASE physics US5.room_05.valid_placement.(0.4,0.52,0.0).VALID PASS
OMDB_CASE physics US5.solution_real_release PASS
OMDB_CASE physics US5.combined_within_cap PASS
OMDB_CASE physics US5.room5.bridge_support PASS
OMDB_CASE physics US5.room5.bridge_support PASS
OMDB_CASE physics US5.room5.bridge_and_actual_exit PASS
OMDB_CASE physics US5.authored_metadata.6 PASS
OMDB_CASE physics US5.room6.real_hazard_sacrifice PASS
OMDB_CASE physics US5.solution_real_pickup PASS
OMDB_CASE physics US5.room_06.valid_placement.(-6.35,0.05,-3.5).VALID PASS
OMDB_CASE physics US5.solution_real_release PASS
OMDB_CASE physics US5.room6.real_hazard_sacrifice PASS
OMDB_CASE physics US5.solution_real_pickup PASS
OMDB_CASE physics US5.room_06.valid_placement.(-4.45,0.05,-3.5).VALID PASS
OMDB_CASE physics US5.solution_real_release PASS
OMDB_CASE physics US5.room6.remote_two_body_weight PASS
OMDB_CASE physics US5.room6.real_hazard_sacrifice PASS
OMDB_CASE physics US5.solution_real_pickup PASS
OMDB_CASE physics US5.room_06.valid_placement.(-4.6,0.05,0.0).VALID PASS
OMDB_CASE physics US5.solution_real_release PASS
OMDB_CASE physics US5.combined_persistent_jam PASS
OMDB_CASE physics US5.room6.real_hazard_sacrifice PASS
OMDB_CASE physics US5.solution_real_pickup PASS
OMDB_CASE physics US5.room_06.valid_placement.(-2.14,0.52,0.0).VALID PASS
OMDB_CASE physics US5.solution_real_release PASS
OMDB_CASE physics US5.combined_within_cap PASS
OMDB_CASE physics US5.room6.real_hazard_sacrifice PASS
OMDB_CASE physics US5.solution_real_pickup PASS
OMDB_CASE physics US5.room_06.valid_placement.(0.4,0.52,0.0).VALID PASS
OMDB_CASE physics US5.solution_real_release PASS
OMDB_CASE physics US5.combined_within_cap PASS
OMDB_CASE physics US5.room6.bridge_support PASS
OMDB_CASE physics US5.room6.bridge_support PASS
OMDB_CASE physics US5.room6.bridge_and_actual_exit PASS
OMDB_CASE physics FR020.two_direct_bodies.0 PASS
OMDB_CASE physics FR020.stacked_bodies_each_count PASS
OMDB_CASE physics EC07.immediate_contributor_removal PASS
OMDB_CASE physics FR020.player_unit PASS
OMDB_CASE physics FR020.held_body_immediate_exclusion PASS
OMDB_CASE physics EC06.pickup_support_settles_to_plate PASS
OMDB_CASE physics EC15.safe_entry_retreat PASS
OMDB_CASE physics EC15.retreat_reserved_from_placement PASS
OMDB_CASE physics FR020.two_direct_bodies.1 PASS
OMDB_CASE physics FR020.stacked_bodies_each_count PASS
OMDB_CASE physics EC07.immediate_contributor_removal PASS
OMDB_CASE physics FR020.player_unit PASS
OMDB_CASE physics FR020.held_body_immediate_exclusion PASS
OMDB_CASE physics EC06.pickup_support_settles_to_plate PASS
OMDB_CASE physics EC15.safe_entry_retreat PASS
OMDB_CASE physics EC15.retreat_reserved_from_placement PASS
OMDB_CASE physics FR020.two_direct_bodies.2 PASS
OMDB_CASE physics FR020.stacked_bodies_each_count PASS
OMDB_CASE physics EC07.immediate_contributor_removal PASS
OMDB_CASE physics FR020.player_unit PASS
OMDB_CASE physics FR020.held_body_immediate_exclusion PASS
OMDB_CASE physics EC06.pickup_support_settles_to_plate PASS
OMDB_CASE physics EC15.safe_entry_retreat PASS
OMDB_CASE physics EC15.retreat_reserved_from_placement PASS
OMDB_CASE physics FR020.two_direct_bodies.3 PASS
OMDB_CASE physics FR020.stacked_bodies_each_count PASS
OMDB_CASE physics EC07.immediate_contributor_removal PASS
OMDB_CASE physics FR020.player_unit PASS
OMDB_CASE physics FR020.held_body_immediate_exclusion PASS
OMDB_CASE physics EC06.pickup_support_settles_to_plate PASS
OMDB_CASE physics EC15.safe_entry_retreat PASS
OMDB_CASE physics EC15.retreat_reserved_from_placement PASS
OMDB_CASE physics FR020.two_direct_bodies.4 PASS
OMDB_CASE physics FR020.stacked_bodies_each_count PASS
OMDB_CASE physics EC07.immediate_contributor_removal PASS
OMDB_CASE physics FR020.player_unit PASS
OMDB_CASE physics FR020.held_body_immediate_exclusion PASS
OMDB_CASE physics EC06.pickup_support_settles_to_plate PASS
OMDB_CASE physics EC15.safe_entry_retreat PASS
OMDB_CASE physics EC15.retreat_reserved_from_placement PASS
OMDB_CASE physics FR020.two_direct_bodies.5 PASS
OMDB_CASE physics FR020.stacked_bodies_each_count PASS
OMDB_CASE physics EC07.immediate_contributor_removal PASS
OMDB_CASE physics FR020.player_unit PASS
OMDB_CASE physics FR020.held_body_immediate_exclusion PASS
OMDB_CASE physics EC06.pickup_support_settles_to_plate PASS
OMDB_CASE physics EC15.safe_entry_retreat PASS
OMDB_CASE physics EC15.retreat_reserved_from_placement PASS
OMDB_CASE physics FR020.two_direct_bodies.6 PASS
OMDB_CASE physics FR020.stacked_bodies_each_count PASS
OMDB_CASE physics EC07.immediate_contributor_removal PASS
OMDB_CASE physics FR020.player_unit PASS
OMDB_CASE physics FR020.held_body_immediate_exclusion PASS
OMDB_CASE physics EC06.pickup_support_settles_to_plate PASS
OMDB_CASE physics EC15.safe_entry_retreat PASS
OMDB_CASE physics EC15.retreat_reserved_from_placement PASS
OMDB_CASE physics FR020.two_direct_bodies.7 PASS
OMDB_CASE physics FR020.stacked_bodies_each_count PASS
OMDB_CASE physics EC07.immediate_contributor_removal PASS
OMDB_CASE physics FR020.player_unit PASS
OMDB_CASE physics FR020.held_body_immediate_exclusion PASS
OMDB_CASE physics EC06.pickup_support_settles_to_plate PASS
OMDB_CASE physics EC15.safe_entry_retreat PASS
OMDB_CASE physics EC15.retreat_reserved_from_placement PASS
OMDB_CASE physics FR020.two_direct_bodies.8 PASS
OMDB_CASE physics FR020.stacked_bodies_each_count PASS
OMDB_CASE physics EC07.immediate_contributor_removal PASS
OMDB_CASE physics FR020.player_unit PASS
OMDB_CASE physics FR020.held_body_immediate_exclusion PASS
OMDB_CASE physics EC06.pickup_support_settles_to_plate PASS
OMDB_CASE physics EC15.safe_entry_retreat PASS
OMDB_CASE physics EC15.retreat_reserved_from_placement PASS
OMDB_CASE physics FR020.two_direct_bodies.9 PASS
OMDB_CASE physics FR020.stacked_bodies_each_count PASS
OMDB_CASE physics EC07.immediate_contributor_removal PASS
OMDB_CASE physics FR020.player_unit PASS
OMDB_CASE physics FR020.held_body_immediate_exclusion PASS
OMDB_CASE physics EC06.pickup_support_settles_to_plate PASS
OMDB_CASE physics EC15.safe_entry_retreat PASS
OMDB_CASE physics EC15.retreat_reserved_from_placement PASS
OMDB_CASE physics US5.exit_requires_crossing_evidence PASS
OMDB_CASE physics US5.entry_side_does_not_complete.0 PASS
OMDB_CASE physics US5.real_open_crossing_once PASS
OMDB_CASE physics EC13.duplicate_crossing_ignored PASS
OMDB_CASE physics US5.reject_exit.closed.0 PASS
OMDB_CASE physics US5.reject_exit.outside.0 PASS
OMDB_CASE physics US5.reject_exit.dead.0 PASS
OMDB_CASE physics US5.reject_exit.simultaneous_death.0 PASS
OMDB_CASE physics US5.reject_exit.retired.0 PASS
OMDB_CASE physics US5.reject_exit.reverse.0 PASS
OMDB_CASE physics US5.reject_exit.closes_before_commit.0 PASS
OMDB_CASE physics US5.exit_requires_crossing_evidence PASS
OMDB_CASE physics US5.entry_side_does_not_complete.1 PASS
OMDB_CASE physics US5.real_open_crossing_once PASS
OMDB_CASE physics EC13.duplicate_crossing_ignored PASS
OMDB_CASE physics US5.reject_exit.closed.1 PASS
OMDB_CASE physics US5.reject_exit.outside.1 PASS
OMDB_CASE physics US5.reject_exit.dead.1 PASS
OMDB_CASE physics US5.reject_exit.simultaneous_death.1 PASS
OMDB_CASE physics US5.reject_exit.retired.1 PASS
OMDB_CASE physics US5.reject_exit.reverse.1 PASS
OMDB_CASE physics US5.reject_exit.closes_before_commit.1 PASS
OMDB_CASE physics US5.exit_requires_crossing_evidence PASS
OMDB_CASE physics US5.entry_side_does_not_complete.2 PASS
OMDB_CASE physics US5.real_open_crossing_once PASS
OMDB_CASE physics EC13.duplicate_crossing_ignored PASS
OMDB_CASE physics US5.reject_exit.closed.2 PASS
OMDB_CASE physics US5.reject_exit.outside.2 PASS
OMDB_CASE physics US5.reject_exit.dead.2 PASS
OMDB_CASE physics US5.reject_exit.simultaneous_death.2 PASS
OMDB_CASE physics US5.reject_exit.retired.2 PASS
OMDB_CASE physics US5.reject_exit.reverse.2 PASS
OMDB_CASE physics US5.reject_exit.closes_before_commit.2 PASS
OMDB_CASE physics US5.exit_requires_crossing_evidence PASS
OMDB_CASE physics US5.entry_side_does_not_complete.3 PASS
OMDB_CASE physics US5.real_open_crossing_once PASS
OMDB_CASE physics EC13.duplicate_crossing_ignored PASS
OMDB_CASE physics US5.reject_exit.closed.3 PASS
OMDB_CASE physics US5.reject_exit.outside.3 PASS
OMDB_CASE physics US5.reject_exit.dead.3 PASS
OMDB_CASE physics US5.reject_exit.simultaneous_death.3 PASS
OMDB_CASE physics US5.reject_exit.retired.3 PASS
OMDB_CASE physics US5.reject_exit.reverse.3 PASS
OMDB_CASE physics US5.reject_exit.closes_before_commit.3 PASS
OMDB_CASE physics US5.exit_requires_crossing_evidence PASS
OMDB_CASE physics US5.entry_side_does_not_complete.4 PASS
OMDB_CASE physics US5.real_open_crossing_once PASS
OMDB_CASE physics EC13.duplicate_crossing_ignored PASS
OMDB_CASE physics US5.reject_exit.closed.4 PASS
OMDB_CASE physics US5.reject_exit.outside.4 PASS
OMDB_CASE physics US5.reject_exit.dead.4 PASS
OMDB_CASE physics US5.reject_exit.simultaneous_death.4 PASS
OMDB_CASE physics US5.reject_exit.retired.4 PASS
OMDB_CASE physics US5.reject_exit.reverse.4 PASS
OMDB_CASE physics US5.reject_exit.closes_before_commit.4 PASS
OMDB_CASE physics US5.exit_requires_crossing_evidence PASS
OMDB_CASE physics US5.entry_side_does_not_complete.5 PASS
OMDB_CASE physics US5.real_open_crossing_once PASS
OMDB_CASE physics EC13.duplicate_crossing_ignored PASS
OMDB_CASE physics US5.reject_exit.closed.5 PASS
OMDB_CASE physics US5.reject_exit.outside.5 PASS
OMDB_CASE physics US5.reject_exit.dead.5 PASS
OMDB_CASE physics US5.reject_exit.simultaneous_death.5 PASS
OMDB_CASE physics US5.reject_exit.retired.5 PASS
OMDB_CASE physics US5.reject_exit.reverse.5 PASS
OMDB_CASE physics US5.reject_exit.closes_before_commit.5 PASS
OMDB_CASE physics US5.exit_requires_crossing_evidence PASS
OMDB_CASE physics US5.entry_side_does_not_complete.6 PASS
OMDB_CASE physics US5.real_open_crossing_once PASS
OMDB_CASE physics EC13.duplicate_crossing_ignored PASS
OMDB_CASE physics US5.reject_exit.closed.6 PASS
OMDB_CASE physics US5.reject_exit.outside.6 PASS
OMDB_CASE physics US5.reject_exit.dead.6 PASS
OMDB_CASE physics US5.reject_exit.simultaneous_death.6 PASS
OMDB_CASE physics US5.reject_exit.retired.6 PASS
OMDB_CASE physics US5.reject_exit.reverse.6 PASS
OMDB_CASE physics US5.reject_exit.closes_before_commit.6 PASS
OMDB_CASE physics US5.exit_requires_crossing_evidence PASS
OMDB_CASE physics US5.entry_side_does_not_complete.7 PASS
OMDB_CASE physics US5.real_open_crossing_once PASS
OMDB_CASE physics EC13.duplicate_crossing_ignored PASS
OMDB_CASE physics US5.reject_exit.closed.7 PASS
OMDB_CASE physics US5.reject_exit.outside.7 PASS
OMDB_CASE physics US5.reject_exit.dead.7 PASS
OMDB_CASE physics US5.reject_exit.simultaneous_death.7 PASS
OMDB_CASE physics US5.reject_exit.retired.7 PASS
OMDB_CASE physics US5.reject_exit.reverse.7 PASS
OMDB_CASE physics US5.reject_exit.closes_before_commit.7 PASS
OMDB_CASE physics US5.exit_requires_crossing_evidence PASS
OMDB_CASE physics US5.entry_side_does_not_complete.8 PASS
OMDB_CASE physics US5.real_open_crossing_once PASS
OMDB_CASE physics EC13.duplicate_crossing_ignored PASS
OMDB_CASE physics US5.reject_exit.closed.8 PASS
OMDB_CASE physics US5.reject_exit.outside.8 PASS
OMDB_CASE physics US5.reject_exit.dead.8 PASS
OMDB_CASE physics US5.reject_exit.simultaneous_death.8 PASS
OMDB_CASE physics US5.reject_exit.retired.8 PASS
OMDB_CASE physics US5.reject_exit.reverse.8 PASS
OMDB_CASE physics US5.reject_exit.closes_before_commit.8 PASS
OMDB_CASE physics US5.exit_requires_crossing_evidence PASS
OMDB_CASE physics US5.entry_side_does_not_complete.9 PASS
OMDB_CASE physics US5.real_open_crossing_once PASS
OMDB_CASE physics EC13.duplicate_crossing_ignored PASS
OMDB_CASE physics US5.reject_exit.closed.9 PASS
OMDB_CASE physics US5.reject_exit.outside.9 PASS
OMDB_CASE physics US5.reject_exit.dead.9 PASS
OMDB_CASE physics US5.reject_exit.simultaneous_death.9 PASS
OMDB_CASE physics US5.reject_exit.retired.9 PASS
OMDB_CASE physics US5.reject_exit.reverse.9 PASS
OMDB_CASE physics US5.reject_exit.closes_before_commit.9 PASS
OMDB_CASE physics FR014.held_oldest_visible PASS
OMDB_CASE physics US3.physical_fifo.held.0 PASS
OMDB_CASE physics US3.fifo_clears_carry PASS
OMDB_CASE physics FR015.cosmetic_eviction_only PASS
OMDB_CASE physics US3.physical_fifo.support.0 PASS
OMDB_CASE physics US3.fifo_clears_carry PASS
OMDB_CASE physics FR015.cosmetic_eviction_only PASS
OMDB_CASE physics EC06.fifo_stack_settles PASS
OMDB_CASE physics EC07.plate_before_eviction PASS
OMDB_CASE physics US3.physical_fifo.plate.0 PASS
OMDB_CASE physics US3.fifo_clears_carry PASS
OMDB_CASE physics FR015.cosmetic_eviction_only PASS
OMDB_CASE physics EC07.fifo_plate_immediate PASS
OMDB_CASE physics EC14.saw_before_eviction PASS
OMDB_CASE physics US3.physical_fifo.saw.0 PASS
OMDB_CASE physics US3.fifo_clears_carry PASS
OMDB_CASE physics FR015.cosmetic_eviction_only PASS
OMDB_CASE physics EC14.fifo_saw_immediate PASS
OMDB_CASE physics FR014.held_oldest_visible PASS
OMDB_CASE physics US3.physical_fifo.held.1 PASS
OMDB_CASE physics US3.fifo_clears_carry PASS
OMDB_CASE physics FR015.cosmetic_eviction_only PASS
OMDB_CASE physics US3.physical_fifo.support.1 PASS
OMDB_CASE physics US3.fifo_clears_carry PASS
OMDB_CASE physics FR015.cosmetic_eviction_only PASS
OMDB_CASE physics EC06.fifo_stack_settles PASS
OMDB_CASE physics EC07.plate_before_eviction PASS
OMDB_CASE physics US3.physical_fifo.plate.1 PASS
OMDB_CASE physics US3.fifo_clears_carry PASS
OMDB_CASE physics FR015.cosmetic_eviction_only PASS
OMDB_CASE physics EC07.fifo_plate_immediate PASS
OMDB_CASE physics EC14.saw_before_eviction PASS
OMDB_CASE physics US3.physical_fifo.saw.1 PASS
OMDB_CASE physics US3.fifo_clears_carry PASS
OMDB_CASE physics FR015.cosmetic_eviction_only PASS
OMDB_CASE physics EC14.fifo_saw_immediate PASS
OMDB_CASE physics FR014.held_oldest_visible PASS
OMDB_CASE physics US3.physical_fifo.held.2 PASS
OMDB_CASE physics US3.fifo_clears_carry PASS
OMDB_CASE physics FR015.cosmetic_eviction_only PASS
OMDB_CASE physics US3.physical_fifo.support.2 PASS
OMDB_CASE physics US3.fifo_clears_carry PASS
OMDB_CASE physics FR015.cosmetic_eviction_only PASS
OMDB_CASE physics EC06.fifo_stack_settles PASS
OMDB_CASE physics EC07.plate_before_eviction PASS
OMDB_CASE physics US3.physical_fifo.plate.2 PASS
OMDB_CASE physics US3.fifo_clears_carry PASS
OMDB_CASE physics FR015.cosmetic_eviction_only PASS
OMDB_CASE physics EC07.fifo_plate_immediate PASS
OMDB_CASE physics EC14.saw_before_eviction PASS
OMDB_CASE physics US3.physical_fifo.saw.2 PASS
OMDB_CASE physics US3.fifo_clears_carry PASS
OMDB_CASE physics FR015.cosmetic_eviction_only PASS
OMDB_CASE physics EC14.fifo_saw_immediate PASS
OMDB_CASE physics FR014.held_oldest_visible PASS
OMDB_CASE physics US3.physical_fifo.held.3 PASS
OMDB_CASE physics US3.fifo_clears_carry PASS
OMDB_CASE physics FR015.cosmetic_eviction_only PASS
OMDB_CASE physics US3.physical_fifo.support.3 PASS
OMDB_CASE physics US3.fifo_clears_carry PASS
OMDB_CASE physics FR015.cosmetic_eviction_only PASS
OMDB_CASE physics EC06.fifo_stack_settles PASS
OMDB_CASE physics EC07.plate_before_eviction PASS
OMDB_CASE physics US3.physical_fifo.plate.3 PASS
OMDB_CASE physics US3.fifo_clears_carry PASS
OMDB_CASE physics FR015.cosmetic_eviction_only PASS
OMDB_CASE physics EC07.fifo_plate_immediate PASS
OMDB_CASE physics EC14.saw_before_eviction PASS
OMDB_CASE physics US3.physical_fifo.saw.3 PASS
OMDB_CASE physics US3.fifo_clears_carry PASS
OMDB_CASE physics FR015.cosmetic_eviction_only PASS
OMDB_CASE physics EC14.fifo_saw_immediate PASS
OMDB_CASE physics FR014.held_oldest_visible PASS
OMDB_CASE physics US3.physical_fifo.held.4 PASS
OMDB_CASE physics US3.fifo_clears_carry PASS
OMDB_CASE physics FR015.cosmetic_eviction_only PASS
OMDB_CASE physics US3.physical_fifo.support.4 PASS
OMDB_CASE physics US3.fifo_clears_carry PASS
OMDB_CASE physics FR015.cosmetic_eviction_only PASS
OMDB_CASE physics EC06.fifo_stack_settles PASS
OMDB_CASE physics EC07.plate_before_eviction PASS
OMDB_CASE physics US3.physical_fifo.plate.4 PASS
OMDB_CASE physics US3.fifo_clears_carry PASS
OMDB_CASE physics FR015.cosmetic_eviction_only PASS
OMDB_CASE physics EC07.fifo_plate_immediate PASS
OMDB_CASE physics EC14.saw_before_eviction PASS
OMDB_CASE physics US3.physical_fifo.saw.4 PASS
OMDB_CASE physics US3.fifo_clears_carry PASS
OMDB_CASE physics FR015.cosmetic_eviction_only PASS
OMDB_CASE physics EC14.fifo_saw_immediate PASS
OMDB_CASE physics FR014.held_oldest_visible PASS
OMDB_CASE physics US3.physical_fifo.held.5 PASS
OMDB_CASE physics US3.fifo_clears_carry PASS
OMDB_CASE physics FR015.cosmetic_eviction_only PASS
OMDB_CASE physics US3.physical_fifo.support.5 PASS
OMDB_CASE physics US3.fifo_clears_carry PASS
OMDB_CASE physics FR015.cosmetic_eviction_only PASS
OMDB_CASE physics EC06.fifo_stack_settles PASS
OMDB_CASE physics EC07.plate_before_eviction PASS
OMDB_CASE physics US3.physical_fifo.plate.5 PASS
OMDB_CASE physics US3.fifo_clears_carry PASS
OMDB_CASE physics FR015.cosmetic_eviction_only PASS
OMDB_CASE physics EC07.fifo_plate_immediate PASS
OMDB_CASE physics EC14.saw_before_eviction PASS
OMDB_CASE physics US3.physical_fifo.saw.5 PASS
OMDB_CASE physics US3.fifo_clears_carry PASS
OMDB_CASE physics FR015.cosmetic_eviction_only PASS
OMDB_CASE physics EC14.fifo_saw_immediate PASS
OMDB_CASE physics FR014.held_oldest_visible PASS
OMDB_CASE physics US3.physical_fifo.held.6 PASS
OMDB_CASE physics US3.fifo_clears_carry PASS
OMDB_CASE physics FR015.cosmetic_eviction_only PASS
OMDB_CASE physics US3.physical_fifo.support.6 PASS
OMDB_CASE physics US3.fifo_clears_carry PASS
OMDB_CASE physics FR015.cosmetic_eviction_only PASS
OMDB_CASE physics EC06.fifo_stack_settles PASS
OMDB_CASE physics EC07.plate_before_eviction PASS
OMDB_CASE physics US3.physical_fifo.plate.6 PASS
OMDB_CASE physics US3.fifo_clears_carry PASS
OMDB_CASE physics FR015.cosmetic_eviction_only PASS
OMDB_CASE physics EC07.fifo_plate_immediate PASS
OMDB_CASE physics EC14.saw_before_eviction PASS
OMDB_CASE physics US3.physical_fifo.saw.6 PASS
OMDB_CASE physics US3.fifo_clears_carry PASS
OMDB_CASE physics FR015.cosmetic_eviction_only PASS
OMDB_CASE physics EC14.fifo_saw_immediate PASS
OMDB_CASE physics FR014.held_oldest_visible PASS
OMDB_CASE physics US3.physical_fifo.held.7 PASS
OMDB_CASE physics US3.fifo_clears_carry PASS
OMDB_CASE physics FR015.cosmetic_eviction_only PASS
OMDB_CASE physics US3.physical_fifo.support.7 PASS
OMDB_CASE physics US3.fifo_clears_carry PASS
OMDB_CASE physics FR015.cosmetic_eviction_only PASS
OMDB_CASE physics EC06.fifo_stack_settles PASS
OMDB_CASE physics EC07.plate_before_eviction PASS
OMDB_CASE physics US3.physical_fifo.plate.7 PASS
OMDB_CASE physics US3.fifo_clears_carry PASS
OMDB_CASE physics FR015.cosmetic_eviction_only PASS
OMDB_CASE physics EC07.fifo_plate_immediate PASS
OMDB_CASE physics EC14.saw_before_eviction PASS
OMDB_CASE physics US3.physical_fifo.saw.7 PASS
OMDB_CASE physics US3.fifo_clears_carry PASS
OMDB_CASE physics FR015.cosmetic_eviction_only PASS
OMDB_CASE physics EC14.fifo_saw_immediate PASS
OMDB_CASE physics FR014.held_oldest_visible PASS
OMDB_CASE physics US3.physical_fifo.held.8 PASS
OMDB_CASE physics US3.fifo_clears_carry PASS
OMDB_CASE physics FR015.cosmetic_eviction_only PASS
OMDB_CASE physics US3.physical_fifo.support.8 PASS
OMDB_CASE physics US3.fifo_clears_carry PASS
OMDB_CASE physics FR015.cosmetic_eviction_only PASS
OMDB_CASE physics EC06.fifo_stack_settles PASS
OMDB_CASE physics EC07.plate_before_eviction PASS
OMDB_CASE physics US3.physical_fifo.plate.8 PASS
OMDB_CASE physics US3.fifo_clears_carry PASS
OMDB_CASE physics FR015.cosmetic_eviction_only PASS
OMDB_CASE physics EC07.fifo_plate_immediate PASS
OMDB_CASE physics EC14.saw_before_eviction PASS
OMDB_CASE physics US3.physical_fifo.saw.8 PASS
OMDB_CASE physics US3.fifo_clears_carry PASS
OMDB_CASE physics FR015.cosmetic_eviction_only PASS
OMDB_CASE physics EC14.fifo_saw_immediate PASS
OMDB_CASE physics FR014.held_oldest_visible PASS
OMDB_CASE physics US3.physical_fifo.held.9 PASS
OMDB_CASE physics US3.fifo_clears_carry PASS
OMDB_CASE physics FR015.cosmetic_eviction_only PASS
OMDB_CASE physics US3.physical_fifo.support.9 PASS
OMDB_CASE physics US3.fifo_clears_carry PASS
OMDB_CASE physics FR015.cosmetic_eviction_only PASS
OMDB_CASE physics EC06.fifo_stack_settles PASS
OMDB_CASE physics EC07.plate_before_eviction PASS
OMDB_CASE physics US3.physical_fifo.plate.9 PASS
OMDB_CASE physics US3.fifo_clears_carry PASS
OMDB_CASE physics FR015.cosmetic_eviction_only PASS
OMDB_CASE physics EC07.fifo_plate_immediate PASS
OMDB_CASE physics EC14.saw_before_eviction PASS
OMDB_CASE physics US3.physical_fifo.saw.9 PASS
OMDB_CASE physics US3.fifo_clears_carry PASS
OMDB_CASE physics FR015.cosmetic_eviction_only PASS
OMDB_CASE physics EC14.fifo_saw_immediate PASS
OMDB_CASE physics foundation.fixed_camera PASS
OMDB_CASE physics foundation.real_physics_floor_support PASS
OMDB_CASE physics foundation.settled PASS
OMDB_CASE physics foundation.retired_commands PASS
OMDB_CASE physics EC13.retired_hazard_cannot_kill_new_subject PASS
OMDB_CASE physics EC13.retired_saw_cannot_kill_new_subject PASS
OMDB_CASE physics EC13.retired_hazard_cannot_kill_new_subject PASS
OMDB_CASE physics EC13.retired_saw_cannot_kill_new_subject PASS
OMDB_CASE physics EC13.retired_hazard_cannot_kill_new_subject PASS
OMDB_CASE physics EC13.retired_saw_cannot_kill_new_subject PASS
OMDB_CASE physics EC13.retired_hazard_cannot_kill_new_subject PASS
OMDB_CASE physics EC13.retired_saw_cannot_kill_new_subject PASS
OMDB_CASE physics EC13.retired_hazard_cannot_kill_new_subject PASS
OMDB_CASE physics EC13.retired_saw_cannot_kill_new_subject PASS
OMDB_CASE physics EC13.retired_hazard_cannot_kill_new_subject PASS
OMDB_CASE physics EC13.retired_saw_cannot_kill_new_subject PASS
OMDB_CASE physics EC13.retired_hazard_cannot_kill_new_subject PASS
OMDB_CASE physics EC13.retired_saw_cannot_kill_new_subject PASS
OMDB_CASE physics EC13.retired_hazard_cannot_kill_new_subject PASS
OMDB_CASE physics EC13.retired_saw_cannot_kill_new_subject PASS
OMDB_CASE physics EC13.retired_hazard_cannot_kill_new_subject PASS
OMDB_CASE physics EC13.retired_saw_cannot_kill_new_subject PASS
OMDB_CASE physics EC13.retired_hazard_cannot_kill_new_subject PASS
OMDB_CASE physics EC13.retired_saw_cannot_kill_new_subject PASS
OMDB_CASE physics US3.jam_without_timeout.0 PASS
OMDB_CASE physics EC14.pickup_one_still_jammed PASS
OMDB_CASE physics US3.stopped_saw_safe_route PASS
OMDB_CASE physics US3.no_solid_stopped_rotor PASS
OMDB_CASE physics EC14.reactivation_existing_player_contact PASS
OMDB_CASE physics US3.saw_single_death_respawn PASS
OMDB_CASE physics US3.saw_corpse_immunity PASS
OMDB_CASE physics US3.jam_without_timeout.1 PASS
OMDB_CASE physics EC14.pickup_one_still_jammed PASS
OMDB_CASE physics US3.stopped_saw_safe_route PASS
OMDB_CASE physics US3.no_solid_stopped_rotor PASS
OMDB_CASE physics EC14.reactivation_existing_player_contact PASS
OMDB_CASE physics US3.saw_single_death_respawn PASS
OMDB_CASE physics US3.saw_corpse_immunity PASS
OMDB_CASE physics US3.jam_without_timeout.2 PASS
OMDB_CASE physics EC14.pickup_one_still_jammed PASS
OMDB_CASE physics US3.stopped_saw_safe_route PASS
OMDB_CASE physics US3.no_solid_stopped_rotor PASS
OMDB_CASE physics EC14.reactivation_existing_player_contact PASS
OMDB_CASE physics US3.saw_single_death_respawn PASS
OMDB_CASE physics US3.saw_corpse_immunity PASS
OMDB_CASE physics US3.jam_without_timeout.3 PASS
OMDB_CASE physics EC14.pickup_one_still_jammed PASS
OMDB_CASE physics US3.stopped_saw_safe_route PASS
OMDB_CASE physics US3.no_solid_stopped_rotor PASS
OMDB_CASE physics EC14.reactivation_existing_player_contact PASS
OMDB_CASE physics US3.saw_single_death_respawn PASS
OMDB_CASE physics US3.saw_corpse_immunity PASS
OMDB_CASE physics US3.jam_without_timeout.4 PASS
OMDB_CASE physics EC14.pickup_one_still_jammed PASS
OMDB_CASE physics US3.stopped_saw_safe_route PASS
OMDB_CASE physics US3.no_solid_stopped_rotor PASS
OMDB_CASE physics EC14.reactivation_existing_player_contact PASS
OMDB_CASE physics US3.saw_single_death_respawn PASS
OMDB_CASE physics US3.saw_corpse_immunity PASS
OMDB_CASE physics US3.jam_without_timeout.5 PASS
OMDB_CASE physics EC14.pickup_one_still_jammed PASS
OMDB_CASE physics US3.stopped_saw_safe_route PASS
OMDB_CASE physics US3.no_solid_stopped_rotor PASS
OMDB_CASE physics EC14.reactivation_existing_player_contact PASS
OMDB_CASE physics US3.saw_single_death_respawn PASS
OMDB_CASE physics US3.saw_corpse_immunity PASS
OMDB_CASE physics US3.jam_without_timeout.6 PASS
OMDB_CASE physics EC14.pickup_one_still_jammed PASS
OMDB_CASE physics US3.stopped_saw_safe_route PASS
OMDB_CASE physics US3.no_solid_stopped_rotor PASS
OMDB_CASE physics EC14.reactivation_existing_player_contact PASS
OMDB_CASE physics US3.saw_single_death_respawn PASS
OMDB_CASE physics US3.saw_corpse_immunity PASS
OMDB_CASE physics US3.jam_without_timeout.7 PASS
OMDB_CASE physics EC14.pickup_one_still_jammed PASS
OMDB_CASE physics US3.stopped_saw_safe_route PASS
OMDB_CASE physics US3.no_solid_stopped_rotor PASS
OMDB_CASE physics EC14.reactivation_existing_player_contact PASS
OMDB_CASE physics US3.saw_single_death_respawn PASS
OMDB_CASE physics US3.saw_corpse_immunity PASS
OMDB_CASE physics US3.jam_without_timeout.8 PASS
OMDB_CASE physics EC14.pickup_one_still_jammed PASS
OMDB_CASE physics US3.stopped_saw_safe_route PASS
OMDB_CASE physics US3.no_solid_stopped_rotor PASS
OMDB_CASE physics EC14.reactivation_existing_player_contact PASS
OMDB_CASE physics US3.saw_single_death_respawn PASS
OMDB_CASE physics US3.saw_corpse_immunity PASS
OMDB_CASE physics US3.jam_without_timeout.9 PASS
OMDB_CASE physics EC14.pickup_one_still_jammed PASS
OMDB_CASE physics US3.stopped_saw_safe_route PASS
OMDB_CASE physics US3.no_solid_stopped_rotor PASS
OMDB_CASE physics EC14.reactivation_existing_player_contact PASS
OMDB_CASE physics US3.saw_single_death_respawn PASS
OMDB_CASE physics US3.saw_corpse_immunity PASS
OMDB_CASE physics JUMP01.airborne_footprint.0.0 PASS
OMDB_CASE physics JUMP01.footprint_tracks_ground_under_feet PASS
OMDB_CASE physics JUMP01.release_brakes_within_18cm PASS
OMDB_JUMP_AIM view=0 release_drift_m=0.13333332538605
OMDB_CASE physics JUMP01.landing_hides_ring_retains_shadow PASS
OMDB_CASE physics JUMP01.airborne_direction_correction PASS
OMDB_CASE physics JUMP01.preserves_jump_power_and_top_speed PASS
OMDB_CASE physics JUMP01.footprint_on_corpse_top PASS
OMDB_CASE physics JUMP01.footprint_ignores_non_supporting_body PASS
OMDB_CASE physics JUMP01.airborne_footprint.0.1 PASS
OMDB_CASE physics JUMP01.footprint_tracks_ground_under_feet PASS
OMDB_CASE physics JUMP01.release_brakes_within_18cm PASS
OMDB_JUMP_AIM view=1 release_drift_m=0.13333332538605
OMDB_CASE physics JUMP01.landing_hides_ring_retains_shadow PASS
OMDB_CASE physics JUMP01.airborne_direction_correction PASS
OMDB_CASE physics JUMP01.preserves_jump_power_and_top_speed PASS
OMDB_CASE physics JUMP01.footprint_on_corpse_top PASS
OMDB_CASE physics JUMP01.footprint_ignores_non_supporting_body PASS
OMDB_CASE physics JUMP01.airborne_footprint.0.2 PASS
OMDB_CASE physics JUMP01.footprint_tracks_ground_under_feet PASS
OMDB_CASE physics JUMP01.release_brakes_within_18cm PASS
OMDB_JUMP_AIM view=2 release_drift_m=0.13333348929882
OMDB_CASE physics JUMP01.landing_hides_ring_retains_shadow PASS
OMDB_CASE physics JUMP01.airborne_direction_correction PASS
OMDB_CASE physics JUMP01.preserves_jump_power_and_top_speed PASS
OMDB_CASE physics JUMP01.footprint_on_corpse_top PASS
OMDB_CASE physics JUMP01.footprint_ignores_non_supporting_body PASS
OMDB_CASE physics JUMP01.airborne_footprint.0.3 PASS
OMDB_CASE physics JUMP01.footprint_tracks_ground_under_feet PASS
OMDB_CASE physics JUMP01.release_brakes_within_18cm PASS
OMDB_JUMP_AIM view=3 release_drift_m=0.13333348929882
OMDB_CASE physics JUMP01.landing_hides_ring_retains_shadow PASS
OMDB_CASE physics JUMP01.airborne_direction_correction PASS
OMDB_CASE physics JUMP01.preserves_jump_power_and_top_speed PASS
OMDB_CASE physics JUMP01.footprint_on_corpse_top PASS
OMDB_CASE physics JUMP01.footprint_ignores_non_supporting_body PASS
OMDB_CASE physics JUMP01.airborne_footprint.1.0 PASS
OMDB_CASE physics JUMP01.footprint_tracks_ground_under_feet PASS
OMDB_CASE physics JUMP01.release_brakes_within_18cm PASS
OMDB_CASE physics JUMP01.landing_hides_ring_retains_shadow PASS
OMDB_CASE physics JUMP01.airborne_direction_correction PASS
OMDB_CASE physics JUMP01.preserves_jump_power_and_top_speed PASS
OMDB_CASE physics JUMP01.footprint_on_corpse_top PASS
OMDB_CASE physics JUMP01.footprint_ignores_non_supporting_body PASS
OMDB_CASE physics JUMP01.airborne_footprint.1.1 PASS
OMDB_CASE physics JUMP01.footprint_tracks_ground_under_feet PASS
OMDB_CASE physics JUMP01.release_brakes_within_18cm PASS
OMDB_CASE physics JUMP01.landing_hides_ring_retains_shadow PASS
OMDB_CASE physics JUMP01.airborne_direction_correction PASS
OMDB_CASE physics JUMP01.preserves_jump_power_and_top_speed PASS
OMDB_CASE physics JUMP01.footprint_on_corpse_top PASS
OMDB_CASE physics JUMP01.footprint_ignores_non_supporting_body PASS
OMDB_CASE physics JUMP01.airborne_footprint.1.2 PASS
OMDB_CASE physics JUMP01.footprint_tracks_ground_under_feet PASS
OMDB_CASE physics JUMP01.release_brakes_within_18cm PASS
OMDB_CASE physics JUMP01.landing_hides_ring_retains_shadow PASS
OMDB_CASE physics JUMP01.airborne_direction_correction PASS
OMDB_CASE physics JUMP01.preserves_jump_power_and_top_speed PASS
OMDB_CASE physics JUMP01.footprint_on_corpse_top PASS
OMDB_CASE physics JUMP01.footprint_ignores_non_supporting_body PASS
OMDB_CASE physics JUMP01.airborne_footprint.1.3 PASS
OMDB_CASE physics JUMP01.footprint_tracks_ground_under_feet PASS
OMDB_CASE physics JUMP01.release_brakes_within_18cm PASS
OMDB_CASE physics JUMP01.landing_hides_ring_retains_shadow PASS
OMDB_CASE physics JUMP01.airborne_direction_correction PASS
OMDB_CASE physics JUMP01.preserves_jump_power_and_top_speed PASS
OMDB_CASE physics JUMP01.footprint_on_corpse_top PASS
OMDB_CASE physics JUMP01.footprint_ignores_non_supporting_body PASS
OMDB_CASE physics JUMP01.airborne_footprint.2.0 PASS
OMDB_CASE physics JUMP01.footprint_tracks_ground_under_feet PASS
OMDB_CASE physics JUMP01.release_brakes_within_18cm PASS
OMDB_CASE physics JUMP01.landing_hides_ring_retains_shadow PASS
OMDB_CASE physics JUMP01.airborne_direction_correction PASS
OMDB_CASE physics JUMP01.preserves_jump_power_and_top_speed PASS
OMDB_CASE physics JUMP01.footprint_on_corpse_top PASS
OMDB_CASE physics JUMP01.footprint_ignores_non_supporting_body PASS
OMDB_CASE physics JUMP01.airborne_footprint.2.1 PASS
OMDB_CASE physics JUMP01.footprint_tracks_ground_under_feet PASS
OMDB_CASE physics JUMP01.release_brakes_within_18cm PASS
OMDB_CASE physics JUMP01.landing_hides_ring_retains_shadow PASS
OMDB_CASE physics JUMP01.airborne_direction_correction PASS
OMDB_CASE physics JUMP01.preserves_jump_power_and_top_speed PASS
OMDB_CASE physics JUMP01.footprint_on_corpse_top PASS
OMDB_CASE physics JUMP01.footprint_ignores_non_supporting_body PASS
OMDB_CASE physics JUMP01.airborne_footprint.2.2 PASS
OMDB_CASE physics JUMP01.footprint_tracks_ground_under_feet PASS
OMDB_CASE physics JUMP01.release_brakes_within_18cm PASS
OMDB_CASE physics JUMP01.landing_hides_ring_retains_shadow PASS
OMDB_CASE physics JUMP01.airborne_direction_correction PASS
OMDB_CASE physics JUMP01.preserves_jump_power_and_top_speed PASS
OMDB_CASE physics JUMP01.footprint_on_corpse_top PASS
OMDB_CASE physics JUMP01.footprint_ignores_non_supporting_body PASS
OMDB_CASE physics JUMP01.airborne_footprint.2.3 PASS
OMDB_CASE physics JUMP01.footprint_tracks_ground_under_feet PASS
OMDB_CASE physics JUMP01.release_brakes_within_18cm PASS
OMDB_CASE physics JUMP01.landing_hides_ring_retains_shadow PASS
OMDB_CASE physics JUMP01.airborne_direction_correction PASS
OMDB_CASE physics JUMP01.preserves_jump_power_and_top_speed PASS
OMDB_CASE physics JUMP01.footprint_on_corpse_top PASS
OMDB_CASE physics JUMP01.footprint_ignores_non_supporting_body PASS
OMDB_CASE physics JUMP01.airborne_footprint.3.0 PASS
OMDB_CASE physics JUMP01.footprint_tracks_ground_under_feet PASS
OMDB_CASE physics JUMP01.release_brakes_within_18cm PASS
OMDB_CASE physics JUMP01.landing_hides_ring_retains_shadow PASS
OMDB_CASE physics JUMP01.airborne_direction_correction PASS
OMDB_CASE physics JUMP01.preserves_jump_power_and_top_speed PASS
OMDB_CASE physics JUMP01.footprint_on_corpse_top PASS
OMDB_CASE physics JUMP01.footprint_ignores_non_supporting_body PASS
OMDB_CASE physics JUMP01.airborne_footprint.3.1 PASS
OMDB_CASE physics JUMP01.footprint_tracks_ground_under_feet PASS
OMDB_CASE physics JUMP01.release_brakes_within_18cm PASS
OMDB_CASE physics JUMP01.landing_hides_ring_retains_shadow PASS
OMDB_CASE physics JUMP01.airborne_direction_correction PASS
OMDB_CASE physics JUMP01.preserves_jump_power_and_top_speed PASS
OMDB_CASE physics JUMP01.footprint_on_corpse_top PASS
OMDB_CASE physics JUMP01.footprint_ignores_non_supporting_body PASS
OMDB_CASE physics JUMP01.airborne_footprint.3.2 PASS
OMDB_CASE physics JUMP01.footprint_tracks_ground_under_feet PASS
OMDB_CASE physics JUMP01.release_brakes_within_18cm PASS
OMDB_CASE physics JUMP01.landing_hides_ring_retains_shadow PASS
OMDB_CASE physics JUMP01.airborne_direction_correction PASS
OMDB_CASE physics JUMP01.preserves_jump_power_and_top_speed PASS
OMDB_CASE physics JUMP01.footprint_on_corpse_top PASS
OMDB_CASE physics JUMP01.footprint_ignores_non_supporting_body PASS
OMDB_CASE physics JUMP01.airborne_footprint.3.3 PASS
OMDB_CASE physics JUMP01.footprint_tracks_ground_under_feet PASS
OMDB_CASE physics JUMP01.release_brakes_within_18cm PASS
OMDB_CASE physics JUMP01.landing_hides_ring_retains_shadow PASS
OMDB_CASE physics JUMP01.airborne_direction_correction PASS
OMDB_CASE physics JUMP01.preserves_jump_power_and_top_speed PASS
OMDB_CASE physics JUMP01.footprint_on_corpse_top PASS
OMDB_CASE physics JUMP01.footprint_ignores_non_supporting_body PASS
OMDB_CASE physics JUMP01.airborne_footprint.4.0 PASS
OMDB_CASE physics JUMP01.footprint_tracks_ground_under_feet PASS
OMDB_CASE physics JUMP01.release_brakes_within_18cm PASS
OMDB_CASE physics JUMP01.landing_hides_ring_retains_shadow PASS
OMDB_CASE physics JUMP01.airborne_direction_correction PASS
OMDB_CASE physics JUMP01.preserves_jump_power_and_top_speed PASS
OMDB_CASE physics JUMP01.footprint_on_corpse_top PASS
OMDB_CASE physics JUMP01.footprint_ignores_non_supporting_body PASS
OMDB_CASE physics JUMP01.airborne_footprint.4.1 PASS
OMDB_CASE physics JUMP01.footprint_tracks_ground_under_feet PASS
OMDB_CASE physics JUMP01.release_brakes_within_18cm PASS
OMDB_CASE physics JUMP01.landing_hides_ring_retains_shadow PASS
OMDB_CASE physics JUMP01.airborne_direction_correction PASS
OMDB_CASE physics JUMP01.preserves_jump_power_and_top_speed PASS
OMDB_CASE physics JUMP01.footprint_on_corpse_top PASS
OMDB_CASE physics JUMP01.footprint_ignores_non_supporting_body PASS
OMDB_CASE physics JUMP01.airborne_footprint.4.2 PASS
OMDB_CASE physics JUMP01.footprint_tracks_ground_under_feet PASS
OMDB_CASE physics JUMP01.release_brakes_within_18cm PASS
OMDB_CASE physics JUMP01.landing_hides_ring_retains_shadow PASS
OMDB_CASE physics JUMP01.airborne_direction_correction PASS
OMDB_CASE physics JUMP01.preserves_jump_power_and_top_speed PASS
OMDB_CASE physics JUMP01.footprint_on_corpse_top PASS
OMDB_CASE physics JUMP01.footprint_ignores_non_supporting_body PASS
OMDB_CASE physics JUMP01.airborne_footprint.4.3 PASS
OMDB_CASE physics JUMP01.footprint_tracks_ground_under_feet PASS
OMDB_CASE physics JUMP01.release_brakes_within_18cm PASS
OMDB_CASE physics JUMP01.landing_hides_ring_retains_shadow PASS
OMDB_CASE physics JUMP01.airborne_direction_correction PASS
OMDB_CASE physics JUMP01.preserves_jump_power_and_top_speed PASS
OMDB_CASE physics JUMP01.footprint_on_corpse_top PASS
OMDB_CASE physics JUMP01.footprint_ignores_non_supporting_body PASS
OMDB_CASE physics JUMP01.airborne_footprint.5.0 PASS
OMDB_CASE physics JUMP01.footprint_tracks_ground_under_feet PASS
OMDB_CASE physics JUMP01.release_brakes_within_18cm PASS
OMDB_CASE physics JUMP01.landing_hides_ring_retains_shadow PASS
OMDB_CASE physics JUMP01.airborne_direction_correction PASS
OMDB_CASE physics JUMP01.preserves_jump_power_and_top_speed PASS
OMDB_CASE physics JUMP01.footprint_on_corpse_top PASS
OMDB_CASE physics JUMP01.footprint_ignores_non_supporting_body PASS
OMDB_CASE physics JUMP01.airborne_footprint.5.1 PASS
OMDB_CASE physics JUMP01.footprint_tracks_ground_under_feet PASS
OMDB_CASE physics JUMP01.release_brakes_within_18cm PASS
OMDB_CASE physics JUMP01.landing_hides_ring_retains_shadow PASS
OMDB_CASE physics JUMP01.airborne_direction_correction PASS
OMDB_CASE physics JUMP01.preserves_jump_power_and_top_speed PASS
OMDB_CASE physics JUMP01.footprint_on_corpse_top PASS
OMDB_CASE physics JUMP01.footprint_ignores_non_supporting_body PASS
OMDB_CASE physics JUMP01.airborne_footprint.5.2 PASS
OMDB_CASE physics JUMP01.footprint_tracks_ground_under_feet PASS
OMDB_CASE physics JUMP01.release_brakes_within_18cm PASS
OMDB_CASE physics JUMP01.landing_hides_ring_retains_shadow PASS
OMDB_CASE physics JUMP01.airborne_direction_correction PASS
OMDB_CASE physics JUMP01.preserves_jump_power_and_top_speed PASS
OMDB_CASE physics JUMP01.footprint_on_corpse_top PASS
OMDB_CASE physics JUMP01.footprint_ignores_non_supporting_body PASS
OMDB_CASE physics JUMP01.airborne_footprint.5.3 PASS
OMDB_CASE physics JUMP01.footprint_tracks_ground_under_feet PASS
OMDB_CASE physics JUMP01.release_brakes_within_18cm PASS
OMDB_CASE physics JUMP01.landing_hides_ring_retains_shadow PASS
OMDB_CASE physics JUMP01.airborne_direction_correction PASS
OMDB_CASE physics JUMP01.preserves_jump_power_and_top_speed PASS
OMDB_CASE physics JUMP01.footprint_on_corpse_top PASS
OMDB_CASE physics JUMP01.footprint_ignores_non_supporting_body PASS
OMDB_CASE physics JUMP01.airborne_footprint.6.0 PASS
OMDB_CASE physics JUMP01.footprint_tracks_ground_under_feet PASS
OMDB_CASE physics JUMP01.release_brakes_within_18cm PASS
OMDB_CASE physics JUMP01.landing_hides_ring_retains_shadow PASS
OMDB_CASE physics JUMP01.airborne_direction_correction PASS
OMDB_CASE physics JUMP01.preserves_jump_power_and_top_speed PASS
OMDB_CASE physics JUMP01.footprint_on_corpse_top PASS
OMDB_CASE physics JUMP01.footprint_ignores_non_supporting_body PASS
OMDB_CASE physics JUMP01.airborne_footprint.6.1 PASS
OMDB_CASE physics JUMP01.footprint_tracks_ground_under_feet PASS
OMDB_CASE physics JUMP01.release_brakes_within_18cm PASS
OMDB_CASE physics JUMP01.landing_hides_ring_retains_shadow PASS
OMDB_CASE physics JUMP01.airborne_direction_correction PASS
OMDB_CASE physics JUMP01.preserves_jump_power_and_top_speed PASS
OMDB_CASE physics JUMP01.footprint_on_corpse_top PASS
OMDB_CASE physics JUMP01.footprint_ignores_non_supporting_body PASS
OMDB_CASE physics JUMP01.airborne_footprint.6.2 PASS
OMDB_CASE physics JUMP01.footprint_tracks_ground_under_feet PASS
OMDB_CASE physics JUMP01.release_brakes_within_18cm PASS
OMDB_CASE physics JUMP01.landing_hides_ring_retains_shadow PASS
OMDB_CASE physics JUMP01.airborne_direction_correction PASS
OMDB_CASE physics JUMP01.preserves_jump_power_and_top_speed PASS
OMDB_CASE physics JUMP01.footprint_on_corpse_top PASS
OMDB_CASE physics JUMP01.footprint_ignores_non_supporting_body PASS
OMDB_CASE physics JUMP01.airborne_footprint.6.3 PASS
OMDB_CASE physics JUMP01.footprint_tracks_ground_under_feet PASS
OMDB_CASE physics JUMP01.release_brakes_within_18cm PASS
OMDB_CASE physics JUMP01.landing_hides_ring_retains_shadow PASS
OMDB_CASE physics JUMP01.airborne_direction_correction PASS
OMDB_CASE physics JUMP01.preserves_jump_power_and_top_speed PASS
OMDB_CASE physics JUMP01.footprint_on_corpse_top PASS
OMDB_CASE physics JUMP01.footprint_ignores_non_supporting_body PASS
OMDB_CASE physics JUMP01.airborne_footprint.7.0 PASS
OMDB_CASE physics JUMP01.footprint_tracks_ground_under_feet PASS
OMDB_CASE physics JUMP01.release_brakes_within_18cm PASS
OMDB_CASE physics JUMP01.landing_hides_ring_retains_shadow PASS
OMDB_CASE physics JUMP01.airborne_direction_correction PASS
OMDB_CASE physics JUMP01.preserves_jump_power_and_top_speed PASS
OMDB_CASE physics JUMP01.footprint_on_corpse_top PASS
OMDB_CASE physics JUMP01.footprint_ignores_non_supporting_body PASS
OMDB_CASE physics JUMP01.airborne_footprint.7.1 PASS
OMDB_CASE physics JUMP01.footprint_tracks_ground_under_feet PASS
OMDB_CASE physics JUMP01.release_brakes_within_18cm PASS
OMDB_CASE physics JUMP01.landing_hides_ring_retains_shadow PASS
OMDB_CASE physics JUMP01.airborne_direction_correction PASS
OMDB_CASE physics JUMP01.preserves_jump_power_and_top_speed PASS
OMDB_CASE physics JUMP01.footprint_on_corpse_top PASS
OMDB_CASE physics JUMP01.footprint_ignores_non_supporting_body PASS
OMDB_CASE physics JUMP01.airborne_footprint.7.2 PASS
OMDB_CASE physics JUMP01.footprint_tracks_ground_under_feet PASS
OMDB_CASE physics JUMP01.release_brakes_within_18cm PASS
OMDB_CASE physics JUMP01.landing_hides_ring_retains_shadow PASS
OMDB_CASE physics JUMP01.airborne_direction_correction PASS
OMDB_CASE physics JUMP01.preserves_jump_power_and_top_speed PASS
OMDB_CASE physics JUMP01.footprint_on_corpse_top PASS
OMDB_CASE physics JUMP01.footprint_ignores_non_supporting_body PASS
OMDB_CASE physics JUMP01.airborne_footprint.7.3 PASS
OMDB_CASE physics JUMP01.footprint_tracks_ground_under_feet PASS
OMDB_CASE physics JUMP01.release_brakes_within_18cm PASS
OMDB_CASE physics JUMP01.landing_hides_ring_retains_shadow PASS
OMDB_CASE physics JUMP01.airborne_direction_correction PASS
OMDB_CASE physics JUMP01.preserves_jump_power_and_top_speed PASS
OMDB_CASE physics JUMP01.footprint_on_corpse_top PASS
OMDB_CASE physics JUMP01.footprint_ignores_non_supporting_body PASS
OMDB_CASE physics JUMP01.airborne_footprint.8.0 PASS
OMDB_CASE physics JUMP01.footprint_tracks_ground_under_feet PASS
OMDB_CASE physics JUMP01.release_brakes_within_18cm PASS
OMDB_CASE physics JUMP01.landing_hides_ring_retains_shadow PASS
OMDB_CASE physics JUMP01.airborne_direction_correction PASS
OMDB_CASE physics JUMP01.preserves_jump_power_and_top_speed PASS
OMDB_CASE physics JUMP01.footprint_on_corpse_top PASS
OMDB_CASE physics JUMP01.footprint_ignores_non_supporting_body PASS
OMDB_CASE physics JUMP01.airborne_footprint.8.1 PASS
OMDB_CASE physics JUMP01.footprint_tracks_ground_under_feet PASS
OMDB_CASE physics JUMP01.release_brakes_within_18cm PASS
OMDB_CASE physics JUMP01.landing_hides_ring_retains_shadow PASS
OMDB_CASE physics JUMP01.airborne_direction_correction PASS
OMDB_CASE physics JUMP01.preserves_jump_power_and_top_speed PASS
OMDB_CASE physics JUMP01.footprint_on_corpse_top PASS
OMDB_CASE physics JUMP01.footprint_ignores_non_supporting_body PASS
OMDB_CASE physics JUMP01.airborne_footprint.8.2 PASS
OMDB_CASE physics JUMP01.footprint_tracks_ground_under_feet PASS
OMDB_CASE physics JUMP01.release_brakes_within_18cm PASS
OMDB_CASE physics JUMP01.landing_hides_ring_retains_shadow PASS
OMDB_CASE physics JUMP01.airborne_direction_correction PASS
OMDB_CASE physics JUMP01.preserves_jump_power_and_top_speed PASS
OMDB_CASE physics JUMP01.footprint_on_corpse_top PASS
OMDB_CASE physics JUMP01.footprint_ignores_non_supporting_body PASS
OMDB_CASE physics JUMP01.airborne_footprint.8.3 PASS
OMDB_CASE physics JUMP01.footprint_tracks_ground_under_feet PASS
OMDB_CASE physics JUMP01.release_brakes_within_18cm PASS
OMDB_CASE physics JUMP01.landing_hides_ring_retains_shadow PASS
OMDB_CASE physics JUMP01.airborne_direction_correction PASS
OMDB_CASE physics JUMP01.preserves_jump_power_and_top_speed PASS
OMDB_CASE physics JUMP01.footprint_on_corpse_top PASS
OMDB_CASE physics JUMP01.footprint_ignores_non_supporting_body PASS
OMDB_CASE physics JUMP01.airborne_footprint.9.0 PASS
OMDB_CASE physics JUMP01.footprint_tracks_ground_under_feet PASS
OMDB_CASE physics JUMP01.release_brakes_within_18cm PASS
OMDB_CASE physics JUMP01.landing_hides_ring_retains_shadow PASS
OMDB_CASE physics JUMP01.airborne_direction_correction PASS
OMDB_CASE physics JUMP01.preserves_jump_power_and_top_speed PASS
OMDB_CASE physics JUMP01.footprint_on_corpse_top PASS
OMDB_CASE physics JUMP01.footprint_ignores_non_supporting_body PASS
OMDB_CASE physics JUMP01.airborne_footprint.9.1 PASS
OMDB_CASE physics JUMP01.footprint_tracks_ground_under_feet PASS
OMDB_CASE physics JUMP01.release_brakes_within_18cm PASS
OMDB_CASE physics JUMP01.landing_hides_ring_retains_shadow PASS
OMDB_CASE physics JUMP01.airborne_direction_correction PASS
OMDB_CASE physics JUMP01.preserves_jump_power_and_top_speed PASS
OMDB_CASE physics JUMP01.footprint_on_corpse_top PASS
OMDB_CASE physics JUMP01.footprint_ignores_non_supporting_body PASS
OMDB_CASE physics JUMP01.airborne_footprint.9.2 PASS
OMDB_CASE physics JUMP01.footprint_tracks_ground_under_feet PASS
OMDB_CASE physics JUMP01.release_brakes_within_18cm PASS
OMDB_CASE physics JUMP01.landing_hides_ring_retains_shadow PASS
OMDB_CASE physics JUMP01.airborne_direction_correction PASS
OMDB_CASE physics JUMP01.preserves_jump_power_and_top_speed PASS
OMDB_CASE physics JUMP01.footprint_on_corpse_top PASS
OMDB_CASE physics JUMP01.footprint_ignores_non_supporting_body PASS
OMDB_CASE physics JUMP01.airborne_footprint.9.3 PASS
OMDB_CASE physics JUMP01.footprint_tracks_ground_under_feet PASS
OMDB_CASE physics JUMP01.release_brakes_within_18cm PASS
OMDB_CASE physics JUMP01.landing_hides_ring_retains_shadow PASS
OMDB_CASE physics JUMP01.airborne_direction_correction PASS
OMDB_CASE physics JUMP01.preserves_jump_power_and_top_speed PASS
OMDB_CASE physics JUMP01.footprint_on_corpse_top PASS
OMDB_CASE physics JUMP01.footprint_ignores_non_supporting_body PASS
OMDB_CASE physics US5.measured_coyote_jump_bound.0.0 PASS
OMDB_JUMP_REACH trial=0 delay_frames=0 reach_m=2.77500081062317
OMDB_CASE physics US5.measured_coyote_jump_bound.0.3 PASS
OMDB_JUMP_REACH trial=0 delay_frames=3 reach_m=2.92500066757202
OMDB_CASE physics US5.measured_coyote_jump_bound.0.5 PASS
OMDB_JUMP_REACH trial=0 delay_frames=5 reach_m=3.00000071525574
OMDB_CASE physics US5.measured_coyote_jump_bound.1.0 PASS
OMDB_JUMP_REACH trial=1 delay_frames=0 reach_m=2.77500081062317
OMDB_CASE physics US5.measured_coyote_jump_bound.1.3 PASS
OMDB_JUMP_REACH trial=1 delay_frames=3 reach_m=2.92500066757202
OMDB_CASE physics US5.measured_coyote_jump_bound.1.5 PASS
OMDB_JUMP_REACH trial=1 delay_frames=5 reach_m=3.00000071525574
OMDB_CASE physics US5.measured_coyote_jump_bound.2.0 PASS
OMDB_JUMP_REACH trial=2 delay_frames=0 reach_m=2.77500081062317
OMDB_CASE physics US5.measured_coyote_jump_bound.2.3 PASS
OMDB_JUMP_REACH trial=2 delay_frames=3 reach_m=2.92500066757202
OMDB_CASE physics US5.measured_coyote_jump_bound.2.5 PASS
OMDB_JUMP_REACH trial=2 delay_frames=5 reach_m=3.00000071525574
OMDB_CASE physics US5.measured_coyote_jump_bound.3.0 PASS
OMDB_JUMP_REACH trial=3 delay_frames=0 reach_m=2.77500081062317
OMDB_CASE physics US5.measured_coyote_jump_bound.3.3 PASS
OMDB_JUMP_REACH trial=3 delay_frames=3 reach_m=2.92500066757202
OMDB_CASE physics US5.measured_coyote_jump_bound.3.5 PASS
OMDB_JUMP_REACH trial=3 delay_frames=5 reach_m=3.00000071525574
OMDB_CASE physics US5.measured_coyote_jump_bound.4.0 PASS
OMDB_JUMP_REACH trial=4 delay_frames=0 reach_m=2.77500081062317
OMDB_CASE physics US5.measured_coyote_jump_bound.4.3 PASS
OMDB_JUMP_REACH trial=4 delay_frames=3 reach_m=2.92500066757202
OMDB_CASE physics US5.measured_coyote_jump_bound.4.5 PASS
OMDB_JUMP_REACH trial=4 delay_frames=5 reach_m=3.00000071525574
OMDB_CASE physics US5.measured_coyote_jump_bound.5.0 PASS
OMDB_JUMP_REACH trial=5 delay_frames=0 reach_m=2.77500081062317
OMDB_CASE physics US5.measured_coyote_jump_bound.5.3 PASS
OMDB_JUMP_REACH trial=5 delay_frames=3 reach_m=2.92500066757202
OMDB_CASE physics US5.measured_coyote_jump_bound.5.5 PASS
OMDB_JUMP_REACH trial=5 delay_frames=5 reach_m=3.00000071525574
OMDB_CASE physics US5.measured_coyote_jump_bound.6.0 PASS
OMDB_JUMP_REACH trial=6 delay_frames=0 reach_m=2.77500081062317
OMDB_CASE physics US5.measured_coyote_jump_bound.6.3 PASS
OMDB_JUMP_REACH trial=6 delay_frames=3 reach_m=2.92500066757202
OMDB_CASE physics US5.measured_coyote_jump_bound.6.5 PASS
OMDB_JUMP_REACH trial=6 delay_frames=5 reach_m=3.00000071525574
OMDB_CASE physics US5.measured_coyote_jump_bound.7.0 PASS
OMDB_JUMP_REACH trial=7 delay_frames=0 reach_m=2.77500081062317
OMDB_CASE physics US5.measured_coyote_jump_bound.7.3 PASS
OMDB_JUMP_REACH trial=7 delay_frames=3 reach_m=2.92500066757202
OMDB_CASE physics US5.measured_coyote_jump_bound.7.5 PASS
OMDB_JUMP_REACH trial=7 delay_frames=5 reach_m=3.00000071525574
OMDB_CASE physics US5.measured_coyote_jump_bound.8.0 PASS
OMDB_JUMP_REACH trial=8 delay_frames=0 reach_m=2.77500081062317
OMDB_CASE physics US5.measured_coyote_jump_bound.8.3 PASS
OMDB_JUMP_REACH trial=8 delay_frames=3 reach_m=2.92500066757202
OMDB_CASE physics US5.measured_coyote_jump_bound.8.5 PASS
OMDB_JUMP_REACH trial=8 delay_frames=5 reach_m=3.00000071525574
OMDB_CASE physics US5.measured_coyote_jump_bound.9.0 PASS
OMDB_JUMP_REACH trial=9 delay_frames=0 reach_m=2.77500081062317
OMDB_CASE physics US5.measured_coyote_jump_bound.9.3 PASS
OMDB_JUMP_REACH trial=9 delay_frames=3 reach_m=2.92500066757202
OMDB_CASE physics US5.measured_coyote_jump_bound.9.5 PASS
OMDB_JUMP_REACH trial=9 delay_frames=5 reach_m=3.00000071525574
OMDB_JUMP_MAX_METRES 3.00000071525574
OMDB_CASE physics FR003.keyboard.projected_motion.0.0.4194319 PASS
OMDB_CASE physics FR003.keyboard.projected_axis PASS
OMDB_CASE physics FR003.keyboard.stop_on_release PASS
OMDB_CASE physics FR003.keyboard.projected_motion.0.1.4194321 PASS
OMDB_CASE physics FR003.keyboard.projected_axis PASS
OMDB_CASE physics FR003.keyboard.stop_on_release PASS
OMDB_CASE physics FR003.keyboard.projected_motion.0.2.4194320 PASS
OMDB_CASE physics FR003.keyboard.projected_axis PASS
OMDB_CASE physics FR003.keyboard.stop_on_release PASS
OMDB_CASE physics FR003.keyboard.projected_motion.0.3.4194322 PASS
OMDB_CASE physics FR003.keyboard.projected_axis PASS
OMDB_CASE physics FR003.keyboard.stop_on_release PASS
OMDB_CASE physics FR003.keyboard.projected_motion.0.0.65 PASS
OMDB_CASE physics FR003.keyboard.projected_axis PASS
OMDB_CASE physics FR003.keyboard.stop_on_release PASS
OMDB_CASE physics FR003.keyboard.projected_motion.0.1.68 PASS
OMDB_CASE physics FR003.keyboard.projected_axis PASS
OMDB_CASE physics FR003.keyboard.stop_on_release PASS
OMDB_CASE physics FR003.keyboard.projected_motion.0.2.87 PASS
OMDB_CASE physics FR003.keyboard.projected_axis PASS
OMDB_CASE physics FR003.keyboard.stop_on_release PASS
OMDB_CASE physics FR003.keyboard.projected_motion.0.3.83 PASS
OMDB_CASE physics FR003.keyboard.projected_axis PASS
OMDB_CASE physics FR003.keyboard.stop_on_release PASS
OMDB_CASE physics FR003.keyboard.projected_motion.1.0.4194319 PASS
OMDB_CASE physics FR003.keyboard.projected_axis PASS
OMDB_CASE physics FR003.keyboard.stop_on_release PASS
OMDB_CASE physics FR003.keyboard.projected_motion.1.1.4194321 PASS
OMDB_CASE physics FR003.keyboard.projected_axis PASS
OMDB_CASE physics FR003.keyboard.stop_on_release PASS
OMDB_CASE physics FR003.keyboard.projected_motion.1.2.4194320 PASS
OMDB_CASE physics FR003.keyboard.projected_axis PASS
OMDB_CASE physics FR003.keyboard.stop_on_release PASS
OMDB_CASE physics FR003.keyboard.projected_motion.1.3.4194322 PASS
OMDB_CASE physics FR003.keyboard.projected_axis PASS
OMDB_CASE physics FR003.keyboard.stop_on_release PASS
OMDB_CASE physics FR003.keyboard.projected_motion.1.0.65 PASS
OMDB_CASE physics FR003.keyboard.projected_axis PASS
OMDB_CASE physics FR003.keyboard.stop_on_release PASS
OMDB_CASE physics FR003.keyboard.projected_motion.1.1.68 PASS
OMDB_CASE physics FR003.keyboard.projected_axis PASS
OMDB_CASE physics FR003.keyboard.stop_on_release PASS
OMDB_CASE physics FR003.keyboard.projected_motion.1.2.87 PASS
OMDB_CASE physics FR003.keyboard.projected_axis PASS
OMDB_CASE physics FR003.keyboard.stop_on_release PASS
OMDB_CASE physics FR003.keyboard.projected_motion.1.3.83 PASS
OMDB_CASE physics FR003.keyboard.projected_axis PASS
OMDB_CASE physics FR003.keyboard.stop_on_release PASS
OMDB_CASE physics FR003.keyboard.projected_motion.2.0.4194319 PASS
OMDB_CASE physics FR003.keyboard.projected_axis PASS
OMDB_CASE physics FR003.keyboard.stop_on_release PASS
OMDB_CASE physics FR003.keyboard.projected_motion.2.1.4194321 PASS
OMDB_CASE physics FR003.keyboard.projected_axis PASS
OMDB_CASE physics FR003.keyboard.stop_on_release PASS
OMDB_CASE physics FR003.keyboard.projected_motion.2.2.4194320 PASS
OMDB_CASE physics FR003.keyboard.projected_axis PASS
OMDB_CASE physics FR003.keyboard.stop_on_release PASS
OMDB_CASE physics FR003.keyboard.projected_motion.2.3.4194322 PASS
OMDB_CASE physics FR003.keyboard.projected_axis PASS
OMDB_CASE physics FR003.keyboard.stop_on_release PASS
OMDB_CASE physics FR003.keyboard.projected_motion.2.0.65 PASS
OMDB_CASE physics FR003.keyboard.projected_axis PASS
OMDB_CASE physics FR003.keyboard.stop_on_release PASS
OMDB_CASE physics FR003.keyboard.projected_motion.2.1.68 PASS
OMDB_CASE physics FR003.keyboard.projected_axis PASS
OMDB_CASE physics FR003.keyboard.stop_on_release PASS
OMDB_CASE physics FR003.keyboard.projected_motion.2.2.87 PASS
OMDB_CASE physics FR003.keyboard.projected_axis PASS
OMDB_CASE physics FR003.keyboard.stop_on_release PASS
OMDB_CASE physics FR003.keyboard.projected_motion.2.3.83 PASS
OMDB_CASE physics FR003.keyboard.projected_axis PASS
OMDB_CASE physics FR003.keyboard.stop_on_release PASS
OMDB_CASE physics FR003.keyboard.projected_motion.3.0.4194319 PASS
OMDB_CASE physics FR003.keyboard.projected_axis PASS
OMDB_CASE physics FR003.keyboard.stop_on_release PASS
OMDB_CASE physics FR003.keyboard.projected_motion.3.1.4194321 PASS
OMDB_CASE physics FR003.keyboard.projected_axis PASS
OMDB_CASE physics FR003.keyboard.stop_on_release PASS
OMDB_CASE physics FR003.keyboard.projected_motion.3.2.4194320 PASS
OMDB_CASE physics FR003.keyboard.projected_axis PASS
OMDB_CASE physics FR003.keyboard.stop_on_release PASS
OMDB_CASE physics FR003.keyboard.projected_motion.3.3.4194322 PASS
OMDB_CASE physics FR003.keyboard.projected_axis PASS
OMDB_CASE physics FR003.keyboard.stop_on_release PASS
OMDB_CASE physics FR003.keyboard.projected_motion.3.0.65 PASS
OMDB_CASE physics FR003.keyboard.projected_axis PASS
OMDB_CASE physics FR003.keyboard.stop_on_release PASS
OMDB_CASE physics FR003.keyboard.projected_motion.3.1.68 PASS
OMDB_CASE physics FR003.keyboard.projected_axis PASS
OMDB_CASE physics FR003.keyboard.stop_on_release PASS
OMDB_CASE physics FR003.keyboard.projected_motion.3.2.87 PASS
OMDB_CASE physics FR003.keyboard.projected_axis PASS
OMDB_CASE physics FR003.keyboard.stop_on_release PASS
OMDB_CASE physics FR003.keyboard.projected_motion.3.3.83 PASS
OMDB_CASE physics FR003.keyboard.projected_axis PASS
OMDB_CASE physics FR003.keyboard.stop_on_release PASS
OMDB_CASE physics FR003.keyboard.projected_motion.4.0.4194319 PASS
OMDB_CASE physics FR003.keyboard.projected_axis PASS
OMDB_CASE physics FR003.keyboard.stop_on_release PASS
OMDB_CASE physics FR003.keyboard.projected_motion.4.1.4194321 PASS
OMDB_CASE physics FR003.keyboard.projected_axis PASS
OMDB_CASE physics FR003.keyboard.stop_on_release PASS
OMDB_CASE physics FR003.keyboard.projected_motion.4.2.4194320 PASS
OMDB_CASE physics FR003.keyboard.projected_axis PASS
OMDB_CASE physics FR003.keyboard.stop_on_release PASS
OMDB_CASE physics FR003.keyboard.projected_motion.4.3.4194322 PASS
OMDB_CASE physics FR003.keyboard.projected_axis PASS
OMDB_CASE physics FR003.keyboard.stop_on_release PASS
OMDB_CASE physics FR003.keyboard.projected_motion.4.0.65 PASS
OMDB_CASE physics FR003.keyboard.projected_axis PASS
OMDB_CASE physics FR003.keyboard.stop_on_release PASS
OMDB_CASE physics FR003.keyboard.projected_motion.4.1.68 PASS
OMDB_CASE physics FR003.keyboard.projected_axis PASS
OMDB_CASE physics FR003.keyboard.stop_on_release PASS
OMDB_CASE physics FR003.keyboard.projected_motion.4.2.87 PASS
OMDB_CASE physics FR003.keyboard.projected_axis PASS
OMDB_CASE physics FR003.keyboard.stop_on_release PASS
OMDB_CASE physics FR003.keyboard.projected_motion.4.3.83 PASS
OMDB_CASE physics FR003.keyboard.projected_axis PASS
OMDB_CASE physics FR003.keyboard.stop_on_release PASS
OMDB_CASE physics FR003.keyboard.projected_motion.5.0.4194319 PASS
OMDB_CASE physics FR003.keyboard.projected_axis PASS
OMDB_CASE physics FR003.keyboard.stop_on_release PASS
OMDB_CASE physics FR003.keyboard.projected_motion.5.1.4194321 PASS
OMDB_CASE physics FR003.keyboard.projected_axis PASS
OMDB_CASE physics FR003.keyboard.stop_on_release PASS
OMDB_CASE physics FR003.keyboard.projected_motion.5.2.4194320 PASS
OMDB_CASE physics FR003.keyboard.projected_axis PASS
OMDB_CASE physics FR003.keyboard.stop_on_release PASS
OMDB_CASE physics FR003.keyboard.projected_motion.5.3.4194322 PASS
OMDB_CASE physics FR003.keyboard.projected_axis PASS
OMDB_CASE physics FR003.keyboard.stop_on_release PASS
OMDB_CASE physics FR003.keyboard.projected_motion.5.0.65 PASS
OMDB_CASE physics FR003.keyboard.projected_axis PASS
OMDB_CASE physics FR003.keyboard.stop_on_release PASS
OMDB_CASE physics FR003.keyboard.projected_motion.5.1.68 PASS
OMDB_CASE physics FR003.keyboard.projected_axis PASS
OMDB_CASE physics FR003.keyboard.stop_on_release PASS
OMDB_CASE physics FR003.keyboard.projected_motion.5.2.87 PASS
OMDB_CASE physics FR003.keyboard.projected_axis PASS
OMDB_CASE physics FR003.keyboard.stop_on_release PASS
OMDB_CASE physics FR003.keyboard.projected_motion.5.3.83 PASS
OMDB_CASE physics FR003.keyboard.projected_axis PASS
OMDB_CASE physics FR003.keyboard.stop_on_release PASS
OMDB_CASE physics FR003.keyboard.projected_motion.6.0.4194319 PASS
OMDB_CASE physics FR003.keyboard.projected_axis PASS
OMDB_CASE physics FR003.keyboard.stop_on_release PASS
OMDB_CASE physics FR003.keyboard.projected_motion.6.1.4194321 PASS
OMDB_CASE physics FR003.keyboard.projected_axis PASS
OMDB_CASE physics FR003.keyboard.stop_on_release PASS
OMDB_CASE physics FR003.keyboard.projected_motion.6.2.4194320 PASS
OMDB_CASE physics FR003.keyboard.projected_axis PASS
OMDB_CASE physics FR003.keyboard.stop_on_release PASS
OMDB_CASE physics FR003.keyboard.projected_motion.6.3.4194322 PASS
OMDB_CASE physics FR003.keyboard.projected_axis PASS
OMDB_CASE physics FR003.keyboard.stop_on_release PASS
OMDB_CASE physics FR003.keyboard.projected_motion.6.0.65 PASS
OMDB_CASE physics FR003.keyboard.projected_axis PASS
OMDB_CASE physics FR003.keyboard.stop_on_release PASS
OMDB_CASE physics FR003.keyboard.projected_motion.6.1.68 PASS
OMDB_CASE physics FR003.keyboard.projected_axis PASS
OMDB_CASE physics FR003.keyboard.stop_on_release PASS
OMDB_CASE physics FR003.keyboard.projected_motion.6.2.87 PASS
OMDB_CASE physics FR003.keyboard.projected_axis PASS
OMDB_CASE physics FR003.keyboard.stop_on_release PASS
OMDB_CASE physics FR003.keyboard.projected_motion.6.3.83 PASS
OMDB_CASE physics FR003.keyboard.projected_axis PASS
OMDB_CASE physics FR003.keyboard.stop_on_release PASS
OMDB_CASE physics FR003.keyboard.projected_motion.7.0.4194319 PASS
OMDB_CASE physics FR003.keyboard.projected_axis PASS
OMDB_CASE physics FR003.keyboard.stop_on_release PASS
OMDB_CASE physics FR003.keyboard.projected_motion.7.1.4194321 PASS
OMDB_CASE physics FR003.keyboard.projected_axis PASS
OMDB_CASE physics FR003.keyboard.stop_on_release PASS
OMDB_CASE physics FR003.keyboard.projected_motion.7.2.4194320 PASS
OMDB_CASE physics FR003.keyboard.projected_axis PASS
OMDB_CASE physics FR003.keyboard.stop_on_release PASS
OMDB_CASE physics FR003.keyboard.projected_motion.7.3.4194322 PASS
OMDB_CASE physics FR003.keyboard.projected_axis PASS
OMDB_CASE physics FR003.keyboard.stop_on_release PASS
OMDB_CASE physics FR003.keyboard.projected_motion.7.0.65 PASS
OMDB_CASE physics FR003.keyboard.projected_axis PASS
OMDB_CASE physics FR003.keyboard.stop_on_release PASS
OMDB_CASE physics FR003.keyboard.projected_motion.7.1.68 PASS
OMDB_CASE physics FR003.keyboard.projected_axis PASS
OMDB_CASE physics FR003.keyboard.stop_on_release PASS
OMDB_CASE physics FR003.keyboard.projected_motion.7.2.87 PASS
OMDB_CASE physics FR003.keyboard.projected_axis PASS
OMDB_CASE physics FR003.keyboard.stop_on_release PASS
OMDB_CASE physics FR003.keyboard.projected_motion.7.3.83 PASS
OMDB_CASE physics FR003.keyboard.projected_axis PASS
OMDB_CASE physics FR003.keyboard.stop_on_release PASS
OMDB_CASE physics FR003.keyboard.projected_motion.8.0.4194319 PASS
OMDB_CASE physics FR003.keyboard.projected_axis PASS
OMDB_CASE physics FR003.keyboard.stop_on_release PASS
OMDB_CASE physics FR003.keyboard.projected_motion.8.1.4194321 PASS
OMDB_CASE physics FR003.keyboard.projected_axis PASS
OMDB_CASE physics FR003.keyboard.stop_on_release PASS
OMDB_CASE physics FR003.keyboard.projected_motion.8.2.4194320 PASS
OMDB_CASE physics FR003.keyboard.projected_axis PASS
OMDB_CASE physics FR003.keyboard.stop_on_release PASS
OMDB_CASE physics FR003.keyboard.projected_motion.8.3.4194322 PASS
OMDB_CASE physics FR003.keyboard.projected_axis PASS
OMDB_CASE physics FR003.keyboard.stop_on_release PASS
OMDB_CASE physics FR003.keyboard.projected_motion.8.0.65 PASS
OMDB_CASE physics FR003.keyboard.projected_axis PASS
OMDB_CASE physics FR003.keyboard.stop_on_release PASS
OMDB_CASE physics FR003.keyboard.projected_motion.8.1.68 PASS
OMDB_CASE physics FR003.keyboard.projected_axis PASS
OMDB_CASE physics FR003.keyboard.stop_on_release PASS
OMDB_CASE physics FR003.keyboard.projected_motion.8.2.87 PASS
OMDB_CASE physics FR003.keyboard.projected_axis PASS
OMDB_CASE physics FR003.keyboard.stop_on_release PASS
OMDB_CASE physics FR003.keyboard.projected_motion.8.3.83 PASS
OMDB_CASE physics FR003.keyboard.projected_axis PASS
OMDB_CASE physics FR003.keyboard.stop_on_release PASS
OMDB_CASE physics FR003.keyboard.projected_motion.9.0.4194319 PASS
OMDB_CASE physics FR003.keyboard.projected_axis PASS
OMDB_CASE physics FR003.keyboard.stop_on_release PASS
OMDB_CASE physics FR003.keyboard.projected_motion.9.1.4194321 PASS
OMDB_CASE physics FR003.keyboard.projected_axis PASS
OMDB_CASE physics FR003.keyboard.stop_on_release PASS
OMDB_CASE physics FR003.keyboard.projected_motion.9.2.4194320 PASS
OMDB_CASE physics FR003.keyboard.projected_axis PASS
OMDB_CASE physics FR003.keyboard.stop_on_release PASS
OMDB_CASE physics FR003.keyboard.projected_motion.9.3.4194322 PASS
OMDB_CASE physics FR003.keyboard.projected_axis PASS
OMDB_CASE physics FR003.keyboard.stop_on_release PASS
OMDB_CASE physics FR003.keyboard.projected_motion.9.0.65 PASS
OMDB_CASE physics FR003.keyboard.projected_axis PASS
OMDB_CASE physics FR003.keyboard.stop_on_release PASS
OMDB_CASE physics FR003.keyboard.projected_motion.9.1.68 PASS
OMDB_CASE physics FR003.keyboard.projected_axis PASS
OMDB_CASE physics FR003.keyboard.stop_on_release PASS
OMDB_CASE physics FR003.keyboard.projected_motion.9.2.87 PASS
OMDB_CASE physics FR003.keyboard.projected_axis PASS
OMDB_CASE physics FR003.keyboard.stop_on_release PASS
OMDB_CASE physics FR003.keyboard.projected_motion.9.3.83 PASS
OMDB_CASE physics FR003.keyboard.projected_axis PASS
OMDB_CASE physics FR003.keyboard.stop_on_release PASS
OMDB_CASE physics EC01.scene_first_contact PASS
OMDB_CASE physics EC01.scene_duplicate_contact PASS
OMDB_CASE physics US1.scene_immediate_ineligibility PASS
OMDB_CASE physics EC02.scene_cap PASS
OMDB_CASE physics US1.scene_dead_shape_disabled PASS
OMDB_CASE physics US1.scene_death_location PASS
OMDB_CASE physics US1.scene_safe_replacement PASS
OMDB_CASE physics US1.scene_stale_contact PASS
OMDB_CASE physics US1.scene_exactly_one_subject PASS
OMDB_CASE physics US1.scene_oldest_marker PASS
OMDB_CASE physics EC01.scene_first_contact PASS
OMDB_CASE physics EC01.scene_duplicate_contact PASS
OMDB_CASE physics US1.scene_immediate_ineligibility PASS
OMDB_CASE physics EC02.scene_cap PASS
OMDB_CASE physics US1.scene_dead_shape_disabled PASS
OMDB_CASE physics US1.scene_death_location PASS
OMDB_CASE physics US1.scene_safe_replacement PASS
OMDB_CASE physics US1.scene_stale_contact PASS
OMDB_CASE physics US1.scene_exactly_one_subject PASS
OMDB_CASE physics US1.scene_oldest_marker PASS
OMDB_CASE physics US1.scene_oldest_marker PASS
OMDB_CASE physics EC01.scene_first_contact PASS
OMDB_CASE physics EC01.scene_duplicate_contact PASS
OMDB_CASE physics US1.scene_immediate_ineligibility PASS
OMDB_CASE physics EC02.scene_cap PASS
OMDB_CASE physics US1.scene_dead_shape_disabled PASS
OMDB_CASE physics US1.scene_death_location PASS
OMDB_CASE physics US1.scene_safe_replacement PASS
OMDB_CASE physics US1.scene_stale_contact PASS
OMDB_CASE physics US1.scene_exactly_one_subject PASS
OMDB_CASE physics US1.scene_oldest_marker PASS
OMDB_CASE physics US1.scene_oldest_marker PASS
OMDB_CASE physics US1.scene_oldest_marker PASS
OMDB_CASE physics EC01.scene_first_contact PASS
OMDB_CASE physics EC01.scene_duplicate_contact PASS
OMDB_CASE physics US1.scene_immediate_ineligibility PASS
OMDB_CASE physics EC02.scene_cap PASS
OMDB_CASE physics US1.scene_dead_shape_disabled PASS
OMDB_CASE physics US1.scene_death_location PASS
OMDB_CASE physics US1.scene_safe_replacement PASS
OMDB_CASE physics US1.scene_stale_contact PASS
OMDB_CASE physics US1.scene_exactly_one_subject PASS
OMDB_CASE physics US1.scene_oldest_marker PASS
OMDB_CASE physics US1.scene_oldest_marker PASS
OMDB_CASE physics US1.scene_oldest_marker PASS
OMDB_CASE physics US1.scene_oldest_marker PASS
OMDB_CASE physics EC01.scene_first_contact PASS
OMDB_CASE physics EC01.scene_duplicate_contact PASS
OMDB_CASE physics US1.scene_immediate_ineligibility PASS
OMDB_CASE physics EC02.scene_cap PASS
OMDB_CASE physics US1.scene_dead_shape_disabled PASS
OMDB_CASE physics US1.scene_death_location PASS
OMDB_CASE physics US1.scene_safe_replacement PASS
OMDB_CASE physics US1.scene_stale_contact PASS
OMDB_CASE physics US1.scene_exactly_one_subject PASS
OMDB_CASE physics US1.scene_oldest_marker PASS
OMDB_CASE physics US1.scene_oldest_marker PASS
OMDB_CASE physics US1.scene_oldest_marker PASS
OMDB_CASE physics US1.scene_oldest_marker PASS
OMDB_CASE physics US1.scene_oldest_marker PASS
OMDB_CASE physics EC01.scene_first_contact PASS
OMDB_CASE physics EC01.scene_duplicate_contact PASS
OMDB_CASE physics US1.scene_immediate_ineligibility PASS
OMDB_CASE physics EC02.scene_cap PASS
OMDB_CASE physics US1.scene_dead_shape_disabled PASS
OMDB_CASE physics US1.scene_death_location PASS
OMDB_CASE physics US1.scene_safe_replacement PASS
OMDB_CASE physics US1.scene_stale_contact PASS
OMDB_CASE physics US1.scene_exactly_one_subject PASS
OMDB_CASE physics US1.scene_oldest_marker PASS
OMDB_CASE physics US1.scene_oldest_marker PASS
OMDB_CASE physics US1.scene_oldest_marker PASS
OMDB_CASE physics US1.scene_oldest_marker PASS
OMDB_CASE physics US1.scene_oldest_marker PASS
OMDB_CASE physics EC01.scene_first_contact PASS
OMDB_CASE physics EC01.scene_duplicate_contact PASS
OMDB_CASE physics US1.scene_immediate_ineligibility PASS
OMDB_CASE physics EC02.scene_cap PASS
OMDB_CASE physics US1.scene_dead_shape_disabled PASS
OMDB_CASE physics US1.scene_death_location PASS
OMDB_CASE physics US1.scene_safe_replacement PASS
OMDB_CASE physics US1.scene_stale_contact PASS
OMDB_CASE physics US1.scene_exactly_one_subject PASS
OMDB_CASE physics US1.scene_oldest_marker PASS
OMDB_CASE physics US1.scene_oldest_marker PASS
OMDB_CASE physics US1.scene_oldest_marker PASS
OMDB_CASE physics US1.scene_oldest_marker PASS
OMDB_CASE physics US1.scene_oldest_marker PASS
OMDB_CASE physics EC01.scene_first_contact PASS
OMDB_CASE physics EC01.scene_duplicate_contact PASS
OMDB_CASE physics US1.scene_immediate_ineligibility PASS
OMDB_CASE physics EC02.scene_cap PASS
OMDB_CASE physics US1.scene_dead_shape_disabled PASS
OMDB_CASE physics US1.scene_death_location PASS
OMDB_CASE physics US1.scene_safe_replacement PASS
OMDB_CASE physics US1.scene_stale_contact PASS
OMDB_CASE physics US1.scene_exactly_one_subject PASS
OMDB_CASE physics US1.scene_oldest_marker PASS
OMDB_CASE physics EC01.scene_first_contact PASS
OMDB_CASE physics EC01.scene_duplicate_contact PASS
OMDB_CASE physics US1.scene_immediate_ineligibility PASS
OMDB_CASE physics EC02.scene_cap PASS
OMDB_CASE physics US1.scene_dead_shape_disabled PASS
OMDB_CASE physics US1.scene_death_location PASS
OMDB_CASE physics US1.scene_safe_replacement PASS
OMDB_CASE physics US1.scene_stale_contact PASS
OMDB_CASE physics US1.scene_exactly_one_subject PASS
OMDB_CASE physics US1.scene_oldest_marker PASS
OMDB_CASE physics US1.scene_oldest_marker PASS
OMDB_CASE physics EC01.scene_first_contact PASS
OMDB_CASE physics EC01.scene_duplicate_contact PASS
OMDB_CASE physics US1.scene_immediate_ineligibility PASS
OMDB_CASE physics EC02.scene_cap PASS
OMDB_CASE physics US1.scene_dead_shape_disabled PASS
OMDB_CASE physics US1.scene_death_location PASS
OMDB_CASE physics US1.scene_safe_replacement PASS
OMDB_CASE physics US1.scene_stale_contact PASS
OMDB_CASE physics US1.scene_exactly_one_subject PASS
OMDB_CASE physics US1.scene_oldest_marker PASS
OMDB_CASE physics US1.scene_oldest_marker PASS
OMDB_CASE physics US1.scene_oldest_marker PASS
OMDB_CASE physics EC01.scene_first_contact PASS
OMDB_CASE physics EC01.scene_duplicate_contact PASS
OMDB_CASE physics US1.scene_immediate_ineligibility PASS
OMDB_CASE physics EC02.scene_cap PASS
OMDB_CASE physics US1.scene_dead_shape_disabled PASS
OMDB_CASE physics US1.scene_death_location PASS
OMDB_CASE physics US1.scene_safe_replacement PASS
OMDB_CASE physics US1.scene_stale_contact PASS
OMDB_CASE physics US1.scene_exactly_one_subject PASS
OMDB_CASE physics US1.scene_oldest_marker PASS
OMDB_CASE physics US1.scene_oldest_marker PASS
OMDB_CASE physics US1.scene_oldest_marker PASS
OMDB_CASE physics US1.scene_oldest_marker PASS
OMDB_CASE physics EC01.scene_first_contact PASS
OMDB_CASE physics EC01.scene_duplicate_contact PASS
OMDB_CASE physics US1.scene_immediate_ineligibility PASS
OMDB_CASE physics EC02.scene_cap PASS
OMDB_CASE physics US1.scene_dead_shape_disabled PASS
OMDB_CASE physics US1.scene_death_location PASS
OMDB_CASE physics US1.scene_safe_replacement PASS
OMDB_CASE physics US1.scene_stale_contact PASS
OMDB_CASE physics US1.scene_exactly_one_subject PASS
OMDB_CASE physics US1.scene_oldest_marker PASS
OMDB_CASE physics US1.scene_oldest_marker PASS
OMDB_CASE physics US1.scene_oldest_marker PASS
OMDB_CASE physics US1.scene_oldest_marker PASS
OMDB_CASE physics US1.scene_oldest_marker PASS
OMDB_CASE physics EC01.scene_first_contact PASS
OMDB_CASE physics EC01.scene_duplicate_contact PASS
OMDB_CASE physics US1.scene_immediate_ineligibility PASS
OMDB_CASE physics EC02.scene_cap PASS
OMDB_CASE physics US1.scene_dead_shape_disabled PASS
OMDB_CASE physics US1.scene_death_location PASS
OMDB_CASE physics US1.scene_safe_replacement PASS
OMDB_CASE physics US1.scene_stale_contact PASS
OMDB_CASE physics US1.scene_exactly_one_subject PASS
OMDB_CASE physics US1.scene_oldest_marker PASS
OMDB_CASE physics US1.scene_oldest_marker PASS
OMDB_CASE physics US1.scene_oldest_marker PASS
OMDB_CASE physics US1.scene_oldest_marker PASS
OMDB_CASE physics US1.scene_oldest_marker PASS
OMDB_CASE physics EC01.scene_first_contact PASS
OMDB_CASE physics EC01.scene_duplicate_contact PASS
OMDB_CASE physics US1.scene_immediate_ineligibility PASS
OMDB_CASE physics EC02.scene_cap PASS
OMDB_CASE physics US1.scene_dead_shape_disabled PASS
OMDB_CASE physics US1.scene_death_location PASS
OMDB_CASE physics US1.scene_safe_replacement PASS
OMDB_CASE physics US1.scene_stale_contact PASS
OMDB_CASE physics US1.scene_exactly_one_subject PASS
OMDB_CASE physics US1.scene_oldest_marker PASS
OMDB_CASE physics US1.scene_oldest_marker PASS
OMDB_CASE physics US1.scene_oldest_marker PASS
OMDB_CASE physics US1.scene_oldest_marker PASS
OMDB_CASE physics US1.scene_oldest_marker PASS
OMDB_CASE physics EC01.scene_first_contact PASS
OMDB_CASE physics EC01.scene_duplicate_contact PASS
OMDB_CASE physics US1.scene_immediate_ineligibility PASS
OMDB_CASE physics EC02.scene_cap PASS
OMDB_CASE physics US1.scene_dead_shape_disabled PASS
OMDB_CASE physics US1.scene_death_location PASS
OMDB_CASE physics US1.scene_safe_replacement PASS
OMDB_CASE physics US1.scene_stale_contact PASS
OMDB_CASE physics US1.scene_exactly_one_subject PASS
OMDB_CASE physics US1.scene_oldest_marker PASS
OMDB_CASE physics EC01.scene_first_contact PASS
OMDB_CASE physics EC01.scene_duplicate_contact PASS
OMDB_CASE physics US1.scene_immediate_ineligibility PASS
OMDB_CASE physics EC02.scene_cap PASS
OMDB_CASE physics US1.scene_dead_shape_disabled PASS
OMDB_CASE physics US1.scene_death_location PASS
OMDB_CASE physics US1.scene_safe_replacement PASS
OMDB_CASE physics US1.scene_stale_contact PASS
OMDB_CASE physics US1.scene_exactly_one_subject PASS
OMDB_CASE physics US1.scene_oldest_marker PASS
OMDB_CASE physics US1.scene_oldest_marker PASS
OMDB_CASE physics EC01.scene_first_contact PASS
OMDB_CASE physics EC01.scene_duplicate_contact PASS
OMDB_CASE physics US1.scene_immediate_ineligibility PASS
OMDB_CASE physics EC02.scene_cap PASS
OMDB_CASE physics US1.scene_dead_shape_disabled PASS
OMDB_CASE physics US1.scene_death_location PASS
OMDB_CASE physics US1.scene_safe_replacement PASS
OMDB_CASE physics US1.scene_stale_contact PASS
OMDB_CASE physics US1.scene_exactly_one_subject PASS
OMDB_CASE physics US1.scene_oldest_marker PASS
OMDB_CASE physics US1.scene_oldest_marker PASS
OMDB_CASE physics US1.scene_oldest_marker PASS
OMDB_CASE physics EC01.scene_first_contact PASS
OMDB_CASE physics EC01.scene_duplicate_contact PASS
OMDB_CASE physics US1.scene_immediate_ineligibility PASS
OMDB_CASE physics EC02.scene_cap PASS
OMDB_CASE physics US1.scene_dead_shape_disabled PASS
OMDB_CASE physics US1.scene_death_location PASS
OMDB_CASE physics US1.scene_safe_replacement PASS
OMDB_CASE physics US1.scene_stale_contact PASS
OMDB_CASE physics US1.scene_exactly_one_subject PASS
OMDB_CASE physics US1.scene_oldest_marker PASS
OMDB_CASE physics US1.scene_oldest_marker PASS
OMDB_CASE physics US1.scene_oldest_marker PASS
OMDB_CASE physics US1.scene_oldest_marker PASS
OMDB_CASE physics EC01.scene_first_contact PASS
OMDB_CASE physics EC01.scene_duplicate_contact PASS
OMDB_CASE physics US1.scene_immediate_ineligibility PASS
OMDB_CASE physics EC02.scene_cap PASS
OMDB_CASE physics US1.scene_dead_shape_disabled PASS
OMDB_CASE physics US1.scene_death_location PASS
OMDB_CASE physics US1.scene_safe_replacement PASS
OMDB_CASE physics US1.scene_stale_contact PASS
OMDB_CASE physics US1.scene_exactly_one_subject PASS
OMDB_CASE physics US1.scene_oldest_marker PASS
OMDB_CASE physics US1.scene_oldest_marker PASS
OMDB_CASE physics US1.scene_oldest_marker PASS
OMDB_CASE physics US1.scene_oldest_marker PASS
OMDB_CASE physics US1.scene_oldest_marker PASS
OMDB_CASE physics EC01.scene_first_contact PASS
OMDB_CASE physics EC01.scene_duplicate_contact PASS
OMDB_CASE physics US1.scene_immediate_ineligibility PASS
OMDB_CASE physics EC02.scene_cap PASS
OMDB_CASE physics US1.scene_dead_shape_disabled PASS
OMDB_CASE physics US1.scene_death_location PASS
OMDB_CASE physics US1.scene_safe_replacement PASS
OMDB_CASE physics US1.scene_stale_contact PASS
OMDB_CASE physics US1.scene_exactly_one_subject PASS
OMDB_CASE physics US1.scene_oldest_marker PASS
OMDB_CASE physics US1.scene_oldest_marker PASS
OMDB_CASE physics US1.scene_oldest_marker PASS
OMDB_CASE physics US1.scene_oldest_marker PASS
OMDB_CASE physics US1.scene_oldest_marker PASS
OMDB_CASE physics EC01.scene_first_contact PASS
OMDB_CASE physics EC01.scene_duplicate_contact PASS
OMDB_CASE physics US1.scene_immediate_ineligibility PASS
OMDB_CASE physics EC02.scene_cap PASS
OMDB_CASE physics US1.scene_dead_shape_disabled PASS
OMDB_CASE physics US1.scene_death_location PASS
OMDB_CASE physics US1.scene_safe_replacement PASS
OMDB_CASE physics US1.scene_stale_contact PASS
OMDB_CASE physics US1.scene_exactly_one_subject PASS
OMDB_CASE physics US1.scene_oldest_marker PASS
OMDB_CASE physics US1.scene_oldest_marker PASS
OMDB_CASE physics US1.scene_oldest_marker PASS
OMDB_CASE physics US1.scene_oldest_marker PASS
OMDB_CASE physics US1.scene_oldest_marker PASS
OMDB_CASE physics EC01.scene_first_contact PASS
OMDB_CASE physics EC01.scene_duplicate_contact PASS
OMDB_CASE physics US1.scene_immediate_ineligibility PASS
OMDB_CASE physics EC02.scene_cap PASS
OMDB_CASE physics US1.scene_dead_shape_disabled PASS
OMDB_CASE physics US1.scene_death_location PASS
OMDB_CASE physics US1.scene_safe_replacement PASS
OMDB_CASE physics US1.scene_stale_contact PASS
OMDB_CASE physics US1.scene_exactly_one_subject PASS
OMDB_CASE physics US1.scene_oldest_marker PASS
OMDB_CASE physics EC01.scene_first_contact PASS
OMDB_CASE physics EC01.scene_duplicate_contact PASS
OMDB_CASE physics US1.scene_immediate_ineligibility PASS
OMDB_CASE physics EC02.scene_cap PASS
OMDB_CASE physics US1.scene_dead_shape_disabled PASS
OMDB_CASE physics US1.scene_death_location PASS
OMDB_CASE physics US1.scene_safe_replacement PASS
OMDB_CASE physics US1.scene_stale_contact PASS
OMDB_CASE physics US1.scene_exactly_one_subject PASS
OMDB_CASE physics US1.scene_oldest_marker PASS
OMDB_CASE physics US1.scene_oldest_marker PASS
OMDB_CASE physics EC01.scene_first_contact PASS
OMDB_CASE physics EC01.scene_duplicate_contact PASS
OMDB_CASE physics US1.scene_immediate_ineligibility PASS
OMDB_CASE physics EC02.scene_cap PASS
OMDB_CASE physics US1.scene_dead_shape_disabled PASS
OMDB_CASE physics US1.scene_death_location PASS
OMDB_CASE physics US1.scene_safe_replacement PASS
OMDB_CASE physics US1.scene_stale_contact PASS
OMDB_CASE physics US1.scene_exactly_one_subject PASS
OMDB_CASE physics US1.scene_oldest_marker PASS
OMDB_CASE physics US1.scene_oldest_marker PASS
OMDB_CASE physics US1.scene_oldest_marker PASS
OMDB_CASE physics EC01.scene_first_contact PASS
OMDB_CASE physics EC01.scene_duplicate_contact PASS
OMDB_CASE physics US1.scene_immediate_ineligibility PASS
OMDB_CASE physics EC02.scene_cap PASS
OMDB_CASE physics US1.scene_dead_shape_disabled PASS
OMDB_CASE physics US1.scene_death_location PASS
OMDB_CASE physics US1.scene_safe_replacement PASS
OMDB_CASE physics US1.scene_stale_contact PASS
OMDB_CASE physics US1.scene_exactly_one_subject PASS
OMDB_CASE physics US1.scene_oldest_marker PASS
OMDB_CASE physics US1.scene_oldest_marker PASS
OMDB_CASE physics US1.scene_oldest_marker PASS
OMDB_CASE physics US1.scene_oldest_marker PASS
OMDB_CASE physics EC01.scene_first_contact PASS
OMDB_CASE physics EC01.scene_duplicate_contact PASS
OMDB_CASE physics US1.scene_immediate_ineligibility PASS
OMDB_CASE physics EC02.scene_cap PASS
OMDB_CASE physics US1.scene_dead_shape_disabled PASS
OMDB_CASE physics US1.scene_death_location PASS
OMDB_CASE physics US1.scene_safe_replacement PASS
OMDB_CASE physics US1.scene_stale_contact PASS
OMDB_CASE physics US1.scene_exactly_one_subject PASS
OMDB_CASE physics US1.scene_oldest_marker PASS
OMDB_CASE physics US1.scene_oldest_marker PASS
OMDB_CASE physics US1.scene_oldest_marker PASS
OMDB_CASE physics US1.scene_oldest_marker PASS
OMDB_CASE physics US1.scene_oldest_marker PASS
OMDB_CASE physics EC01.scene_first_contact PASS
OMDB_CASE physics EC01.scene_duplicate_contact PASS
OMDB_CASE physics US1.scene_immediate_ineligibility PASS
OMDB_CASE physics EC02.scene_cap PASS
OMDB_CASE physics US1.scene_dead_shape_disabled PASS
OMDB_CASE physics US1.scene_death_location PASS
OMDB_CASE physics US1.scene_safe_replacement PASS
OMDB_CASE physics US1.scene_stale_contact PASS
OMDB_CASE physics US1.scene_exactly_one_subject PASS
OMDB_CASE physics US1.scene_oldest_marker PASS
OMDB_CASE physics US1.scene_oldest_marker PASS
OMDB_CASE physics US1.scene_oldest_marker PASS
OMDB_CASE physics US1.scene_oldest_marker PASS
OMDB_CASE physics US1.scene_oldest_marker PASS
OMDB_CASE physics EC01.scene_first_contact PASS
OMDB_CASE physics EC01.scene_duplicate_contact PASS
OMDB_CASE physics US1.scene_immediate_ineligibility PASS
OMDB_CASE physics EC02.scene_cap PASS
OMDB_CASE physics US1.scene_dead_shape_disabled PASS
OMDB_CASE physics US1.scene_death_location PASS
OMDB_CASE physics US1.scene_safe_replacement PASS
OMDB_CASE physics US1.scene_stale_contact PASS
OMDB_CASE physics US1.scene_exactly_one_subject PASS
OMDB_CASE physics US1.scene_oldest_marker PASS
OMDB_CASE physics US1.scene_oldest_marker PASS
OMDB_CASE physics US1.scene_oldest_marker PASS
OMDB_CASE physics US1.scene_oldest_marker PASS
OMDB_CASE physics US1.scene_oldest_marker PASS
OMDB_CASE physics EC01.scene_first_contact PASS
OMDB_CASE physics EC01.scene_duplicate_contact PASS
OMDB_CASE physics US1.scene_immediate_ineligibility PASS
OMDB_CASE physics EC02.scene_cap PASS
OMDB_CASE physics US1.scene_dead_shape_disabled PASS
OMDB_CASE physics US1.scene_death_location PASS
OMDB_CASE physics US1.scene_safe_replacement PASS
OMDB_CASE physics US1.scene_stale_contact PASS
OMDB_CASE physics US1.scene_exactly_one_subject PASS
OMDB_CASE physics US1.scene_oldest_marker PASS
OMDB_CASE physics EC01.scene_first_contact PASS
OMDB_CASE physics EC01.scene_duplicate_contact PASS
OMDB_CASE physics US1.scene_immediate_ineligibility PASS
OMDB_CASE physics EC02.scene_cap PASS
OMDB_CASE physics US1.scene_dead_shape_disabled PASS
OMDB_CASE physics US1.scene_death_location PASS
OMDB_CASE physics US1.scene_safe_replacement PASS
OMDB_CASE physics US1.scene_stale_contact PASS
OMDB_CASE physics US1.scene_exactly_one_subject PASS
OMDB_CASE physics US1.scene_oldest_marker PASS
OMDB_CASE physics US1.scene_oldest_marker PASS
OMDB_CASE physics EC01.scene_first_contact PASS
OMDB_CASE physics EC01.scene_duplicate_contact PASS
OMDB_CASE physics US1.scene_immediate_ineligibility PASS
OMDB_CASE physics EC02.scene_cap PASS
OMDB_CASE physics US1.scene_dead_shape_disabled PASS
OMDB_CASE physics US1.scene_death_location PASS
OMDB_CASE physics US1.scene_safe_replacement PASS
OMDB_CASE physics US1.scene_stale_contact PASS
OMDB_CASE physics US1.scene_exactly_one_subject PASS
OMDB_CASE physics US1.scene_oldest_marker PASS
OMDB_CASE physics US1.scene_oldest_marker PASS
OMDB_CASE physics US1.scene_oldest_marker PASS
OMDB_CASE physics EC01.scene_first_contact PASS
OMDB_CASE physics EC01.scene_duplicate_contact PASS
OMDB_CASE physics US1.scene_immediate_ineligibility PASS
OMDB_CASE physics EC02.scene_cap PASS
OMDB_CASE physics US1.scene_dead_shape_disabled PASS
OMDB_CASE physics US1.scene_death_location PASS
OMDB_CASE physics US1.scene_safe_replacement PASS
OMDB_CASE physics US1.scene_stale_contact PASS
OMDB_CASE physics US1.scene_exactly_one_subject PASS
OMDB_CASE physics US1.scene_oldest_marker PASS
OMDB_CASE physics US1.scene_oldest_marker PASS
OMDB_CASE physics US1.scene_oldest_marker PASS
OMDB_CASE physics US1.scene_oldest_marker PASS
OMDB_CASE physics EC01.scene_first_contact PASS
OMDB_CASE physics EC01.scene_duplicate_contact PASS
OMDB_CASE physics US1.scene_immediate_ineligibility PASS
OMDB_CASE physics EC02.scene_cap PASS
OMDB_CASE physics US1.scene_dead_shape_disabled PASS
OMDB_CASE physics US1.scene_death_location PASS
OMDB_CASE physics US1.scene_safe_replacement PASS
OMDB_CASE physics US1.scene_stale_contact PASS
OMDB_CASE physics US1.scene_exactly_one_subject PASS
OMDB_CASE physics US1.scene_oldest_marker PASS
OMDB_CASE physics US1.scene_oldest_marker PASS
OMDB_CASE physics US1.scene_oldest_marker PASS
OMDB_CASE physics US1.scene_oldest_marker PASS
OMDB_CASE physics US1.scene_oldest_marker PASS
OMDB_CASE physics EC01.scene_first_contact PASS
OMDB_CASE physics EC01.scene_duplicate_contact PASS
OMDB_CASE physics US1.scene_immediate_ineligibility PASS
OMDB_CASE physics EC02.scene_cap PASS
OMDB_CASE physics US1.scene_dead_shape_disabled PASS
OMDB_CASE physics US1.scene_death_location PASS
OMDB_CASE physics US1.scene_safe_replacement PASS
OMDB_CASE physics US1.scene_stale_contact PASS
OMDB_CASE physics US1.scene_exactly_one_subject PASS
OMDB_CASE physics US1.scene_oldest_marker PASS
OMDB_CASE physics US1.scene_oldest_marker PASS
OMDB_CASE physics US1.scene_oldest_marker PASS
OMDB_CASE physics US1.scene_oldest_marker PASS
OMDB_CASE physics US1.scene_oldest_marker PASS
OMDB_CASE physics EC01.scene_first_contact PASS
OMDB_CASE physics EC01.scene_duplicate_contact PASS
OMDB_CASE physics US1.scene_immediate_ineligibility PASS
OMDB_CASE physics EC02.scene_cap PASS
OMDB_CASE physics US1.scene_dead_shape_disabled PASS
OMDB_CASE physics US1.scene_death_location PASS
OMDB_CASE physics US1.scene_safe_replacement PASS
OMDB_CASE physics US1.scene_stale_contact PASS
OMDB_CASE physics US1.scene_exactly_one_subject PASS
OMDB_CASE physics US1.scene_oldest_marker PASS
OMDB_CASE physics US1.scene_oldest_marker PASS
OMDB_CASE physics US1.scene_oldest_marker PASS
OMDB_CASE physics US1.scene_oldest_marker PASS
OMDB_CASE physics US1.scene_oldest_marker PASS
OMDB_CASE physics EC01.scene_first_contact PASS
OMDB_CASE physics EC01.scene_duplicate_contact PASS
OMDB_CASE physics US1.scene_immediate_ineligibility PASS
OMDB_CASE physics EC02.scene_cap PASS
OMDB_CASE physics US1.scene_dead_shape_disabled PASS
OMDB_CASE physics US1.scene_death_location PASS
OMDB_CASE physics US1.scene_safe_replacement PASS
OMDB_CASE physics US1.scene_stale_contact PASS
OMDB_CASE physics US1.scene_exactly_one_subject PASS
OMDB_CASE physics US1.scene_oldest_marker PASS
OMDB_CASE physics EC01.scene_first_contact PASS
OMDB_CASE physics EC01.scene_duplicate_contact PASS
OMDB_CASE physics US1.scene_immediate_ineligibility PASS
OMDB_CASE physics EC02.scene_cap PASS
OMDB_CASE physics US1.scene_dead_shape_disabled PASS
OMDB_CASE physics US1.scene_death_location PASS
OMDB_CASE physics US1.scene_safe_replacement PASS
OMDB_CASE physics US1.scene_stale_contact PASS
OMDB_CASE physics US1.scene_exactly_one_subject PASS
OMDB_CASE physics US1.scene_oldest_marker PASS
OMDB_CASE physics US1.scene_oldest_marker PASS
OMDB_CASE physics EC01.scene_first_contact PASS
OMDB_CASE physics EC01.scene_duplicate_contact PASS
OMDB_CASE physics US1.scene_immediate_ineligibility PASS
OMDB_CASE physics EC02.scene_cap PASS
OMDB_CASE physics US1.scene_dead_shape_disabled PASS
OMDB_CASE physics US1.scene_death_location PASS
OMDB_CASE physics US1.scene_safe_replacement PASS
OMDB_CASE physics US1.scene_stale_contact PASS
OMDB_CASE physics US1.scene_exactly_one_subject PASS
OMDB_CASE physics US1.scene_oldest_marker PASS
OMDB_CASE physics US1.scene_oldest_marker PASS
OMDB_CASE physics US1.scene_oldest_marker PASS
OMDB_CASE physics EC01.scene_first_contact PASS
OMDB_CASE physics EC01.scene_duplicate_contact PASS
OMDB_CASE physics US1.scene_immediate_ineligibility PASS
OMDB_CASE physics EC02.scene_cap PASS
OMDB_CASE physics US1.scene_dead_shape_disabled PASS
OMDB_CASE physics US1.scene_death_location PASS
OMDB_CASE physics US1.scene_safe_replacement PASS
OMDB_CASE physics US1.scene_stale_contact PASS
OMDB_CASE physics US1.scene_exactly_one_subject PASS
OMDB_CASE physics US1.scene_oldest_marker PASS
OMDB_CASE physics US1.scene_oldest_marker PASS
OMDB_CASE physics US1.scene_oldest_marker PASS
OMDB_CASE physics US1.scene_oldest_marker PASS
OMDB_CASE physics EC01.scene_first_contact PASS
OMDB_CASE physics EC01.scene_duplicate_contact PASS
OMDB_CASE physics US1.scene_immediate_ineligibility PASS
OMDB_CASE physics EC02.scene_cap PASS
OMDB_CASE physics US1.scene_dead_shape_disabled PASS
OMDB_CASE physics US1.scene_death_location PASS
OMDB_CASE physics US1.scene_safe_replacement PASS
OMDB_CASE physics US1.scene_stale_contact PASS
OMDB_CASE physics US1.scene_exactly_one_subject PASS
OMDB_CASE physics US1.scene_oldest_marker PASS
OMDB_CASE physics US1.scene_oldest_marker PASS
OMDB_CASE physics US1.scene_oldest_marker PASS
OMDB_CASE physics US1.scene_oldest_marker PASS
OMDB_CASE physics US1.scene_oldest_marker PASS
OMDB_CASE physics EC01.scene_first_contact PASS
OMDB_CASE physics EC01.scene_duplicate_contact PASS
OMDB_CASE physics US1.scene_immediate_ineligibility PASS
OMDB_CASE physics EC02.scene_cap PASS
OMDB_CASE physics US1.scene_dead_shape_disabled PASS
OMDB_CASE physics US1.scene_death_location PASS
OMDB_CASE physics US1.scene_safe_replacement PASS
OMDB_CASE physics US1.scene_stale_contact PASS
OMDB_CASE physics US1.scene_exactly_one_subject PASS
OMDB_CASE physics US1.scene_oldest_marker PASS
OMDB_CASE physics US1.scene_oldest_marker PASS
OMDB_CASE physics US1.scene_oldest_marker PASS
OMDB_CASE physics US1.scene_oldest_marker PASS
OMDB_CASE physics US1.scene_oldest_marker PASS
OMDB_CASE physics EC01.scene_first_contact PASS
OMDB_CASE physics EC01.scene_duplicate_contact PASS
OMDB_CASE physics US1.scene_immediate_ineligibility PASS
OMDB_CASE physics EC02.scene_cap PASS
OMDB_CASE physics US1.scene_dead_shape_disabled PASS
OMDB_CASE physics US1.scene_death_location PASS
OMDB_CASE physics US1.scene_safe_replacement PASS
OMDB_CASE physics US1.scene_stale_contact PASS
OMDB_CASE physics US1.scene_exactly_one_subject PASS
OMDB_CASE physics US1.scene_oldest_marker PASS
OMDB_CASE physics US1.scene_oldest_marker PASS
OMDB_CASE physics US1.scene_oldest_marker PASS
OMDB_CASE physics US1.scene_oldest_marker PASS
OMDB_CASE physics US1.scene_oldest_marker PASS
OMDB_CASE physics EC01.scene_first_contact PASS
OMDB_CASE physics EC01.scene_duplicate_contact PASS
OMDB_CASE physics US1.scene_immediate_ineligibility PASS
OMDB_CASE physics EC02.scene_cap PASS
OMDB_CASE physics US1.scene_dead_shape_disabled PASS
OMDB_CASE physics US1.scene_death_location PASS
OMDB_CASE physics US1.scene_safe_replacement PASS
OMDB_CASE physics US1.scene_stale_contact PASS
OMDB_CASE physics US1.scene_exactly_one_subject PASS
OMDB_CASE physics US1.scene_oldest_marker PASS
OMDB_CASE physics EC01.scene_first_contact PASS
OMDB_CASE physics EC01.scene_duplicate_contact PASS
OMDB_CASE physics US1.scene_immediate_ineligibility PASS
OMDB_CASE physics EC02.scene_cap PASS
OMDB_CASE physics US1.scene_dead_shape_disabled PASS
OMDB_CASE physics US1.scene_death_location PASS
OMDB_CASE physics US1.scene_safe_replacement PASS
OMDB_CASE physics US1.scene_stale_contact PASS
OMDB_CASE physics US1.scene_exactly_one_subject PASS
OMDB_CASE physics US1.scene_oldest_marker PASS
OMDB_CASE physics US1.scene_oldest_marker PASS
OMDB_CASE physics EC01.scene_first_contact PASS
OMDB_CASE physics EC01.scene_duplicate_contact PASS
OMDB_CASE physics US1.scene_immediate_ineligibility PASS
OMDB_CASE physics EC02.scene_cap PASS
OMDB_CASE physics US1.scene_dead_shape_disabled PASS
OMDB_CASE physics US1.scene_death_location PASS
OMDB_CASE physics US1.scene_safe_replacement PASS
OMDB_CASE physics US1.scene_stale_contact PASS
OMDB_CASE physics US1.scene_exactly_one_subject PASS
OMDB_CASE physics US1.scene_oldest_marker PASS
OMDB_CASE physics US1.scene_oldest_marker PASS
OMDB_CASE physics US1.scene_oldest_marker PASS
OMDB_CASE physics EC01.scene_first_contact PASS
OMDB_CASE physics EC01.scene_duplicate_contact PASS
OMDB_CASE physics US1.scene_immediate_ineligibility PASS
OMDB_CASE physics EC02.scene_cap PASS
OMDB_CASE physics US1.scene_dead_shape_disabled PASS
OMDB_CASE physics US1.scene_death_location PASS
OMDB_CASE physics US1.scene_safe_replacement PASS
OMDB_CASE physics US1.scene_stale_contact PASS
OMDB_CASE physics US1.scene_exactly_one_subject PASS
OMDB_CASE physics US1.scene_oldest_marker PASS
OMDB_CASE physics US1.scene_oldest_marker PASS
OMDB_CASE physics US1.scene_oldest_marker PASS
OMDB_CASE physics US1.scene_oldest_marker PASS
OMDB_CASE physics EC01.scene_first_contact PASS
OMDB_CASE physics EC01.scene_duplicate_contact PASS
OMDB_CASE physics US1.scene_immediate_ineligibility PASS
OMDB_CASE physics EC02.scene_cap PASS
OMDB_CASE physics US1.scene_dead_shape_disabled PASS
OMDB_CASE physics US1.scene_death_location PASS
OMDB_CASE physics US1.scene_safe_replacement PASS
OMDB_CASE physics US1.scene_stale_contact PASS
OMDB_CASE physics US1.scene_exactly_one_subject PASS
OMDB_CASE physics US1.scene_oldest_marker PASS
OMDB_CASE physics US1.scene_oldest_marker PASS
OMDB_CASE physics US1.scene_oldest_marker PASS
OMDB_CASE physics US1.scene_oldest_marker PASS
OMDB_CASE physics US1.scene_oldest_marker PASS
OMDB_CASE physics EC01.scene_first_contact PASS
OMDB_CASE physics EC01.scene_duplicate_contact PASS
OMDB_CASE physics US1.scene_immediate_ineligibility PASS
OMDB_CASE physics EC02.scene_cap PASS
OMDB_CASE physics US1.scene_dead_shape_disabled PASS
OMDB_CASE physics US1.scene_death_location PASS
OMDB_CASE physics US1.scene_safe_replacement PASS
OMDB_CASE physics US1.scene_stale_contact PASS
OMDB_CASE physics US1.scene_exactly_one_subject PASS
OMDB_CASE physics US1.scene_oldest_marker PASS
OMDB_CASE physics US1.scene_oldest_marker PASS
OMDB_CASE physics US1.scene_oldest_marker PASS
OMDB_CASE physics US1.scene_oldest_marker PASS
OMDB_CASE physics US1.scene_oldest_marker PASS
OMDB_CASE physics EC01.scene_first_contact PASS
OMDB_CASE physics EC01.scene_duplicate_contact PASS
OMDB_CASE physics US1.scene_immediate_ineligibility PASS
OMDB_CASE physics EC02.scene_cap PASS
OMDB_CASE physics US1.scene_dead_shape_disabled PASS
OMDB_CASE physics US1.scene_death_location PASS
OMDB_CASE physics US1.scene_safe_replacement PASS
OMDB_CASE physics US1.scene_stale_contact PASS
OMDB_CASE physics US1.scene_exactly_one_subject PASS
OMDB_CASE physics US1.scene_oldest_marker PASS
OMDB_CASE physics US1.scene_oldest_marker PASS
OMDB_CASE physics US1.scene_oldest_marker PASS
OMDB_CASE physics US1.scene_oldest_marker PASS
OMDB_CASE physics US1.scene_oldest_marker PASS
OMDB_CASE physics EC01.scene_first_contact PASS
OMDB_CASE physics EC01.scene_duplicate_contact PASS
OMDB_CASE physics US1.scene_immediate_ineligibility PASS
OMDB_CASE physics EC02.scene_cap PASS
OMDB_CASE physics US1.scene_dead_shape_disabled PASS
OMDB_CASE physics US1.scene_death_location PASS
OMDB_CASE physics US1.scene_safe_replacement PASS
OMDB_CASE physics US1.scene_stale_contact PASS
OMDB_CASE physics US1.scene_exactly_one_subject PASS
OMDB_CASE physics US1.scene_oldest_marker PASS
OMDB_CASE physics EC01.scene_first_contact PASS
OMDB_CASE physics EC01.scene_duplicate_contact PASS
OMDB_CASE physics US1.scene_immediate_ineligibility PASS
OMDB_CASE physics EC02.scene_cap PASS
OMDB_CASE physics US1.scene_dead_shape_disabled PASS
OMDB_CASE physics US1.scene_death_location PASS
OMDB_CASE physics US1.scene_safe_replacement PASS
OMDB_CASE physics US1.scene_stale_contact PASS
OMDB_CASE physics US1.scene_exactly_one_subject PASS
OMDB_CASE physics US1.scene_oldest_marker PASS
OMDB_CASE physics US1.scene_oldest_marker PASS
OMDB_CASE physics EC01.scene_first_contact PASS
OMDB_CASE physics EC01.scene_duplicate_contact PASS
OMDB_CASE physics US1.scene_immediate_ineligibility PASS
OMDB_CASE physics EC02.scene_cap PASS
OMDB_CASE physics US1.scene_dead_shape_disabled PASS
OMDB_CASE physics US1.scene_death_location PASS
OMDB_CASE physics US1.scene_safe_replacement PASS
OMDB_CASE physics US1.scene_stale_contact PASS
OMDB_CASE physics US1.scene_exactly_one_subject PASS
OMDB_CASE physics US1.scene_oldest_marker PASS
OMDB_CASE physics US1.scene_oldest_marker PASS
OMDB_CASE physics US1.scene_oldest_marker PASS
OMDB_CASE physics EC01.scene_first_contact PASS
OMDB_CASE physics EC01.scene_duplicate_contact PASS
OMDB_CASE physics US1.scene_immediate_ineligibility PASS
OMDB_CASE physics EC02.scene_cap PASS
OMDB_CASE physics US1.scene_dead_shape_disabled PASS
OMDB_CASE physics US1.scene_death_location PASS
OMDB_CASE physics US1.scene_safe_replacement PASS
OMDB_CASE physics US1.scene_stale_contact PASS
OMDB_CASE physics US1.scene_exactly_one_subject PASS
OMDB_CASE physics US1.scene_oldest_marker PASS
OMDB_CASE physics US1.scene_oldest_marker PASS
OMDB_CASE physics US1.scene_oldest_marker PASS
OMDB_CASE physics US1.scene_oldest_marker PASS
OMDB_CASE physics EC01.scene_first_contact PASS
OMDB_CASE physics EC01.scene_duplicate_contact PASS
OMDB_CASE physics US1.scene_immediate_ineligibility PASS
OMDB_CASE physics EC02.scene_cap PASS
OMDB_CASE physics US1.scene_dead_shape_disabled PASS
OMDB_CASE physics US1.scene_death_location PASS
OMDB_CASE physics US1.scene_safe_replacement PASS
OMDB_CASE physics US1.scene_stale_contact PASS
OMDB_CASE physics US1.scene_exactly_one_subject PASS
OMDB_CASE physics US1.scene_oldest_marker PASS
OMDB_CASE physics US1.scene_oldest_marker PASS
OMDB_CASE physics US1.scene_oldest_marker PASS
OMDB_CASE physics US1.scene_oldest_marker PASS
OMDB_CASE physics US1.scene_oldest_marker PASS
OMDB_CASE physics EC01.scene_first_contact PASS
OMDB_CASE physics EC01.scene_duplicate_contact PASS
OMDB_CASE physics US1.scene_immediate_ineligibility PASS
OMDB_CASE physics EC02.scene_cap PASS
OMDB_CASE physics US1.scene_dead_shape_disabled PASS
OMDB_CASE physics US1.scene_death_location PASS
OMDB_CASE physics US1.scene_safe_replacement PASS
OMDB_CASE physics US1.scene_stale_contact PASS
OMDB_CASE physics US1.scene_exactly_one_subject PASS
OMDB_CASE physics US1.scene_oldest_marker PASS
OMDB_CASE physics US1.scene_oldest_marker PASS
OMDB_CASE physics US1.scene_oldest_marker PASS
OMDB_CASE physics US1.scene_oldest_marker PASS
OMDB_CASE physics US1.scene_oldest_marker PASS
OMDB_CASE physics EC01.scene_first_contact PASS
OMDB_CASE physics EC01.scene_duplicate_contact PASS
OMDB_CASE physics US1.scene_immediate_ineligibility PASS
OMDB_CASE physics EC02.scene_cap PASS
OMDB_CASE physics US1.scene_dead_shape_disabled PASS
OMDB_CASE physics US1.scene_death_location PASS
OMDB_CASE physics US1.scene_safe_replacement PASS
OMDB_CASE physics US1.scene_stale_contact PASS
OMDB_CASE physics US1.scene_exactly_one_subject PASS
OMDB_CASE physics US1.scene_oldest_marker PASS
OMDB_CASE physics US1.scene_oldest_marker PASS
OMDB_CASE physics US1.scene_oldest_marker PASS
OMDB_CASE physics US1.scene_oldest_marker PASS
OMDB_CASE physics US1.scene_oldest_marker PASS
OMDB_CASE physics EC01.scene_first_contact PASS
OMDB_CASE physics EC01.scene_duplicate_contact PASS
OMDB_CASE physics US1.scene_immediate_ineligibility PASS
OMDB_CASE physics EC02.scene_cap PASS
OMDB_CASE physics US1.scene_dead_shape_disabled PASS
OMDB_CASE physics US1.scene_death_location PASS
OMDB_CASE physics US1.scene_safe_replacement PASS
OMDB_CASE physics US1.scene_stale_contact PASS
OMDB_CASE physics US1.scene_exactly_one_subject PASS
OMDB_CASE physics US1.scene_oldest_marker PASS
OMDB_CASE physics EC01.scene_first_contact PASS
OMDB_CASE physics EC01.scene_duplicate_contact PASS
OMDB_CASE physics US1.scene_immediate_ineligibility PASS
OMDB_CASE physics EC02.scene_cap PASS
OMDB_CASE physics US1.scene_dead_shape_disabled PASS
OMDB_CASE physics US1.scene_death_location PASS
OMDB_CASE physics US1.scene_safe_replacement PASS
OMDB_CASE physics US1.scene_stale_contact PASS
OMDB_CASE physics US1.scene_exactly_one_subject PASS
OMDB_CASE physics US1.scene_oldest_marker PASS
OMDB_CASE physics US1.scene_oldest_marker PASS
OMDB_CASE physics EC01.scene_first_contact PASS
OMDB_CASE physics EC01.scene_duplicate_contact PASS
OMDB_CASE physics US1.scene_immediate_ineligibility PASS
OMDB_CASE physics EC02.scene_cap PASS
OMDB_CASE physics US1.scene_dead_shape_disabled PASS
OMDB_CASE physics US1.scene_death_location PASS
OMDB_CASE physics US1.scene_safe_replacement PASS
OMDB_CASE physics US1.scene_stale_contact PASS
OMDB_CASE physics US1.scene_exactly_one_subject PASS
OMDB_CASE physics US1.scene_oldest_marker PASS
OMDB_CASE physics US1.scene_oldest_marker PASS
OMDB_CASE physics US1.scene_oldest_marker PASS
OMDB_CASE physics EC01.scene_first_contact PASS
OMDB_CASE physics EC01.scene_duplicate_contact PASS
OMDB_CASE physics US1.scene_immediate_ineligibility PASS
OMDB_CASE physics EC02.scene_cap PASS
OMDB_CASE physics US1.scene_dead_shape_disabled PASS
OMDB_CASE physics US1.scene_death_location PASS
OMDB_CASE physics US1.scene_safe_replacement PASS
OMDB_CASE physics US1.scene_stale_contact PASS
OMDB_CASE physics US1.scene_exactly_one_subject PASS
OMDB_CASE physics US1.scene_oldest_marker PASS
OMDB_CASE physics US1.scene_oldest_marker PASS
OMDB_CASE physics US1.scene_oldest_marker PASS
OMDB_CASE physics US1.scene_oldest_marker PASS
OMDB_CASE physics EC01.scene_first_contact PASS
OMDB_CASE physics EC01.scene_duplicate_contact PASS
OMDB_CASE physics US1.scene_immediate_ineligibility PASS
OMDB_CASE physics EC02.scene_cap PASS
OMDB_CASE physics US1.scene_dead_shape_disabled PASS
OMDB_CASE physics US1.scene_death_location PASS
OMDB_CASE physics US1.scene_safe_replacement PASS
OMDB_CASE physics US1.scene_stale_contact PASS
OMDB_CASE physics US1.scene_exactly_one_subject PASS
OMDB_CASE physics US1.scene_oldest_marker PASS
OMDB_CASE physics US1.scene_oldest_marker PASS
OMDB_CASE physics US1.scene_oldest_marker PASS
OMDB_CASE physics US1.scene_oldest_marker PASS
OMDB_CASE physics US1.scene_oldest_marker PASS
OMDB_CASE physics EC01.scene_first_contact PASS
OMDB_CASE physics EC01.scene_duplicate_contact PASS
OMDB_CASE physics US1.scene_immediate_ineligibility PASS
OMDB_CASE physics EC02.scene_cap PASS
OMDB_CASE physics US1.scene_dead_shape_disabled PASS
OMDB_CASE physics US1.scene_death_location PASS
OMDB_CASE physics US1.scene_safe_replacement PASS
OMDB_CASE physics US1.scene_stale_contact PASS
OMDB_CASE physics US1.scene_exactly_one_subject PASS
OMDB_CASE physics US1.scene_oldest_marker PASS
OMDB_CASE physics US1.scene_oldest_marker PASS
OMDB_CASE physics US1.scene_oldest_marker PASS
OMDB_CASE physics US1.scene_oldest_marker PASS
OMDB_CASE physics US1.scene_oldest_marker PASS
OMDB_CASE physics EC01.scene_first_contact PASS
OMDB_CASE physics EC01.scene_duplicate_contact PASS
OMDB_CASE physics US1.scene_immediate_ineligibility PASS
OMDB_CASE physics EC02.scene_cap PASS
OMDB_CASE physics US1.scene_dead_shape_disabled PASS
OMDB_CASE physics US1.scene_death_location PASS
OMDB_CASE physics US1.scene_safe_replacement PASS
OMDB_CASE physics US1.scene_stale_contact PASS
OMDB_CASE physics US1.scene_exactly_one_subject PASS
OMDB_CASE physics US1.scene_oldest_marker PASS
OMDB_CASE physics US1.scene_oldest_marker PASS
OMDB_CASE physics US1.scene_oldest_marker PASS
OMDB_CASE physics US1.scene_oldest_marker PASS
OMDB_CASE physics US1.scene_oldest_marker PASS
OMDB_CASE physics EC01.scene_first_contact PASS
OMDB_CASE physics EC01.scene_duplicate_contact PASS
OMDB_CASE physics US1.scene_immediate_ineligibility PASS
OMDB_CASE physics EC02.scene_cap PASS
OMDB_CASE physics US1.scene_dead_shape_disabled PASS
OMDB_CASE physics US1.scene_death_location PASS
OMDB_CASE physics US1.scene_safe_replacement PASS
OMDB_CASE physics US1.scene_stale_contact PASS
OMDB_CASE physics US1.scene_exactly_one_subject PASS
OMDB_CASE physics US1.scene_oldest_marker PASS
OMDB_CASE physics EC01.scene_first_contact PASS
OMDB_CASE physics EC01.scene_duplicate_contact PASS
OMDB_CASE physics US1.scene_immediate_ineligibility PASS
OMDB_CASE physics EC02.scene_cap PASS
OMDB_CASE physics US1.scene_dead_shape_disabled PASS
OMDB_CASE physics US1.scene_death_location PASS
OMDB_CASE physics US1.scene_safe_replacement PASS
OMDB_CASE physics US1.scene_stale_contact PASS
OMDB_CASE physics US1.scene_exactly_one_subject PASS
OMDB_CASE physics US1.scene_oldest_marker PASS
OMDB_CASE physics US1.scene_oldest_marker PASS
OMDB_CASE physics EC01.scene_first_contact PASS
OMDB_CASE physics EC01.scene_duplicate_contact PASS
OMDB_CASE physics US1.scene_immediate_ineligibility PASS
OMDB_CASE physics EC02.scene_cap PASS
OMDB_CASE physics US1.scene_dead_shape_disabled PASS
OMDB_CASE physics US1.scene_death_location PASS
OMDB_CASE physics US1.scene_safe_replacement PASS
OMDB_CASE physics US1.scene_stale_contact PASS
OMDB_CASE physics US1.scene_exactly_one_subject PASS
OMDB_CASE physics US1.scene_oldest_marker PASS
OMDB_CASE physics US1.scene_oldest_marker PASS
OMDB_CASE physics US1.scene_oldest_marker PASS
OMDB_CASE physics EC01.scene_first_contact PASS
OMDB_CASE physics EC01.scene_duplicate_contact PASS
OMDB_CASE physics US1.scene_immediate_ineligibility PASS
OMDB_CASE physics EC02.scene_cap PASS
OMDB_CASE physics US1.scene_dead_shape_disabled PASS
OMDB_CASE physics US1.scene_death_location PASS
OMDB_CASE physics US1.scene_safe_replacement PASS
OMDB_CASE physics US1.scene_stale_contact PASS
OMDB_CASE physics US1.scene_exactly_one_subject PASS
OMDB_CASE physics US1.scene_oldest_marker PASS
OMDB_CASE physics US1.scene_oldest_marker PASS
OMDB_CASE physics US1.scene_oldest_marker PASS
OMDB_CASE physics US1.scene_oldest_marker PASS
OMDB_CASE physics EC01.scene_first_contact PASS
OMDB_CASE physics EC01.scene_duplicate_contact PASS
OMDB_CASE physics US1.scene_immediate_ineligibility PASS
OMDB_CASE physics EC02.scene_cap PASS
OMDB_CASE physics US1.scene_dead_shape_disabled PASS
OMDB_CASE physics US1.scene_death_location PASS
OMDB_CASE physics US1.scene_safe_replacement PASS
OMDB_CASE physics US1.scene_stale_contact PASS
OMDB_CASE physics US1.scene_exactly_one_subject PASS
OMDB_CASE physics US1.scene_oldest_marker PASS
OMDB_CASE physics US1.scene_oldest_marker PASS
OMDB_CASE physics US1.scene_oldest_marker PASS
OMDB_CASE physics US1.scene_oldest_marker PASS
OMDB_CASE physics US1.scene_oldest_marker PASS
OMDB_CASE physics EC01.scene_first_contact PASS
OMDB_CASE physics EC01.scene_duplicate_contact PASS
OMDB_CASE physics US1.scene_immediate_ineligibility PASS
OMDB_CASE physics EC02.scene_cap PASS
OMDB_CASE physics US1.scene_dead_shape_disabled PASS
OMDB_CASE physics US1.scene_death_location PASS
OMDB_CASE physics US1.scene_safe_replacement PASS
OMDB_CASE physics US1.scene_stale_contact PASS
OMDB_CASE physics US1.scene_exactly_one_subject PASS
OMDB_CASE physics US1.scene_oldest_marker PASS
OMDB_CASE physics US1.scene_oldest_marker PASS
OMDB_CASE physics US1.scene_oldest_marker PASS
OMDB_CASE physics US1.scene_oldest_marker PASS
OMDB_CASE physics US1.scene_oldest_marker PASS
OMDB_CASE physics EC01.scene_first_contact PASS
OMDB_CASE physics EC01.scene_duplicate_contact PASS
OMDB_CASE physics US1.scene_immediate_ineligibility PASS
OMDB_CASE physics EC02.scene_cap PASS
OMDB_CASE physics US1.scene_dead_shape_disabled PASS
OMDB_CASE physics US1.scene_death_location PASS
OMDB_CASE physics US1.scene_safe_replacement PASS
OMDB_CASE physics US1.scene_stale_contact PASS
OMDB_CASE physics US1.scene_exactly_one_subject PASS
OMDB_CASE physics US1.scene_oldest_marker PASS
OMDB_CASE physics US1.scene_oldest_marker PASS
OMDB_CASE physics US1.scene_oldest_marker PASS
OMDB_CASE physics US1.scene_oldest_marker PASS
OMDB_CASE physics US1.scene_oldest_marker PASS
OMDB_CASE physics US2.scene_pickup PASS
OMDB_CASE physics SC006.valid.floor.0 PASS
OMDB_CASE physics DEV004.valid_aim_unchanged PASS
OMDB_CASE physics US2.held_has_no_physics PASS
OMDB_CASE physics US2.valid_release PASS
OMDB_CASE physics US2.restore_collision PASS
OMDB_CASE physics SC006.preview_matches_commit PASS
OMDB_CASE physics SC006.stable_release PASS
OMDB_CASE physics US2.scene_pickup PASS
OMDB_CASE physics SC006.valid.body.0 PASS
OMDB_CASE physics US2.held_has_no_physics PASS
OMDB_CASE physics US2.valid_release PASS
OMDB_CASE physics US2.restore_collision PASS
OMDB_CASE physics SC006.preview_matches_commit PASS
OMDB_CASE physics SC006.stable_release PASS
OMDB_CASE physics US2.scene_pickup PASS
OMDB_CASE physics SC006.valid.spikes.0 PASS
OMDB_CASE physics US2.held_has_no_physics PASS
OMDB_CASE physics US2.valid_release PASS
OMDB_CASE physics US2.restore_collision PASS
OMDB_CASE physics SC006.preview_matches_commit PASS
OMDB_CASE physics SC006.stable_release PASS
OMDB_CASE physics US2.scene_pickup PASS
OMDB_CASE physics SC006.reject_reach PASS
OMDB_CASE physics SC006.reject_player PASS
OMDB_CASE physics SC006.reject_world_volume PASS
OMDB_CASE physics SC006.reject_body_volume PASS
OMDB_CASE physics SC006.reject_moving_support PASS
OMDB_CASE physics SC006.moving_support_keeps_held PASS
OMDB_CASE physics SC006.preview_initially_valid PASS
OMDB_CASE physics SC006.reject_blocked_path PASS
OMDB_CASE physics SC006.stale_preview_keeps_held PASS
OMDB_CASE physics US2.scene_pickup PASS
OMDB_CASE physics SC006.reject_missing_support PASS
OMDB_CASE physics SC006.reject_incomplete_footprint PASS
OMDB_CASE physics SC006.invalid_support_keeps_held PASS
OMDB_CASE physics US2.scene_pickup PASS
OMDB_CASE physics SC006.valid.floor.1 PASS
OMDB_CASE physics DEV004.valid_aim_unchanged PASS
OMDB_CASE physics US2.held_has_no_physics PASS
OMDB_CASE physics US2.valid_release PASS
OMDB_CASE physics US2.restore_collision PASS
OMDB_CASE physics SC006.preview_matches_commit PASS
OMDB_CASE physics SC006.stable_release PASS
OMDB_CASE physics US2.scene_pickup PASS
OMDB_CASE physics SC006.valid.body.1 PASS
OMDB_CASE physics US2.held_has_no_physics PASS
OMDB_CASE physics US2.valid_release PASS
OMDB_CASE physics US2.restore_collision PASS
OMDB_CASE physics SC006.preview_matches_commit PASS
OMDB_CASE physics SC006.stable_release PASS
OMDB_CASE physics US2.scene_pickup PASS
OMDB_CASE physics SC006.valid.spikes.1 PASS
OMDB_CASE physics US2.held_has_no_physics PASS
OMDB_CASE physics US2.valid_release PASS
OMDB_CASE physics US2.restore_collision PASS
OMDB_CASE physics SC006.preview_matches_commit PASS
OMDB_CASE physics SC006.stable_release PASS
OMDB_CASE physics US2.scene_pickup PASS
OMDB_CASE physics SC006.reject_reach PASS
OMDB_CASE physics SC006.reject_player PASS
OMDB_CASE physics SC006.reject_world_volume PASS
OMDB_CASE physics SC006.reject_body_volume PASS
OMDB_CASE physics SC006.reject_moving_support PASS
OMDB_CASE physics SC006.moving_support_keeps_held PASS
OMDB_CASE physics SC006.preview_initially_valid PASS
OMDB_CASE physics SC006.reject_blocked_path PASS
OMDB_CASE physics SC006.stale_preview_keeps_held PASS
OMDB_CASE physics US2.scene_pickup PASS
OMDB_CASE physics SC006.reject_missing_support PASS
OMDB_CASE physics SC006.reject_incomplete_footprint PASS
OMDB_CASE physics SC006.invalid_support_keeps_held PASS
OMDB_CASE physics US2.scene_pickup PASS
OMDB_CASE physics SC006.valid.floor.2 PASS
OMDB_CASE physics DEV004.valid_aim_unchanged PASS
OMDB_CASE physics US2.held_has_no_physics PASS
OMDB_CASE physics US2.valid_release PASS
OMDB_CASE physics US2.restore_collision PASS
OMDB_CASE physics SC006.preview_matches_commit PASS
OMDB_CASE physics SC006.stable_release PASS
OMDB_CASE physics US2.scene_pickup PASS
OMDB_CASE physics SC006.valid.body.2 PASS
OMDB_CASE physics US2.held_has_no_physics PASS
OMDB_CASE physics US2.valid_release PASS
OMDB_CASE physics US2.restore_collision PASS
OMDB_CASE physics SC006.preview_matches_commit PASS
OMDB_CASE physics SC006.stable_release PASS
OMDB_CASE physics US2.scene_pickup PASS
OMDB_CASE physics SC006.valid.spikes.2 PASS
OMDB_CASE physics US2.held_has_no_physics PASS
OMDB_CASE physics US2.valid_release PASS
OMDB_CASE physics US2.restore_collision PASS
OMDB_CASE physics SC006.preview_matches_commit PASS
OMDB_CASE physics SC006.stable_release PASS
OMDB_CASE physics US2.scene_pickup PASS
OMDB_CASE physics SC006.reject_reach PASS
OMDB_CASE physics SC006.reject_player PASS
OMDB_CASE physics SC006.reject_world_volume PASS
OMDB_CASE physics SC006.reject_body_volume PASS
OMDB_CASE physics SC006.reject_moving_support PASS
OMDB_CASE physics SC006.moving_support_keeps_held PASS
OMDB_CASE physics SC006.preview_initially_valid PASS
OMDB_CASE physics SC006.reject_blocked_path PASS
OMDB_CASE physics SC006.stale_preview_keeps_held PASS
OMDB_CASE physics US2.scene_pickup PASS
OMDB_CASE physics SC006.reject_missing_support PASS
OMDB_CASE physics SC006.reject_incomplete_footprint PASS
OMDB_CASE physics SC006.invalid_support_keeps_held PASS
OMDB_CASE physics US2.scene_pickup PASS
OMDB_CASE physics SC006.valid.floor.3 PASS
OMDB_CASE physics DEV004.valid_aim_unchanged PASS
OMDB_CASE physics US2.held_has_no_physics PASS
OMDB_CASE physics US2.valid_release PASS
OMDB_CASE physics US2.restore_collision PASS
OMDB_CASE physics SC006.preview_matches_commit PASS
OMDB_CASE physics SC006.stable_release PASS
OMDB_CASE physics US2.scene_pickup PASS
OMDB_CASE physics SC006.valid.body.3 PASS
OMDB_CASE physics US2.held_has_no_physics PASS
OMDB_CASE physics US2.valid_release PASS
OMDB_CASE physics US2.restore_collision PASS
OMDB_CASE physics SC006.preview_matches_commit PASS
OMDB_CASE physics SC006.stable_release PASS
OMDB_CASE physics US2.scene_pickup PASS
OMDB_CASE physics SC006.valid.spikes.3 PASS
OMDB_CASE physics US2.held_has_no_physics PASS
OMDB_CASE physics US2.valid_release PASS
OMDB_CASE physics US2.restore_collision PASS
OMDB_CASE physics SC006.preview_matches_commit PASS
OMDB_CASE physics SC006.stable_release PASS
OMDB_CASE physics US2.scene_pickup PASS
OMDB_CASE physics SC006.reject_reach PASS
OMDB_CASE physics SC006.reject_player PASS
OMDB_CASE physics SC006.reject_world_volume PASS
OMDB_CASE physics SC006.reject_body_volume PASS
OMDB_CASE physics SC006.reject_moving_support PASS
OMDB_CASE physics SC006.moving_support_keeps_held PASS
OMDB_CASE physics SC006.preview_initially_valid PASS
OMDB_CASE physics SC006.reject_blocked_path PASS
OMDB_CASE physics SC006.stale_preview_keeps_held PASS
OMDB_CASE physics US2.scene_pickup PASS
OMDB_CASE physics SC006.reject_missing_support PASS
OMDB_CASE physics SC006.reject_incomplete_footprint PASS
OMDB_CASE physics SC006.invalid_support_keeps_held PASS
OMDB_CASE physics US2.scene_pickup PASS
OMDB_CASE physics SC006.valid.floor.4 PASS
OMDB_CASE physics DEV004.valid_aim_unchanged PASS
OMDB_CASE physics US2.held_has_no_physics PASS
OMDB_CASE physics US2.valid_release PASS
OMDB_CASE physics US2.restore_collision PASS
OMDB_CASE physics SC006.preview_matches_commit PASS
OMDB_CASE physics SC006.stable_release PASS
OMDB_CASE physics US2.scene_pickup PASS
OMDB_CASE physics SC006.valid.body.4 PASS
OMDB_CASE physics US2.held_has_no_physics PASS
OMDB_CASE physics US2.valid_release PASS
OMDB_CASE physics US2.restore_collision PASS
OMDB_CASE physics SC006.preview_matches_commit PASS
OMDB_CASE physics SC006.stable_release PASS
OMDB_CASE physics US2.scene_pickup PASS
OMDB_CASE physics SC006.valid.spikes.4 PASS
OMDB_CASE physics US2.held_has_no_physics PASS
OMDB_CASE physics US2.valid_release PASS
OMDB_CASE physics US2.restore_collision PASS
OMDB_CASE physics SC006.preview_matches_commit PASS
OMDB_CASE physics SC006.stable_release PASS
OMDB_CASE physics US2.scene_pickup PASS
OMDB_CASE physics SC006.reject_reach PASS
OMDB_CASE physics SC006.reject_player PASS
OMDB_CASE physics SC006.reject_world_volume PASS
OMDB_CASE physics SC006.reject_body_volume PASS
OMDB_CASE physics SC006.reject_moving_support PASS
OMDB_CASE physics SC006.moving_support_keeps_held PASS
OMDB_CASE physics SC006.preview_initially_valid PASS
OMDB_CASE physics SC006.reject_blocked_path PASS
OMDB_CASE physics SC006.stale_preview_keeps_held PASS
OMDB_CASE physics US2.scene_pickup PASS
OMDB_CASE physics SC006.reject_missing_support PASS
OMDB_CASE physics SC006.reject_incomplete_footprint PASS
OMDB_CASE physics SC006.invalid_support_keeps_held PASS
OMDB_CASE physics US2.scene_pickup PASS
OMDB_CASE physics SC006.valid.floor.5 PASS
OMDB_CASE physics DEV004.valid_aim_unchanged PASS
OMDB_CASE physics US2.held_has_no_physics PASS
OMDB_CASE physics US2.valid_release PASS
OMDB_CASE physics US2.restore_collision PASS
OMDB_CASE physics SC006.preview_matches_commit PASS
OMDB_CASE physics SC006.stable_release PASS
OMDB_CASE physics US2.scene_pickup PASS
OMDB_CASE physics SC006.valid.body.5 PASS
OMDB_CASE physics US2.held_has_no_physics PASS
OMDB_CASE physics US2.valid_release PASS
OMDB_CASE physics US2.restore_collision PASS
OMDB_CASE physics SC006.preview_matches_commit PASS
OMDB_CASE physics SC006.stable_release PASS
OMDB_CASE physics US2.scene_pickup PASS
OMDB_CASE physics SC006.valid.spikes.5 PASS
OMDB_CASE physics US2.held_has_no_physics PASS
OMDB_CASE physics US2.valid_release PASS
OMDB_CASE physics US2.restore_collision PASS
OMDB_CASE physics SC006.preview_matches_commit PASS
OMDB_CASE physics SC006.stable_release PASS
OMDB_CASE physics US2.scene_pickup PASS
OMDB_CASE physics SC006.reject_reach PASS
OMDB_CASE physics SC006.reject_player PASS
OMDB_CASE physics SC006.reject_world_volume PASS
OMDB_CASE physics SC006.reject_body_volume PASS
OMDB_CASE physics SC006.reject_moving_support PASS
OMDB_CASE physics SC006.moving_support_keeps_held PASS
OMDB_CASE physics SC006.preview_initially_valid PASS
OMDB_CASE physics SC006.reject_blocked_path PASS
OMDB_CASE physics SC006.stale_preview_keeps_held PASS
OMDB_CASE physics US2.scene_pickup PASS
OMDB_CASE physics SC006.reject_missing_support PASS
OMDB_CASE physics SC006.reject_incomplete_footprint PASS
OMDB_CASE physics SC006.invalid_support_keeps_held PASS
OMDB_CASE physics US2.scene_pickup PASS
OMDB_CASE physics SC006.valid.floor.6 PASS
OMDB_CASE physics DEV004.valid_aim_unchanged PASS
OMDB_CASE physics US2.held_has_no_physics PASS
OMDB_CASE physics US2.valid_release PASS
OMDB_CASE physics US2.restore_collision PASS
OMDB_CASE physics SC006.preview_matches_commit PASS
OMDB_CASE physics SC006.stable_release PASS
OMDB_CASE physics US2.scene_pickup PASS
OMDB_CASE physics SC006.valid.body.6 PASS
OMDB_CASE physics US2.held_has_no_physics PASS
OMDB_CASE physics US2.valid_release PASS
OMDB_CASE physics US2.restore_collision PASS
OMDB_CASE physics SC006.preview_matches_commit PASS
OMDB_CASE physics SC006.stable_release PASS
OMDB_CASE physics US2.scene_pickup PASS
OMDB_CASE physics SC006.valid.spikes.6 PASS
OMDB_CASE physics US2.held_has_no_physics PASS
OMDB_CASE physics US2.valid_release PASS
OMDB_CASE physics US2.restore_collision PASS
OMDB_CASE physics SC006.preview_matches_commit PASS
OMDB_CASE physics SC006.stable_release PASS
OMDB_CASE physics US2.scene_pickup PASS
OMDB_CASE physics SC006.reject_reach PASS
OMDB_CASE physics SC006.reject_player PASS
OMDB_CASE physics SC006.reject_world_volume PASS
OMDB_CASE physics SC006.reject_body_volume PASS
OMDB_CASE physics SC006.reject_moving_support PASS
OMDB_CASE physics SC006.moving_support_keeps_held PASS
OMDB_CASE physics SC006.preview_initially_valid PASS
OMDB_CASE physics SC006.reject_blocked_path PASS
OMDB_CASE physics SC006.stale_preview_keeps_held PASS
OMDB_CASE physics US2.scene_pickup PASS
OMDB_CASE physics SC006.reject_missing_support PASS
OMDB_CASE physics SC006.reject_incomplete_footprint PASS
OMDB_CASE physics SC006.invalid_support_keeps_held PASS
OMDB_CASE physics US2.scene_pickup PASS
OMDB_CASE physics SC006.valid.floor.7 PASS
OMDB_CASE physics DEV004.valid_aim_unchanged PASS
OMDB_CASE physics US2.held_has_no_physics PASS
OMDB_CASE physics US2.valid_release PASS
OMDB_CASE physics US2.restore_collision PASS
OMDB_CASE physics SC006.preview_matches_commit PASS
OMDB_CASE physics SC006.stable_release PASS
OMDB_CASE physics US2.scene_pickup PASS
OMDB_CASE physics SC006.valid.body.7 PASS
OMDB_CASE physics US2.held_has_no_physics PASS
OMDB_CASE physics US2.valid_release PASS
OMDB_CASE physics US2.restore_collision PASS
OMDB_CASE physics SC006.preview_matches_commit PASS
OMDB_CASE physics SC006.stable_release PASS
OMDB_CASE physics US2.scene_pickup PASS
OMDB_CASE physics SC006.valid.spikes.7 PASS
OMDB_CASE physics US2.held_has_no_physics PASS
OMDB_CASE physics US2.valid_release PASS
OMDB_CASE physics US2.restore_collision PASS
OMDB_CASE physics SC006.preview_matches_commit PASS
OMDB_CASE physics SC006.stable_release PASS
OMDB_CASE physics US2.scene_pickup PASS
OMDB_CASE physics SC006.reject_reach PASS
OMDB_CASE physics SC006.reject_player PASS
OMDB_CASE physics SC006.reject_world_volume PASS
OMDB_CASE physics SC006.reject_body_volume PASS
OMDB_CASE physics SC006.reject_moving_support PASS
OMDB_CASE physics SC006.moving_support_keeps_held PASS
OMDB_CASE physics SC006.preview_initially_valid PASS
OMDB_CASE physics SC006.reject_blocked_path PASS
OMDB_CASE physics SC006.stale_preview_keeps_held PASS
OMDB_CASE physics US2.scene_pickup PASS
OMDB_CASE physics SC006.reject_missing_support PASS
OMDB_CASE physics SC006.reject_incomplete_footprint PASS
OMDB_CASE physics SC006.invalid_support_keeps_held PASS
OMDB_CASE physics US2.scene_pickup PASS
OMDB_CASE physics SC006.valid.floor.8 PASS
OMDB_CASE physics DEV004.valid_aim_unchanged PASS
OMDB_CASE physics US2.held_has_no_physics PASS
OMDB_CASE physics US2.valid_release PASS
OMDB_CASE physics US2.restore_collision PASS
OMDB_CASE physics SC006.preview_matches_commit PASS
OMDB_CASE physics SC006.stable_release PASS
OMDB_CASE physics US2.scene_pickup PASS
OMDB_CASE physics SC006.valid.body.8 PASS
OMDB_CASE physics US2.held_has_no_physics PASS
OMDB_CASE physics US2.valid_release PASS
OMDB_CASE physics US2.restore_collision PASS
OMDB_CASE physics SC006.preview_matches_commit PASS
OMDB_CASE physics SC006.stable_release PASS
OMDB_CASE physics US2.scene_pickup PASS
OMDB_CASE physics SC006.valid.spikes.8 PASS
OMDB_CASE physics US2.held_has_no_physics PASS
OMDB_CASE physics US2.valid_release PASS
OMDB_CASE physics US2.restore_collision PASS
OMDB_CASE physics SC006.preview_matches_commit PASS
OMDB_CASE physics SC006.stable_release PASS
OMDB_CASE physics US2.scene_pickup PASS
OMDB_CASE physics SC006.reject_reach PASS
OMDB_CASE physics SC006.reject_player PASS
OMDB_CASE physics SC006.reject_world_volume PASS
OMDB_CASE physics SC006.reject_body_volume PASS
OMDB_CASE physics SC006.reject_moving_support PASS
OMDB_CASE physics SC006.moving_support_keeps_held PASS
OMDB_CASE physics SC006.preview_initially_valid PASS
OMDB_CASE physics SC006.reject_blocked_path PASS
OMDB_CASE physics SC006.stale_preview_keeps_held PASS
OMDB_CASE physics US2.scene_pickup PASS
OMDB_CASE physics SC006.reject_missing_support PASS
OMDB_CASE physics SC006.reject_incomplete_footprint PASS
OMDB_CASE physics SC006.invalid_support_keeps_held PASS
OMDB_CASE physics US2.scene_pickup PASS
OMDB_CASE physics SC006.valid.floor.9 PASS
OMDB_CASE physics DEV004.valid_aim_unchanged PASS
OMDB_CASE physics US2.held_has_no_physics PASS
OMDB_CASE physics US2.valid_release PASS
OMDB_CASE physics US2.restore_collision PASS
OMDB_CASE physics SC006.preview_matches_commit PASS
OMDB_CASE physics SC006.stable_release PASS
OMDB_CASE physics US2.scene_pickup PASS
OMDB_CASE physics SC006.valid.body.9 PASS
OMDB_CASE physics US2.held_has_no_physics PASS
OMDB_CASE physics US2.valid_release PASS
OMDB_CASE physics US2.restore_collision PASS
OMDB_CASE physics SC006.preview_matches_commit PASS
OMDB_CASE physics SC006.stable_release PASS
OMDB_CASE physics US2.scene_pickup PASS
OMDB_CASE physics SC006.valid.spikes.9 PASS
OMDB_CASE physics US2.held_has_no_physics PASS
OMDB_CASE physics US2.valid_release PASS
OMDB_CASE physics US2.restore_collision PASS
OMDB_CASE physics SC006.preview_matches_commit PASS
OMDB_CASE physics SC006.stable_release PASS
OMDB_CASE physics US2.scene_pickup PASS
OMDB_CASE physics SC006.reject_reach PASS
OMDB_CASE physics SC006.reject_player PASS
OMDB_CASE physics SC006.reject_world_volume PASS
OMDB_CASE physics SC006.reject_body_volume PASS
OMDB_CASE physics SC006.reject_moving_support PASS
OMDB_CASE physics SC006.moving_support_keeps_held PASS
OMDB_CASE physics SC006.preview_initially_valid PASS
OMDB_CASE physics SC006.reject_blocked_path PASS
OMDB_CASE physics SC006.stale_preview_keeps_held PASS
OMDB_CASE physics US2.scene_pickup PASS
OMDB_CASE physics SC006.reject_missing_support PASS
OMDB_CASE physics SC006.reject_incomplete_footprint PASS
OMDB_CASE physics SC006.invalid_support_keeps_held PASS
OMDB_CASE physics US2.scene_pickup PASS
OMDB_CASE physics DEV004.intuitive_table.table_edge.0 PASS
OMDB_CASE physics DEV004.bounded_adjustment PASS
OMDB_CASE physics DEV004.continuous_facing_yaw PASS
OMDB_CASE physics DEV004.table_release.table_edge PASS
OMDB_CASE physics DEV004.preview_matches_release PASS
OMDB_CASE physics DEV004.table_rest_stable.table_edge PASS
OMDB_CASE physics US2.scene_pickup PASS
OMDB_CASE physics DEV004.intuitive_table.diagonal_edge.0 PASS
OMDB_CASE physics DEV004.bounded_adjustment PASS
OMDB_CASE physics DEV004.continuous_facing_yaw PASS
OMDB_CASE physics DEV004.table_release.diagonal_edge PASS
OMDB_CASE physics DEV004.preview_matches_release PASS
OMDB_CASE physics DEV004.table_rest_stable.diagonal_edge PASS
OMDB_CASE physics US2.scene_pickup PASS
OMDB_CASE physics DEV004.intuitive_table.raised_table.0 PASS
OMDB_CASE physics DEV004.bounded_adjustment PASS
OMDB_CASE physics DEV004.continuous_facing_yaw PASS
OMDB_CASE physics DEV004.table_release.raised_table PASS
OMDB_CASE physics DEV004.preview_matches_release PASS
OMDB_CASE physics DEV004.table_rest_stable.raised_table PASS
OMDB_CASE physics US2.scene_pickup PASS
OMDB_CASE physics DEV004.intuitive_table.second_body.0 PASS
OMDB_CASE physics DEV004.bounded_adjustment PASS
OMDB_CASE physics DEV004.continuous_facing_yaw PASS
OMDB_CASE physics DEV004.table_release.second_body PASS
OMDB_CASE physics DEV004.preview_matches_release PASS
OMDB_CASE physics DEV004.table_rest_stable.second_body PASS
OMDB_CASE physics DEV004.two_direct_table_units PASS
OMDB_CASE physics US2.scene_pickup PASS
OMDB_CASE physics DEV004.real_obstruction.wall.0 PASS
OMDB_CASE physics DEV004.invalid_still_held.wall PASS
OMDB_CASE physics US2.scene_pickup PASS
OMDB_CASE physics DEV004.real_obstruction.small_surface.0 PASS
OMDB_CASE physics DEV004.invalid_still_held.small_surface PASS
OMDB_CASE physics US2.scene_pickup PASS
OMDB_CASE physics DEV004.intuitive_table.stale_preview.0 PASS
OMDB_CASE physics DEV004.bounded_adjustment PASS
OMDB_CASE physics DEV004.continuous_facing_yaw PASS
OMDB_CASE physics DEV004.invalid_still_held.stale_preview PASS
OMDB_CASE physics US2.scene_pickup PASS
OMDB_CASE physics DEV004.intuitive_table.table_edge.1 PASS
OMDB_CASE physics DEV004.bounded_adjustment PASS
OMDB_CASE physics DEV004.continuous_facing_yaw PASS
OMDB_CASE physics DEV004.table_release.table_edge PASS
OMDB_CASE physics DEV004.preview_matches_release PASS
OMDB_CASE physics DEV004.table_rest_stable.table_edge PASS
OMDB_CASE physics US2.scene_pickup PASS
OMDB_CASE physics DEV004.intuitive_table.diagonal_edge.1 PASS
OMDB_CASE physics DEV004.bounded_adjustment PASS
OMDB_CASE physics DEV004.continuous_facing_yaw PASS
OMDB_CASE physics DEV004.table_release.diagonal_edge PASS
OMDB_CASE physics DEV004.preview_matches_release PASS
OMDB_CASE physics DEV004.table_rest_stable.diagonal_edge PASS
OMDB_CASE physics US2.scene_pickup PASS
OMDB_CASE physics DEV004.intuitive_table.raised_table.1 PASS
OMDB_CASE physics DEV004.bounded_adjustment PASS
OMDB_CASE physics DEV004.continuous_facing_yaw PASS
OMDB_CASE physics DEV004.table_release.raised_table PASS
OMDB_CASE physics DEV004.preview_matches_release PASS
OMDB_CASE physics DEV004.table_rest_stable.raised_table PASS
OMDB_CASE physics US2.scene_pickup PASS
OMDB_CASE physics DEV004.intuitive_table.second_body.1 PASS
OMDB_CASE physics DEV004.bounded_adjustment PASS
OMDB_CASE physics DEV004.continuous_facing_yaw PASS
OMDB_CASE physics DEV004.table_release.second_body PASS
OMDB_CASE physics DEV004.preview_matches_release PASS
OMDB_CASE physics DEV004.table_rest_stable.second_body PASS
OMDB_CASE physics DEV004.two_direct_table_units PASS
OMDB_CASE physics US2.scene_pickup PASS
OMDB_CASE physics DEV004.real_obstruction.wall.1 PASS
OMDB_CASE physics DEV004.invalid_still_held.wall PASS
OMDB_CASE physics US2.scene_pickup PASS
OMDB_CASE physics DEV004.real_obstruction.small_surface.1 PASS
OMDB_CASE physics DEV004.invalid_still_held.small_surface PASS
OMDB_CASE physics US2.scene_pickup PASS
OMDB_CASE physics DEV004.intuitive_table.stale_preview.1 PASS
OMDB_CASE physics DEV004.bounded_adjustment PASS
OMDB_CASE physics DEV004.continuous_facing_yaw PASS
OMDB_CASE physics DEV004.invalid_still_held.stale_preview PASS
OMDB_CASE physics US2.scene_pickup PASS
OMDB_CASE physics DEV004.intuitive_table.table_edge.2 PASS
OMDB_CASE physics DEV004.bounded_adjustment PASS
OMDB_CASE physics DEV004.continuous_facing_yaw PASS
OMDB_CASE physics DEV004.table_release.table_edge PASS
OMDB_CASE physics DEV004.preview_matches_release PASS
OMDB_CASE physics DEV004.table_rest_stable.table_edge PASS
OMDB_CASE physics US2.scene_pickup PASS
OMDB_CASE physics DEV004.intuitive_table.diagonal_edge.2 PASS
OMDB_CASE physics DEV004.bounded_adjustment PASS
OMDB_CASE physics DEV004.continuous_facing_yaw PASS
OMDB_CASE physics DEV004.table_release.diagonal_edge PASS
OMDB_CASE physics DEV004.preview_matches_release PASS
OMDB_CASE physics DEV004.table_rest_stable.diagonal_edge PASS
OMDB_CASE physics US2.scene_pickup PASS
OMDB_CASE physics DEV004.intuitive_table.raised_table.2 PASS
OMDB_CASE physics DEV004.bounded_adjustment PASS
OMDB_CASE physics DEV004.continuous_facing_yaw PASS
OMDB_CASE physics DEV004.table_release.raised_table PASS
OMDB_CASE physics DEV004.preview_matches_release PASS
OMDB_CASE physics DEV004.table_rest_stable.raised_table PASS
OMDB_CASE physics US2.scene_pickup PASS
OMDB_CASE physics DEV004.intuitive_table.second_body.2 PASS
OMDB_CASE physics DEV004.bounded_adjustment PASS
OMDB_CASE physics DEV004.continuous_facing_yaw PASS
OMDB_CASE physics DEV004.table_release.second_body PASS
OMDB_CASE physics DEV004.preview_matches_release PASS
OMDB_CASE physics DEV004.table_rest_stable.second_body PASS
OMDB_CASE physics DEV004.two_direct_table_units PASS
OMDB_CASE physics US2.scene_pickup PASS
OMDB_CASE physics DEV004.real_obstruction.wall.2 PASS
OMDB_CASE physics DEV004.invalid_still_held.wall PASS
OMDB_CASE physics US2.scene_pickup PASS
OMDB_CASE physics DEV004.real_obstruction.small_surface.2 PASS
OMDB_CASE physics DEV004.invalid_still_held.small_surface PASS
OMDB_CASE physics US2.scene_pickup PASS
OMDB_CASE physics DEV004.intuitive_table.stale_preview.2 PASS
OMDB_CASE physics DEV004.bounded_adjustment PASS
OMDB_CASE physics DEV004.continuous_facing_yaw PASS
OMDB_CASE physics DEV004.invalid_still_held.stale_preview PASS
OMDB_CASE physics US2.scene_pickup PASS
OMDB_CASE physics DEV004.intuitive_table.table_edge.3 PASS
OMDB_CASE physics DEV004.bounded_adjustment PASS
OMDB_CASE physics DEV004.continuous_facing_yaw PASS
OMDB_CASE physics DEV004.table_release.table_edge PASS
OMDB_CASE physics DEV004.preview_matches_release PASS
OMDB_CASE physics DEV004.table_rest_stable.table_edge PASS
OMDB_CASE physics US2.scene_pickup PASS
OMDB_CASE physics DEV004.intuitive_table.diagonal_edge.3 PASS
OMDB_CASE physics DEV004.bounded_adjustment PASS
OMDB_CASE physics DEV004.continuous_facing_yaw PASS
OMDB_CASE physics DEV004.table_release.diagonal_edge PASS
OMDB_CASE physics DEV004.preview_matches_release PASS
OMDB_CASE physics DEV004.table_rest_stable.diagonal_edge PASS
OMDB_CASE physics US2.scene_pickup PASS
OMDB_CASE physics DEV004.intuitive_table.raised_table.3 PASS
OMDB_CASE physics DEV004.bounded_adjustment PASS
OMDB_CASE physics DEV004.continuous_facing_yaw PASS
OMDB_CASE physics DEV004.table_release.raised_table PASS
OMDB_CASE physics DEV004.preview_matches_release PASS
OMDB_CASE physics DEV004.table_rest_stable.raised_table PASS
OMDB_CASE physics US2.scene_pickup PASS
OMDB_CASE physics DEV004.intuitive_table.second_body.3 PASS
OMDB_CASE physics DEV004.bounded_adjustment PASS
OMDB_CASE physics DEV004.continuous_facing_yaw PASS
OMDB_CASE physics DEV004.table_release.second_body PASS
OMDB_CASE physics DEV004.preview_matches_release PASS
OMDB_CASE physics DEV004.table_rest_stable.second_body PASS
OMDB_CASE physics DEV004.two_direct_table_units PASS
OMDB_CASE physics US2.scene_pickup PASS
OMDB_CASE physics DEV004.real_obstruction.wall.3 PASS
OMDB_CASE physics DEV004.invalid_still_held.wall PASS
OMDB_CASE physics US2.scene_pickup PASS
OMDB_CASE physics DEV004.real_obstruction.small_surface.3 PASS
OMDB_CASE physics DEV004.invalid_still_held.small_surface PASS
OMDB_CASE physics US2.scene_pickup PASS
OMDB_CASE physics DEV004.intuitive_table.stale_preview.3 PASS
OMDB_CASE physics DEV004.bounded_adjustment PASS
OMDB_CASE physics DEV004.continuous_facing_yaw PASS
OMDB_CASE physics DEV004.invalid_still_held.stale_preview PASS
OMDB_CASE physics US2.scene_pickup PASS
OMDB_CASE physics DEV004.intuitive_table.table_edge.4 PASS
OMDB_CASE physics DEV004.bounded_adjustment PASS
OMDB_CASE physics DEV004.continuous_facing_yaw PASS
OMDB_CASE physics DEV004.table_release.table_edge PASS
OMDB_CASE physics DEV004.preview_matches_release PASS
OMDB_CASE physics DEV004.table_rest_stable.table_edge PASS
OMDB_CASE physics US2.scene_pickup PASS
OMDB_CASE physics DEV004.intuitive_table.diagonal_edge.4 PASS
OMDB_CASE physics DEV004.bounded_adjustment PASS
OMDB_CASE physics DEV004.continuous_facing_yaw PASS
OMDB_CASE physics DEV004.table_release.diagonal_edge PASS
OMDB_CASE physics DEV004.preview_matches_release PASS
OMDB_CASE physics DEV004.table_rest_stable.diagonal_edge PASS
OMDB_CASE physics US2.scene_pickup PASS
OMDB_CASE physics DEV004.intuitive_table.raised_table.4 PASS
OMDB_CASE physics DEV004.bounded_adjustment PASS
OMDB_CASE physics DEV004.continuous_facing_yaw PASS
OMDB_CASE physics DEV004.table_release.raised_table PASS
OMDB_CASE physics DEV004.preview_matches_release PASS
OMDB_CASE physics DEV004.table_rest_stable.raised_table PASS
OMDB_CASE physics US2.scene_pickup PASS
OMDB_CASE physics DEV004.intuitive_table.second_body.4 PASS
OMDB_CASE physics DEV004.bounded_adjustment PASS
OMDB_CASE physics DEV004.continuous_facing_yaw PASS
OMDB_CASE physics DEV004.table_release.second_body PASS
OMDB_CASE physics DEV004.preview_matches_release PASS
OMDB_CASE physics DEV004.table_rest_stable.second_body PASS
OMDB_CASE physics DEV004.two_direct_table_units PASS
OMDB_CASE physics US2.scene_pickup PASS
OMDB_CASE physics DEV004.real_obstruction.wall.4 PASS
OMDB_CASE physics DEV004.invalid_still_held.wall PASS
OMDB_CASE physics US2.scene_pickup PASS
OMDB_CASE physics DEV004.real_obstruction.small_surface.4 PASS
OMDB_CASE physics DEV004.invalid_still_held.small_surface PASS
OMDB_CASE physics US2.scene_pickup PASS
OMDB_CASE physics DEV004.intuitive_table.stale_preview.4 PASS
OMDB_CASE physics DEV004.bounded_adjustment PASS
OMDB_CASE physics DEV004.continuous_facing_yaw PASS
OMDB_CASE physics DEV004.invalid_still_held.stale_preview PASS
OMDB_CASE physics US2.scene_pickup PASS
OMDB_CASE physics DEV004.intuitive_table.table_edge.5 PASS
OMDB_CASE physics DEV004.bounded_adjustment PASS
OMDB_CASE physics DEV004.continuous_facing_yaw PASS
OMDB_CASE physics DEV004.table_release.table_edge PASS
OMDB_CASE physics DEV004.preview_matches_release PASS
OMDB_CASE physics DEV004.table_rest_stable.table_edge PASS
OMDB_CASE physics US2.scene_pickup PASS
OMDB_CASE physics DEV004.intuitive_table.diagonal_edge.5 PASS
OMDB_CASE physics DEV004.bounded_adjustment PASS
OMDB_CASE physics DEV004.continuous_facing_yaw PASS
OMDB_CASE physics DEV004.table_release.diagonal_edge PASS
OMDB_CASE physics DEV004.preview_matches_release PASS
OMDB_CASE physics DEV004.table_rest_stable.diagonal_edge PASS
OMDB_CASE physics US2.scene_pickup PASS
OMDB_CASE physics DEV004.intuitive_table.raised_table.5 PASS
OMDB_CASE physics DEV004.bounded_adjustment PASS
OMDB_CASE physics DEV004.continuous_facing_yaw PASS
OMDB_CASE physics DEV004.table_release.raised_table PASS
OMDB_CASE physics DEV004.preview_matches_release PASS
OMDB_CASE physics DEV004.table_rest_stable.raised_table PASS
OMDB_CASE physics US2.scene_pickup PASS
OMDB_CASE physics DEV004.intuitive_table.second_body.5 PASS
OMDB_CASE physics DEV004.bounded_adjustment PASS
OMDB_CASE physics DEV004.continuous_facing_yaw PASS
OMDB_CASE physics DEV004.table_release.second_body PASS
OMDB_CASE physics DEV004.preview_matches_release PASS
OMDB_CASE physics DEV004.table_rest_stable.second_body PASS
OMDB_CASE physics DEV004.two_direct_table_units PASS
OMDB_CASE physics US2.scene_pickup PASS
OMDB_CASE physics DEV004.real_obstruction.wall.5 PASS
OMDB_CASE physics DEV004.invalid_still_held.wall PASS
OMDB_CASE physics US2.scene_pickup PASS
OMDB_CASE physics DEV004.real_obstruction.small_surface.5 PASS
OMDB_CASE physics DEV004.invalid_still_held.small_surface PASS
OMDB_CASE physics US2.scene_pickup PASS
OMDB_CASE physics DEV004.intuitive_table.stale_preview.5 PASS
OMDB_CASE physics DEV004.bounded_adjustment PASS
OMDB_CASE physics DEV004.continuous_facing_yaw PASS
OMDB_CASE physics DEV004.invalid_still_held.stale_preview PASS
OMDB_CASE physics US2.scene_pickup PASS
OMDB_CASE physics DEV004.intuitive_table.table_edge.6 PASS
OMDB_CASE physics DEV004.bounded_adjustment PASS
OMDB_CASE physics DEV004.continuous_facing_yaw PASS
OMDB_CASE physics DEV004.table_release.table_edge PASS
OMDB_CASE physics DEV004.preview_matches_release PASS
OMDB_CASE physics DEV004.table_rest_stable.table_edge PASS
OMDB_CASE physics US2.scene_pickup PASS
OMDB_CASE physics DEV004.intuitive_table.diagonal_edge.6 PASS
OMDB_CASE physics DEV004.bounded_adjustment PASS
OMDB_CASE physics DEV004.continuous_facing_yaw PASS
OMDB_CASE physics DEV004.table_release.diagonal_edge PASS
OMDB_CASE physics DEV004.preview_matches_release PASS
OMDB_CASE physics DEV004.table_rest_stable.diagonal_edge PASS
OMDB_CASE physics US2.scene_pickup PASS
OMDB_CASE physics DEV004.intuitive_table.raised_table.6 PASS
OMDB_CASE physics DEV004.bounded_adjustment PASS
OMDB_CASE physics DEV004.continuous_facing_yaw PASS
OMDB_CASE physics DEV004.table_release.raised_table PASS
OMDB_CASE physics DEV004.preview_matches_release PASS
OMDB_CASE physics DEV004.table_rest_stable.raised_table PASS
OMDB_CASE physics US2.scene_pickup PASS
OMDB_CASE physics DEV004.intuitive_table.second_body.6 PASS
OMDB_CASE physics DEV004.bounded_adjustment PASS
OMDB_CASE physics DEV004.continuous_facing_yaw PASS
OMDB_CASE physics DEV004.table_release.second_body PASS
OMDB_CASE physics DEV004.preview_matches_release PASS
OMDB_CASE physics DEV004.table_rest_stable.second_body PASS
OMDB_CASE physics DEV004.two_direct_table_units PASS
OMDB_CASE physics US2.scene_pickup PASS
OMDB_CASE physics DEV004.real_obstruction.wall.6 PASS
OMDB_CASE physics DEV004.invalid_still_held.wall PASS
OMDB_CASE physics US2.scene_pickup PASS
OMDB_CASE physics DEV004.real_obstruction.small_surface.6 PASS
OMDB_CASE physics DEV004.invalid_still_held.small_surface PASS
OMDB_CASE physics US2.scene_pickup PASS
OMDB_CASE physics DEV004.intuitive_table.stale_preview.6 PASS
OMDB_CASE physics DEV004.bounded_adjustment PASS
OMDB_CASE physics DEV004.continuous_facing_yaw PASS
OMDB_CASE physics DEV004.invalid_still_held.stale_preview PASS
OMDB_CASE physics US2.scene_pickup PASS
OMDB_CASE physics DEV004.intuitive_table.table_edge.7 PASS
OMDB_CASE physics DEV004.bounded_adjustment PASS
OMDB_CASE physics DEV004.continuous_facing_yaw PASS
OMDB_CASE physics DEV004.table_release.table_edge PASS
OMDB_CASE physics DEV004.preview_matches_release PASS
OMDB_CASE physics DEV004.table_rest_stable.table_edge PASS
OMDB_CASE physics US2.scene_pickup PASS
OMDB_CASE physics DEV004.intuitive_table.diagonal_edge.7 PASS
OMDB_CASE physics DEV004.bounded_adjustment PASS
OMDB_CASE physics DEV004.continuous_facing_yaw PASS
OMDB_CASE physics DEV004.table_release.diagonal_edge PASS
OMDB_CASE physics DEV004.preview_matches_release PASS
OMDB_CASE physics DEV004.table_rest_stable.diagonal_edge PASS
OMDB_CASE physics US2.scene_pickup PASS
OMDB_CASE physics DEV004.intuitive_table.raised_table.7 PASS
OMDB_CASE physics DEV004.bounded_adjustment PASS
OMDB_CASE physics DEV004.continuous_facing_yaw PASS
OMDB_CASE physics DEV004.table_release.raised_table PASS
OMDB_CASE physics DEV004.preview_matches_release PASS
OMDB_CASE physics DEV004.table_rest_stable.raised_table PASS
OMDB_CASE physics US2.scene_pickup PASS
OMDB_CASE physics DEV004.intuitive_table.second_body.7 PASS
OMDB_CASE physics DEV004.bounded_adjustment PASS
OMDB_CASE physics DEV004.continuous_facing_yaw PASS
OMDB_CASE physics DEV004.table_release.second_body PASS
OMDB_CASE physics DEV004.preview_matches_release PASS
OMDB_CASE physics DEV004.table_rest_stable.second_body PASS
OMDB_CASE physics DEV004.two_direct_table_units PASS
OMDB_CASE physics US2.scene_pickup PASS
OMDB_CASE physics DEV004.real_obstruction.wall.7 PASS
OMDB_CASE physics DEV004.invalid_still_held.wall PASS
OMDB_CASE physics US2.scene_pickup PASS
OMDB_CASE physics DEV004.real_obstruction.small_surface.7 PASS
OMDB_CASE physics DEV004.invalid_still_held.small_surface PASS
OMDB_CASE physics US2.scene_pickup PASS
OMDB_CASE physics DEV004.intuitive_table.stale_preview.7 PASS
OMDB_CASE physics DEV004.bounded_adjustment PASS
OMDB_CASE physics DEV004.continuous_facing_yaw PASS
OMDB_CASE physics DEV004.invalid_still_held.stale_preview PASS
OMDB_CASE physics US2.scene_pickup PASS
OMDB_CASE physics DEV004.intuitive_table.table_edge.8 PASS
OMDB_CASE physics DEV004.bounded_adjustment PASS
OMDB_CASE physics DEV004.continuous_facing_yaw PASS
OMDB_CASE physics DEV004.table_release.table_edge PASS
OMDB_CASE physics DEV004.preview_matches_release PASS
OMDB_CASE physics DEV004.table_rest_stable.table_edge PASS
OMDB_CASE physics US2.scene_pickup PASS
OMDB_CASE physics DEV004.intuitive_table.diagonal_edge.8 PASS
OMDB_CASE physics DEV004.bounded_adjustment PASS
OMDB_CASE physics DEV004.continuous_facing_yaw PASS
OMDB_CASE physics DEV004.table_release.diagonal_edge PASS
OMDB_CASE physics DEV004.preview_matches_release PASS
OMDB_CASE physics DEV004.table_rest_stable.diagonal_edge PASS
OMDB_CASE physics US2.scene_pickup PASS
OMDB_CASE physics DEV004.intuitive_table.raised_table.8 PASS
OMDB_CASE physics DEV004.bounded_adjustment PASS
OMDB_CASE physics DEV004.continuous_facing_yaw PASS
OMDB_CASE physics DEV004.table_release.raised_table PASS
OMDB_CASE physics DEV004.preview_matches_release PASS
OMDB_CASE physics DEV004.table_rest_stable.raised_table PASS
OMDB_CASE physics US2.scene_pickup PASS
OMDB_CASE physics DEV004.intuitive_table.second_body.8 PASS
OMDB_CASE physics DEV004.bounded_adjustment PASS
OMDB_CASE physics DEV004.continuous_facing_yaw PASS
OMDB_CASE physics DEV004.table_release.second_body PASS
OMDB_CASE physics DEV004.preview_matches_release PASS
OMDB_CASE physics DEV004.table_rest_stable.second_body PASS
OMDB_CASE physics DEV004.two_direct_table_units PASS
OMDB_CASE physics US2.scene_pickup PASS
OMDB_CASE physics DEV004.real_obstruction.wall.8 PASS
OMDB_CASE physics DEV004.invalid_still_held.wall PASS
OMDB_CASE physics US2.scene_pickup PASS
OMDB_CASE physics DEV004.real_obstruction.small_surface.8 PASS
OMDB_CASE physics DEV004.invalid_still_held.small_surface PASS
OMDB_CASE physics US2.scene_pickup PASS
OMDB_CASE physics DEV004.intuitive_table.stale_preview.8 PASS
OMDB_CASE physics DEV004.bounded_adjustment PASS
OMDB_CASE physics DEV004.continuous_facing_yaw PASS
OMDB_CASE physics DEV004.invalid_still_held.stale_preview PASS
OMDB_CASE physics US2.scene_pickup PASS
OMDB_CASE physics DEV004.intuitive_table.table_edge.9 PASS
OMDB_CASE physics DEV004.bounded_adjustment PASS
OMDB_CASE physics DEV004.continuous_facing_yaw PASS
OMDB_CASE physics DEV004.table_release.table_edge PASS
OMDB_CASE physics DEV004.preview_matches_release PASS
OMDB_CASE physics DEV004.table_rest_stable.table_edge PASS
OMDB_CASE physics US2.scene_pickup PASS
OMDB_CASE physics DEV004.intuitive_table.diagonal_edge.9 PASS
OMDB_CASE physics DEV004.bounded_adjustment PASS
OMDB_CASE physics DEV004.continuous_facing_yaw PASS
OMDB_CASE physics DEV004.table_release.diagonal_edge PASS
OMDB_CASE physics DEV004.preview_matches_release PASS
OMDB_CASE physics DEV004.table_rest_stable.diagonal_edge PASS
OMDB_CASE physics US2.scene_pickup PASS
OMDB_CASE physics DEV004.intuitive_table.raised_table.9 PASS
OMDB_CASE physics DEV004.bounded_adjustment PASS
OMDB_CASE physics DEV004.continuous_facing_yaw PASS
OMDB_CASE physics DEV004.table_release.raised_table PASS
OMDB_CASE physics DEV004.preview_matches_release PASS
OMDB_CASE physics DEV004.table_rest_stable.raised_table PASS
OMDB_CASE physics US2.scene_pickup PASS
OMDB_CASE physics DEV004.intuitive_table.second_body.9 PASS
OMDB_CASE physics DEV004.bounded_adjustment PASS
OMDB_CASE physics DEV004.continuous_facing_yaw PASS
OMDB_CASE physics DEV004.table_release.second_body PASS
OMDB_CASE physics DEV004.preview_matches_release PASS
OMDB_CASE physics DEV004.table_rest_stable.second_body PASS
OMDB_CASE physics DEV004.two_direct_table_units PASS
OMDB_CASE physics US2.scene_pickup PASS
OMDB_CASE physics DEV004.real_obstruction.wall.9 PASS
OMDB_CASE physics DEV004.invalid_still_held.wall PASS
OMDB_CASE physics US2.scene_pickup PASS
OMDB_CASE physics DEV004.real_obstruction.small_surface.9 PASS
OMDB_CASE physics DEV004.invalid_still_held.small_surface PASS
OMDB_CASE physics US2.scene_pickup PASS
OMDB_CASE physics DEV004.intuitive_table.stale_preview.9 PASS
OMDB_CASE physics DEV004.bounded_adjustment PASS
OMDB_CASE physics DEV004.continuous_facing_yaw PASS
OMDB_CASE physics DEV004.invalid_still_held.stale_preview PASS
OMDB_CASE physics US2.scene_pickup PASS
OMDB_CASE physics US7.animation_player_shape_isolated.Idle PASS
OMDB_CASE physics US7.animation_held_eligibility_unchanged PASS
OMDB_CASE physics US7.animation_player_shape_isolated.Move PASS
OMDB_CASE physics US7.animation_held_eligibility_unchanged PASS
OMDB_CASE physics US7.animation_player_shape_isolated.Hurt PASS
OMDB_CASE physics US7.animation_held_eligibility_unchanged PASS
OMDB_CASE physics US7.effects_have_no_physics PASS
OMDB_CASE physics US7.effects_have_no_physics PASS
OMDB_CASE physics US7.effects_have_no_physics PASS
OMDB_CASE physics US7.cosmetic_budget_under_burst_load PASS
OMDB_CASE physics US7.effects_do_not_mutate_queue_or_support PASS
OMDB_CASE physics US7.effects_expire_in_active_play PASS
OMDB_CASE physics US2.scene_pickup PASS
OMDB_CASE physics US7.animation_player_shape_isolated.Idle PASS
OMDB_CASE physics US7.animation_held_eligibility_unchanged PASS
OMDB_CASE physics US7.animation_player_shape_isolated.Move PASS
OMDB_CASE physics US7.animation_held_eligibility_unchanged PASS
OMDB_CASE physics US7.animation_player_shape_isolated.Hurt PASS
OMDB_CASE physics US7.animation_held_eligibility_unchanged PASS
OMDB_CASE physics US7.effects_have_no_physics PASS
OMDB_CASE physics US7.effects_have_no_physics PASS
OMDB_CASE physics US7.effects_have_no_physics PASS
OMDB_CASE physics US7.cosmetic_budget_under_burst_load PASS
OMDB_CASE physics US7.effects_do_not_mutate_queue_or_support PASS
OMDB_CASE physics US7.effects_expire_in_active_play PASS
OMDB_CASE physics US2.scene_pickup PASS
OMDB_CASE physics US7.animation_player_shape_isolated.Idle PASS
OMDB_CASE physics US7.animation_held_eligibility_unchanged PASS
OMDB_CASE physics US7.animation_player_shape_isolated.Move PASS
OMDB_CASE physics US7.animation_held_eligibility_unchanged PASS
OMDB_CASE physics US7.animation_player_shape_isolated.Hurt PASS
OMDB_CASE physics US7.animation_held_eligibility_unchanged PASS
OMDB_CASE physics US7.effects_have_no_physics PASS
OMDB_CASE physics US7.effects_have_no_physics PASS
OMDB_CASE physics US7.effects_have_no_physics PASS
OMDB_CASE physics US7.cosmetic_budget_under_burst_load PASS
OMDB_CASE physics US7.effects_do_not_mutate_queue_or_support PASS
OMDB_CASE physics US7.effects_expire_in_active_play PASS
OMDB_CASE physics US2.scene_pickup PASS
OMDB_CASE physics US7.animation_player_shape_isolated.Idle PASS
OMDB_CASE physics US7.animation_held_eligibility_unchanged PASS
OMDB_CASE physics US7.animation_player_shape_isolated.Move PASS
OMDB_CASE physics US7.animation_held_eligibility_unchanged PASS
OMDB_CASE physics US7.animation_player_shape_isolated.Hurt PASS
OMDB_CASE physics US7.animation_held_eligibility_unchanged PASS
OMDB_CASE physics US7.effects_have_no_physics PASS
OMDB_CASE physics US7.effects_have_no_physics PASS
OMDB_CASE physics US7.effects_have_no_physics PASS
OMDB_CASE physics US7.cosmetic_budget_under_burst_load PASS
OMDB_CASE physics US7.effects_do_not_mutate_queue_or_support PASS
OMDB_CASE physics US7.effects_expire_in_active_play PASS
OMDB_CASE physics US2.scene_pickup PASS
OMDB_CASE physics US7.animation_player_shape_isolated.Idle PASS
OMDB_CASE physics US7.animation_held_eligibility_unchanged PASS
OMDB_CASE physics US7.animation_player_shape_isolated.Move PASS
OMDB_CASE physics US7.animation_held_eligibility_unchanged PASS
OMDB_CASE physics US7.animation_player_shape_isolated.Hurt PASS
OMDB_CASE physics US7.animation_held_eligibility_unchanged PASS
OMDB_CASE physics US7.effects_have_no_physics PASS
OMDB_CASE physics US7.effects_have_no_physics PASS
OMDB_CASE physics US7.effects_have_no_physics PASS
OMDB_CASE physics US7.cosmetic_budget_under_burst_load PASS
OMDB_CASE physics US7.effects_do_not_mutate_queue_or_support PASS
OMDB_CASE physics US7.effects_expire_in_active_play PASS
OMDB_CASE physics US2.scene_pickup PASS
OMDB_CASE physics US7.animation_player_shape_isolated.Idle PASS
OMDB_CASE physics US7.animation_held_eligibility_unchanged PASS
OMDB_CASE physics US7.animation_player_shape_isolated.Move PASS
OMDB_CASE physics US7.animation_held_eligibility_unchanged PASS
OMDB_CASE physics US7.animation_player_shape_isolated.Hurt PASS
OMDB_CASE physics US7.animation_held_eligibility_unchanged PASS
OMDB_CASE physics US7.effects_have_no_physics PASS
OMDB_CASE physics US7.effects_have_no_physics PASS
OMDB_CASE physics US7.effects_have_no_physics PASS
OMDB_CASE physics US7.cosmetic_budget_under_burst_load PASS
OMDB_CASE physics US7.effects_do_not_mutate_queue_or_support PASS
OMDB_CASE physics US7.effects_expire_in_active_play PASS
OMDB_CASE physics US2.scene_pickup PASS
OMDB_CASE physics US7.animation_player_shape_isolated.Idle PASS
OMDB_CASE physics US7.animation_held_eligibility_unchanged PASS
OMDB_CASE physics US7.animation_player_shape_isolated.Move PASS
OMDB_CASE physics US7.animation_held_eligibility_unchanged PASS
OMDB_CASE physics US7.animation_player_shape_isolated.Hurt PASS
OMDB_CASE physics US7.animation_held_eligibility_unchanged PASS
OMDB_CASE physics US7.effects_have_no_physics PASS
OMDB_CASE physics US7.effects_have_no_physics PASS
OMDB_CASE physics US7.effects_have_no_physics PASS
OMDB_CASE physics US7.cosmetic_budget_under_burst_load PASS
OMDB_CASE physics US7.effects_do_not_mutate_queue_or_support PASS
OMDB_CASE physics US7.effects_expire_in_active_play PASS
OMDB_CASE physics US2.scene_pickup PASS
OMDB_CASE physics US7.animation_player_shape_isolated.Idle PASS
OMDB_CASE physics US7.animation_held_eligibility_unchanged PASS
OMDB_CASE physics US7.animation_player_shape_isolated.Move PASS
OMDB_CASE physics US7.animation_held_eligibility_unchanged PASS
OMDB_CASE physics US7.animation_player_shape_isolated.Hurt PASS
OMDB_CASE physics US7.animation_held_eligibility_unchanged PASS
OMDB_CASE physics US7.effects_have_no_physics PASS
OMDB_CASE physics US7.effects_have_no_physics PASS
OMDB_CASE physics US7.effects_have_no_physics PASS
OMDB_CASE physics US7.cosmetic_budget_under_burst_load PASS
OMDB_CASE physics US7.effects_do_not_mutate_queue_or_support PASS
OMDB_CASE physics US7.effects_expire_in_active_play PASS
OMDB_CASE physics US2.scene_pickup PASS
OMDB_CASE physics US7.animation_player_shape_isolated.Idle PASS
OMDB_CASE physics US7.animation_held_eligibility_unchanged PASS
OMDB_CASE physics US7.animation_player_shape_isolated.Move PASS
OMDB_CASE physics US7.animation_held_eligibility_unchanged PASS
OMDB_CASE physics US7.animation_player_shape_isolated.Hurt PASS
OMDB_CASE physics US7.animation_held_eligibility_unchanged PASS
OMDB_CASE physics US7.effects_have_no_physics PASS
OMDB_CASE physics US7.effects_have_no_physics PASS
OMDB_CASE physics US7.effects_have_no_physics PASS
OMDB_CASE physics US7.cosmetic_budget_under_burst_load PASS
OMDB_CASE physics US7.effects_do_not_mutate_queue_or_support PASS
OMDB_CASE physics US7.effects_expire_in_active_play PASS
OMDB_CASE physics US2.scene_pickup PASS
OMDB_CASE physics US7.animation_player_shape_isolated.Idle PASS
OMDB_CASE physics US7.animation_held_eligibility_unchanged PASS
OMDB_CASE physics US7.animation_player_shape_isolated.Move PASS
OMDB_CASE physics US7.animation_held_eligibility_unchanged PASS
OMDB_CASE physics US7.animation_player_shape_isolated.Hurt PASS
OMDB_CASE physics US7.animation_held_eligibility_unchanged PASS
OMDB_CASE physics US7.effects_have_no_physics PASS
OMDB_CASE physics US7.effects_have_no_physics PASS
OMDB_CASE physics US7.effects_have_no_physics PASS
OMDB_CASE physics US7.cosmetic_budget_under_burst_load PASS
OMDB_CASE physics US7.effects_do_not_mutate_queue_or_support PASS
OMDB_CASE physics US7.effects_expire_in_active_play PASS
OMDB_CASE physics US2.scene_pickup PASS
OMDB_CASE physics US7.death_feedback_appears_after_commit PASS
OMDB_CASE physics US7.feedback_preserves_respawn_deadline.0 PASS
OMDB_CASE physics US2.scene_pickup PASS
OMDB_CASE physics US7.death_feedback_appears_after_commit PASS
OMDB_CASE physics US7.feedback_preserves_respawn_deadline.1 PASS
OMDB_CASE physics US2.scene_pickup PASS
OMDB_CASE physics US7.death_feedback_appears_after_commit PASS
OMDB_CASE physics US7.feedback_preserves_respawn_deadline.2 PASS
OMDB_CASE physics US2.scene_pickup PASS
OMDB_CASE physics US7.death_feedback_appears_after_commit PASS
OMDB_CASE physics US7.feedback_preserves_respawn_deadline.3 PASS
OMDB_CASE physics US2.scene_pickup PASS
OMDB_CASE physics US7.death_feedback_appears_after_commit PASS
OMDB_CASE physics US7.feedback_preserves_respawn_deadline.4 PASS
OMDB_CASE physics US2.scene_pickup PASS
OMDB_CASE physics US7.death_feedback_appears_after_commit PASS
OMDB_CASE physics US7.feedback_preserves_respawn_deadline.5 PASS
OMDB_CASE physics US2.scene_pickup PASS
OMDB_CASE physics US7.death_feedback_appears_after_commit PASS
OMDB_CASE physics US7.feedback_preserves_respawn_deadline.6 PASS
OMDB_CASE physics US2.scene_pickup PASS
OMDB_CASE physics US7.death_feedback_appears_after_commit PASS
OMDB_CASE physics US7.feedback_preserves_respawn_deadline.7 PASS
OMDB_CASE physics US2.scene_pickup PASS
OMDB_CASE physics US7.death_feedback_appears_after_commit PASS
OMDB_CASE physics US7.feedback_preserves_respawn_deadline.8 PASS
OMDB_CASE physics US2.scene_pickup PASS
OMDB_CASE physics US7.death_feedback_appears_after_commit PASS
OMDB_CASE physics US7.feedback_preserves_respawn_deadline.9 PASS
OMDB_CASE physics US2.scene_pickup PASS
OMDB_CASE physics US7.death_feedback_appears_after_commit PASS
OMDB_CASE physics US7.feedback_preserves_respawn_deadline.10 PASS
OMDB_CASE physics US2.scene_pickup PASS
OMDB_CASE physics US7.death_feedback_appears_after_commit PASS
OMDB_CASE physics US7.feedback_preserves_respawn_deadline.11 PASS
OMDB_CASE physics US2.scene_pickup PASS
OMDB_CASE physics US7.death_feedback_appears_after_commit PASS
OMDB_CASE physics US7.feedback_preserves_respawn_deadline.12 PASS
OMDB_CASE physics US2.scene_pickup PASS
OMDB_CASE physics US7.death_feedback_appears_after_commit PASS
OMDB_CASE physics US7.feedback_preserves_respawn_deadline.13 PASS
OMDB_CASE physics US2.scene_pickup PASS
OMDB_CASE physics US7.death_feedback_appears_after_commit PASS
OMDB_CASE physics US7.feedback_preserves_respawn_deadline.14 PASS
OMDB_CASE physics US2.scene_pickup PASS
OMDB_CASE physics US7.death_feedback_appears_after_commit PASS
OMDB_CASE physics US7.feedback_preserves_respawn_deadline.15 PASS
OMDB_CASE physics US2.scene_pickup PASS
OMDB_CASE physics US7.death_feedback_appears_after_commit PASS
OMDB_CASE physics US7.feedback_preserves_respawn_deadline.16 PASS
OMDB_CASE physics US2.scene_pickup PASS
OMDB_CASE physics US7.death_feedback_appears_after_commit PASS
OMDB_CASE physics US7.feedback_preserves_respawn_deadline.17 PASS
OMDB_CASE physics US2.scene_pickup PASS
OMDB_CASE physics US7.death_feedback_appears_after_commit PASS
OMDB_CASE physics US7.feedback_preserves_respawn_deadline.18 PASS
OMDB_CASE physics US2.scene_pickup PASS
OMDB_CASE physics US7.death_feedback_appears_after_commit PASS
OMDB_CASE physics US7.feedback_preserves_respawn_deadline.19 PASS
OMDB_CASE physics US5.room01.teaches_before_death PASS
OMDB_CASE physics US5.room01.hazard_created_body.0 PASS
OMDB_CASE physics US5.room01.teaches_body_after_death PASS
OMDB_CASE physics US5.room01.controller_teaching PASS
OMDB_CASE physics US5.room01.body_supported_far_bank PASS
OMDB_CASE physics US5.room01.real_exit_completed PASS
OMDB_CASE physics US5.room01.one_body_no_carry PASS
OMDB_SOLUTION room_01 trial=0 ticks=290 retained=1 created=1 poses=[(0.165048, 0.225, 0.0)]
OMDB_CASE physics US5.room01.empty_jump_blocked.0.-5.6.-2.70 PASS
OMDB_CASE physics US5.room01.empty_jump_blocked.0.-5.6.-2.35 PASS
OMDB_CASE physics US5.room01.empty_jump_blocked.0.-5.6.-2.15 PASS
OMDB_CASE physics US5.room01.empty_jump_blocked.0.0.0.-2.70 PASS
OMDB_CASE physics US5.room01.empty_jump_blocked.0.0.0.-2.35 PASS
OMDB_CASE physics US5.room01.empty_jump_blocked.0.0.0.-2.15 PASS
OMDB_CASE physics US5.room01.empty_jump_blocked.0.5.6.-2.70 PASS
OMDB_CASE physics US5.room01.empty_jump_blocked.0.5.6.-2.35 PASS
OMDB_CASE physics US5.room01.empty_jump_blocked.0.5.6.-2.15 PASS
OMDB_CASE physics US5.room01.teaches_before_death PASS
OMDB_CASE physics US5.room01.hazard_created_body.1 PASS
OMDB_CASE physics US5.room01.teaches_body_after_death PASS
OMDB_CASE physics US5.room01.controller_teaching PASS
OMDB_CASE physics US5.room01.body_supported_far_bank PASS
OMDB_CASE physics US5.room01.real_exit_completed PASS
OMDB_CASE physics US5.room01.one_body_no_carry PASS
OMDB_SOLUTION room_01 trial=1 ticks=290 retained=1 created=1 poses=[(0.165048, 0.225, 0.0)]
OMDB_CASE physics US5.room01.empty_jump_blocked.1.-5.6.-2.70 PASS
OMDB_CASE physics US5.room01.empty_jump_blocked.1.-5.6.-2.35 PASS
OMDB_CASE physics US5.room01.empty_jump_blocked.1.-5.6.-2.15 PASS
OMDB_CASE physics US5.room01.empty_jump_blocked.1.0.0.-2.70 PASS
OMDB_CASE physics US5.room01.empty_jump_blocked.1.0.0.-2.35 PASS
OMDB_CASE physics US5.room01.empty_jump_blocked.1.0.0.-2.15 PASS
OMDB_CASE physics US5.room01.empty_jump_blocked.1.5.6.-2.70 PASS
OMDB_CASE physics US5.room01.empty_jump_blocked.1.5.6.-2.35 PASS
OMDB_CASE physics US5.room01.empty_jump_blocked.1.5.6.-2.15 PASS
OMDB_CASE physics US5.room01.teaches_before_death PASS
OMDB_CASE physics US5.room01.hazard_created_body.2 PASS
OMDB_CASE physics US5.room01.teaches_body_after_death PASS
OMDB_CASE physics US5.room01.controller_teaching PASS
OMDB_CASE physics US5.room01.body_supported_far_bank PASS
OMDB_CASE physics US5.room01.real_exit_completed PASS
OMDB_CASE physics US5.room01.one_body_no_carry PASS
OMDB_SOLUTION room_01 trial=2 ticks=290 retained=1 created=1 poses=[(0.165048, 0.225, 0.0)]
OMDB_CASE physics US5.room01.empty_jump_blocked.2.-5.6.-2.70 PASS
OMDB_CASE physics US5.room01.empty_jump_blocked.2.-5.6.-2.35 PASS
OMDB_CASE physics US5.room01.empty_jump_blocked.2.-5.6.-2.15 PASS
OMDB_CASE physics US5.room01.empty_jump_blocked.2.0.0.-2.70 PASS
OMDB_CASE physics US5.room01.empty_jump_blocked.2.0.0.-2.35 PASS
OMDB_CASE physics US5.room01.empty_jump_blocked.2.0.0.-2.15 PASS
OMDB_CASE physics US5.room01.empty_jump_blocked.2.5.6.-2.70 PASS
OMDB_CASE physics US5.room01.empty_jump_blocked.2.5.6.-2.35 PASS
OMDB_CASE physics US5.room01.empty_jump_blocked.2.5.6.-2.15 PASS
OMDB_CASE physics US5.room01.teaches_before_death PASS
OMDB_CASE physics US5.room01.hazard_created_body.3 PASS
OMDB_CASE physics US5.room01.teaches_body_after_death PASS
OMDB_CASE physics US5.room01.controller_teaching PASS
OMDB_CASE physics US5.room01.body_supported_far_bank PASS
OMDB_CASE physics US5.room01.real_exit_completed PASS
OMDB_CASE physics US5.room01.one_body_no_carry PASS
OMDB_SOLUTION room_01 trial=3 ticks=290 retained=1 created=1 poses=[(0.165048, 0.225, 0.0)]
OMDB_CASE physics US5.room01.empty_jump_blocked.3.-5.6.-2.70 PASS
OMDB_CASE physics US5.room01.empty_jump_blocked.3.-5.6.-2.35 PASS
OMDB_CASE physics US5.room01.empty_jump_blocked.3.-5.6.-2.15 PASS
OMDB_CASE physics US5.room01.empty_jump_blocked.3.0.0.-2.70 PASS
OMDB_CASE physics US5.room01.empty_jump_blocked.3.0.0.-2.35 PASS
OMDB_CASE physics US5.room01.empty_jump_blocked.3.0.0.-2.15 PASS
OMDB_CASE physics US5.room01.empty_jump_blocked.3.5.6.-2.70 PASS
OMDB_CASE physics US5.room01.empty_jump_blocked.3.5.6.-2.35 PASS
OMDB_CASE physics US5.room01.empty_jump_blocked.3.5.6.-2.15 PASS
OMDB_CASE physics US5.room01.teaches_before_death PASS
OMDB_CASE physics US5.room01.hazard_created_body.4 PASS
OMDB_CASE physics US5.room01.teaches_body_after_death PASS
OMDB_CASE physics US5.room01.controller_teaching PASS
OMDB_CASE physics US5.room01.body_supported_far_bank PASS
OMDB_CASE physics US5.room01.real_exit_completed PASS
OMDB_CASE physics US5.room01.one_body_no_carry PASS
OMDB_SOLUTION room_01 trial=4 ticks=290 retained=1 created=1 poses=[(0.165048, 0.225, 0.0)]
OMDB_CASE physics US5.room01.empty_jump_blocked.4.-5.6.-2.70 PASS
OMDB_CASE physics US5.room01.empty_jump_blocked.4.-5.6.-2.35 PASS
OMDB_CASE physics US5.room01.empty_jump_blocked.4.-5.6.-2.15 PASS
OMDB_CASE physics US5.room01.empty_jump_blocked.4.0.0.-2.70 PASS
OMDB_CASE physics US5.room01.empty_jump_blocked.4.0.0.-2.35 PASS
OMDB_CASE physics US5.room01.empty_jump_blocked.4.0.0.-2.15 PASS
OMDB_CASE physics US5.room01.empty_jump_blocked.4.5.6.-2.70 PASS
OMDB_CASE physics US5.room01.empty_jump_blocked.4.5.6.-2.35 PASS
OMDB_CASE physics US5.room01.empty_jump_blocked.4.5.6.-2.15 PASS
OMDB_CASE physics US5.room01.teaches_before_death PASS
OMDB_CASE physics US5.room01.hazard_created_body.5 PASS
OMDB_CASE physics US5.room01.teaches_body_after_death PASS
OMDB_CASE physics US5.room01.controller_teaching PASS
OMDB_CASE physics US5.room01.body_supported_far_bank PASS
OMDB_CASE physics US5.room01.real_exit_completed PASS
OMDB_CASE physics US5.room01.one_body_no_carry PASS
OMDB_SOLUTION room_01 trial=5 ticks=290 retained=1 created=1 poses=[(0.165048, 0.225, 0.0)]
OMDB_CASE physics US5.room01.empty_jump_blocked.5.-5.6.-2.70 PASS
OMDB_CASE physics US5.room01.empty_jump_blocked.5.-5.6.-2.35 PASS
OMDB_CASE physics US5.room01.empty_jump_blocked.5.-5.6.-2.15 PASS
OMDB_CASE physics US5.room01.empty_jump_blocked.5.0.0.-2.70 PASS
OMDB_CASE physics US5.room01.empty_jump_blocked.5.0.0.-2.35 PASS
OMDB_CASE physics US5.room01.empty_jump_blocked.5.0.0.-2.15 PASS
OMDB_CASE physics US5.room01.empty_jump_blocked.5.5.6.-2.70 PASS
OMDB_CASE physics US5.room01.empty_jump_blocked.5.5.6.-2.35 PASS
OMDB_CASE physics US5.room01.empty_jump_blocked.5.5.6.-2.15 PASS
OMDB_CASE physics US5.room01.teaches_before_death PASS
OMDB_CASE physics US5.room01.hazard_created_body.6 PASS
OMDB_CASE physics US5.room01.teaches_body_after_death PASS
OMDB_CASE physics US5.room01.controller_teaching PASS
OMDB_CASE physics US5.room01.body_supported_far_bank PASS
OMDB_CASE physics US5.room01.real_exit_completed PASS
OMDB_CASE physics US5.room01.one_body_no_carry PASS
OMDB_SOLUTION room_01 trial=6 ticks=290 retained=1 created=1 poses=[(0.165048, 0.225, 0.0)]
OMDB_CASE physics US5.room01.empty_jump_blocked.6.-5.6.-2.70 PASS
OMDB_CASE physics US5.room01.empty_jump_blocked.6.-5.6.-2.35 PASS
OMDB_CASE physics US5.room01.empty_jump_blocked.6.-5.6.-2.15 PASS
OMDB_CASE physics US5.room01.empty_jump_blocked.6.0.0.-2.70 PASS
OMDB_CASE physics US5.room01.empty_jump_blocked.6.0.0.-2.35 PASS
OMDB_CASE physics US5.room01.empty_jump_blocked.6.0.0.-2.15 PASS
OMDB_CASE physics US5.room01.empty_jump_blocked.6.5.6.-2.70 PASS
OMDB_CASE physics US5.room01.empty_jump_blocked.6.5.6.-2.35 PASS
OMDB_CASE physics US5.room01.empty_jump_blocked.6.5.6.-2.15 PASS
OMDB_CASE physics US5.room01.teaches_before_death PASS
OMDB_CASE physics US5.room01.hazard_created_body.7 PASS
OMDB_CASE physics US5.room01.teaches_body_after_death PASS
OMDB_CASE physics US5.room01.controller_teaching PASS
OMDB_CASE physics US5.room01.body_supported_far_bank PASS
OMDB_CASE physics US5.room01.real_exit_completed PASS
OMDB_CASE physics US5.room01.one_body_no_carry PASS
OMDB_SOLUTION room_01 trial=7 ticks=290 retained=1 created=1 poses=[(0.165048, 0.225, 0.0)]
OMDB_CASE physics US5.room01.empty_jump_blocked.7.-5.6.-2.70 PASS
OMDB_CASE physics US5.room01.empty_jump_blocked.7.-5.6.-2.35 PASS
OMDB_CASE physics US5.room01.empty_jump_blocked.7.-5.6.-2.15 PASS
OMDB_CASE physics US5.room01.empty_jump_blocked.7.0.0.-2.70 PASS
OMDB_CASE physics US5.room01.empty_jump_blocked.7.0.0.-2.35 PASS
OMDB_CASE physics US5.room01.empty_jump_blocked.7.0.0.-2.15 PASS
OMDB_CASE physics US5.room01.empty_jump_blocked.7.5.6.-2.70 PASS
OMDB_CASE physics US5.room01.empty_jump_blocked.7.5.6.-2.35 PASS
OMDB_CASE physics US5.room01.empty_jump_blocked.7.5.6.-2.15 PASS
OMDB_CASE physics US5.room01.teaches_before_death PASS
OMDB_CASE physics US5.room01.hazard_created_body.8 PASS
OMDB_CASE physics US5.room01.teaches_body_after_death PASS
OMDB_CASE physics US5.room01.controller_teaching PASS
OMDB_CASE physics US5.room01.body_supported_far_bank PASS
OMDB_CASE physics US5.room01.real_exit_completed PASS
OMDB_CASE physics US5.room01.one_body_no_carry PASS
OMDB_SOLUTION room_01 trial=8 ticks=290 retained=1 created=1 poses=[(0.165048, 0.225, 0.0)]
OMDB_CASE physics US5.room01.empty_jump_blocked.8.-5.6.-2.70 PASS
OMDB_CASE physics US5.room01.empty_jump_blocked.8.-5.6.-2.35 PASS
OMDB_CASE physics US5.room01.empty_jump_blocked.8.-5.6.-2.15 PASS
OMDB_CASE physics US5.room01.empty_jump_blocked.8.0.0.-2.70 PASS
OMDB_CASE physics US5.room01.empty_jump_blocked.8.0.0.-2.35 PASS
OMDB_CASE physics US5.room01.empty_jump_blocked.8.0.0.-2.15 PASS
OMDB_CASE physics US5.room01.empty_jump_blocked.8.5.6.-2.70 PASS
OMDB_CASE physics US5.room01.empty_jump_blocked.8.5.6.-2.35 PASS
OMDB_CASE physics US5.room01.empty_jump_blocked.8.5.6.-2.15 PASS
OMDB_CASE physics US5.room01.teaches_before_death PASS
OMDB_CASE physics US5.room01.hazard_created_body.9 PASS
OMDB_CASE physics US5.room01.teaches_body_after_death PASS
OMDB_CASE physics US5.room01.controller_teaching PASS
OMDB_CASE physics US5.room01.body_supported_far_bank PASS
OMDB_CASE physics US5.room01.real_exit_completed PASS
OMDB_CASE physics US5.room01.one_body_no_carry PASS
OMDB_SOLUTION room_01 trial=9 ticks=290 retained=1 created=1 poses=[(0.165048, 0.225, 0.0)]
OMDB_CASE physics US5.room01.empty_jump_blocked.9.-5.6.-2.70 PASS
OMDB_CASE physics US5.room01.empty_jump_blocked.9.-5.6.-2.35 PASS
OMDB_CASE physics US5.room01.empty_jump_blocked.9.-5.6.-2.15 PASS
OMDB_CASE physics US5.room01.empty_jump_blocked.9.0.0.-2.70 PASS
OMDB_CASE physics US5.room01.empty_jump_blocked.9.0.0.-2.35 PASS
OMDB_CASE physics US5.room01.empty_jump_blocked.9.0.0.-2.15 PASS
OMDB_CASE physics US5.room01.empty_jump_blocked.9.5.6.-2.70 PASS
OMDB_CASE physics US5.room01.empty_jump_blocked.9.5.6.-2.35 PASS
OMDB_CASE physics US5.room01.empty_jump_blocked.9.5.6.-2.15 PASS
OMDB_CASE physics ART.saw_hookup PASS
OMDB_CASE physics ART.saw_axle_bounds PASS
OMDB_CASE physics ART.saw_active_motion PASS
OMDB_CASE physics ART.saw_persistent_independent_jam PASS
OMDB_CASE physics ART.saw_remaining_contributor PASS
OMDB_CASE physics ART.saw_held_excluded PASS
OMDB_CASE physics ART.saw_immediate_reactivation PASS
OMDB_CASE physics ART.saw_hookup PASS
OMDB_CASE physics ART.saw_axle_bounds PASS
OMDB_CASE physics ART.saw_active_motion PASS
OMDB_CASE physics ART.saw_persistent_independent_jam PASS
OMDB_CASE physics ART.saw_remaining_contributor PASS
OMDB_CASE physics ART.saw_held_excluded PASS
OMDB_CASE physics ART.saw_immediate_reactivation PASS
OMDB_CASE physics ART.saw_hookup PASS
OMDB_CASE physics ART.saw_axle_bounds PASS
OMDB_CASE physics ART.saw_active_motion PASS
OMDB_CASE physics ART.saw_persistent_independent_jam PASS
OMDB_CASE physics ART.saw_remaining_contributor PASS
OMDB_CASE physics ART.saw_held_excluded PASS
OMDB_CASE physics ART.saw_immediate_reactivation PASS
OMDB_CASE physics ART.saw_hookup PASS
OMDB_CASE physics ART.saw_axle_bounds PASS
OMDB_CASE physics ART.saw_active_motion PASS
OMDB_CASE physics ART.saw_persistent_independent_jam PASS
OMDB_CASE physics ART.saw_remaining_contributor PASS
OMDB_CASE physics ART.saw_held_excluded PASS
OMDB_CASE physics ART.saw_immediate_reactivation PASS
OMDB_CASE physics ART.saw_hookup PASS
OMDB_CASE physics ART.saw_axle_bounds PASS
OMDB_CASE physics ART.saw_active_motion PASS
OMDB_CASE physics ART.saw_persistent_independent_jam PASS
OMDB_CASE physics ART.saw_remaining_contributor PASS
OMDB_CASE physics ART.saw_held_excluded PASS
OMDB_CASE physics ART.saw_immediate_reactivation PASS
OMDB_CASE physics ART.saw_hookup PASS
OMDB_CASE physics ART.saw_axle_bounds PASS
OMDB_CASE physics ART.saw_active_motion PASS
OMDB_CASE physics ART.saw_persistent_independent_jam PASS
OMDB_CASE physics ART.saw_remaining_contributor PASS
OMDB_CASE physics ART.saw_held_excluded PASS
OMDB_CASE physics ART.saw_immediate_reactivation PASS
OMDB_CASE physics ART.saw_hookup PASS
OMDB_CASE physics ART.saw_axle_bounds PASS
OMDB_CASE physics ART.saw_active_motion PASS
OMDB_CASE physics ART.saw_persistent_independent_jam PASS
OMDB_CASE physics ART.saw_remaining_contributor PASS
OMDB_CASE physics ART.saw_held_excluded PASS
OMDB_CASE physics ART.saw_immediate_reactivation PASS
OMDB_CASE physics ART.saw_hookup PASS
OMDB_CASE physics ART.saw_axle_bounds PASS
OMDB_CASE physics ART.saw_active_motion PASS
OMDB_CASE physics ART.saw_persistent_independent_jam PASS
OMDB_CASE physics ART.saw_remaining_contributor PASS
OMDB_CASE physics ART.saw_held_excluded PASS
OMDB_CASE physics ART.saw_immediate_reactivation PASS
OMDB_CASE physics ART.saw_hookup PASS
OMDB_CASE physics ART.saw_axle_bounds PASS
OMDB_CASE physics ART.saw_active_motion PASS
OMDB_CASE physics ART.saw_persistent_independent_jam PASS
OMDB_CASE physics ART.saw_remaining_contributor PASS
OMDB_CASE physics ART.saw_held_excluded PASS
OMDB_CASE physics ART.saw_immediate_reactivation PASS
OMDB_CASE physics ART.saw_hookup PASS
OMDB_CASE physics ART.saw_axle_bounds PASS
OMDB_CASE physics ART.saw_active_motion PASS
OMDB_CASE physics ART.saw_persistent_independent_jam PASS
OMDB_CASE physics ART.saw_remaining_contributor PASS
OMDB_CASE physics ART.saw_held_excluded PASS
OMDB_CASE physics ART.saw_immediate_reactivation PASS
OMDB_CASE physics ART.spikes_hookup PASS
OMDB_CASE physics ART.spikes_shallow_bounded.(3.6, 11.9).0 PASS
OMDB_CASE physics ART.spikes_envelope PASS
OMDB_CASE physics ART.spikes_body_support PASS
OMDB_CASE physics ART.spikes_hookup PASS
OMDB_CASE physics ART.spikes_shallow_bounded.(3.6, 11.9).1 PASS
OMDB_CASE physics ART.spikes_envelope PASS
OMDB_CASE physics ART.spikes_body_support PASS
OMDB_CASE physics ART.spikes_hookup PASS
OMDB_CASE physics ART.spikes_shallow_bounded.(3.6, 11.9).2 PASS
OMDB_CASE physics ART.spikes_envelope PASS
OMDB_CASE physics ART.spikes_body_support PASS
OMDB_CASE physics ART.spikes_hookup PASS
OMDB_CASE physics ART.spikes_shallow_bounded.(3.6, 11.9).3 PASS
OMDB_CASE physics ART.spikes_envelope PASS
OMDB_CASE physics ART.spikes_body_support PASS
OMDB_CASE physics ART.spikes_hookup PASS
OMDB_CASE physics ART.spikes_shallow_bounded.(3.6, 11.9).4 PASS
OMDB_CASE physics ART.spikes_envelope PASS
OMDB_CASE physics ART.spikes_body_support PASS
OMDB_CASE physics ART.spikes_hookup PASS
OMDB_CASE physics ART.spikes_shallow_bounded.(3.6, 11.9).5 PASS
OMDB_CASE physics ART.spikes_envelope PASS
OMDB_CASE physics ART.spikes_body_support PASS
OMDB_CASE physics ART.spikes_hookup PASS
OMDB_CASE physics ART.spikes_shallow_bounded.(3.6, 11.9).6 PASS
OMDB_CASE physics ART.spikes_envelope PASS
OMDB_CASE physics ART.spikes_body_support PASS
OMDB_CASE physics ART.spikes_hookup PASS
OMDB_CASE physics ART.spikes_shallow_bounded.(3.6, 11.9).7 PASS
OMDB_CASE physics ART.spikes_envelope PASS
OMDB_CASE physics ART.spikes_body_support PASS
OMDB_CASE physics ART.spikes_hookup PASS
OMDB_CASE physics ART.spikes_shallow_bounded.(3.6, 11.9).8 PASS
OMDB_CASE physics ART.spikes_envelope PASS
OMDB_CASE physics ART.spikes_body_support PASS
OMDB_CASE physics ART.spikes_hookup PASS
OMDB_CASE physics ART.spikes_shallow_bounded.(3.6, 11.9).9 PASS
OMDB_CASE physics ART.spikes_envelope PASS
OMDB_CASE physics ART.spikes_body_support PASS
OMDB_CASE physics ART.spikes_hookup PASS
OMDB_CASE physics ART.spikes_shallow_bounded.(2.0, 2.0).0 PASS
OMDB_CASE physics ART.spikes_envelope PASS
OMDB_CASE physics ART.spikes_body_support PASS
OMDB_CASE physics ART.spikes_hookup PASS
OMDB_CASE physics ART.spikes_shallow_bounded.(2.0, 2.0).1 PASS
OMDB_CASE physics ART.spikes_envelope PASS
OMDB_CASE physics ART.spikes_body_support PASS
OMDB_CASE physics ART.spikes_hookup PASS
OMDB_CASE physics ART.spikes_shallow_bounded.(2.0, 2.0).2 PASS
OMDB_CASE physics ART.spikes_envelope PASS
OMDB_CASE physics ART.spikes_body_support PASS
OMDB_CASE physics ART.spikes_hookup PASS
OMDB_CASE physics ART.spikes_shallow_bounded.(2.0, 2.0).3 PASS
OMDB_CASE physics ART.spikes_envelope PASS
OMDB_CASE physics ART.spikes_body_support PASS
OMDB_CASE physics ART.spikes_hookup PASS
OMDB_CASE physics ART.spikes_shallow_bounded.(2.0, 2.0).4 PASS
OMDB_CASE physics ART.spikes_envelope PASS
OMDB_CASE physics ART.spikes_body_support PASS
OMDB_CASE physics ART.spikes_hookup PASS
OMDB_CASE physics ART.spikes_shallow_bounded.(2.0, 2.0).5 PASS
OMDB_CASE physics ART.spikes_envelope PASS
OMDB_CASE physics ART.spikes_body_support PASS
OMDB_CASE physics ART.spikes_hookup PASS
OMDB_CASE physics ART.spikes_shallow_bounded.(2.0, 2.0).6 PASS
OMDB_CASE physics ART.spikes_envelope PASS
OMDB_CASE physics ART.spikes_body_support PASS
OMDB_CASE physics ART.spikes_hookup PASS
OMDB_CASE physics ART.spikes_shallow_bounded.(2.0, 2.0).7 PASS
OMDB_CASE physics ART.spikes_envelope PASS
OMDB_CASE physics ART.spikes_body_support PASS
OMDB_CASE physics ART.spikes_hookup PASS
OMDB_CASE physics ART.spikes_shallow_bounded.(2.0, 2.0).8 PASS
OMDB_CASE physics ART.spikes_envelope PASS
OMDB_CASE physics ART.spikes_body_support PASS
OMDB_CASE physics ART.spikes_hookup PASS
OMDB_CASE physics ART.spikes_shallow_bounded.(2.0, 2.0).9 PASS
OMDB_CASE physics ART.spikes_envelope PASS
OMDB_CASE physics ART.spikes_body_support PASS
OMDB_CASE physics ART.spikes_hookup PASS
OMDB_CASE physics ART.spikes_shallow_bounded.(8.4, 11.9).0 PASS
OMDB_CASE physics ART.spikes_envelope PASS
OMDB_CASE physics ART.spikes_body_support PASS
OMDB_CASE physics ART.spikes_hookup PASS
OMDB_CASE physics ART.spikes_shallow_bounded.(8.4, 11.9).1 PASS
OMDB_CASE physics ART.spikes_envelope PASS
OMDB_CASE physics ART.spikes_body_support PASS
OMDB_CASE physics ART.spikes_hookup PASS
OMDB_CASE physics ART.spikes_shallow_bounded.(8.4, 11.9).2 PASS
OMDB_CASE physics ART.spikes_envelope PASS
OMDB_CASE physics ART.spikes_body_support PASS
OMDB_CASE physics ART.spikes_hookup PASS
OMDB_CASE physics ART.spikes_shallow_bounded.(8.4, 11.9).3 PASS
OMDB_CASE physics ART.spikes_envelope PASS
OMDB_CASE physics ART.spikes_body_support PASS
OMDB_CASE physics ART.spikes_hookup PASS
OMDB_CASE physics ART.spikes_shallow_bounded.(8.4, 11.9).4 PASS
OMDB_CASE physics ART.spikes_envelope PASS
OMDB_CASE physics ART.spikes_body_support PASS
OMDB_CASE physics ART.spikes_hookup PASS
OMDB_CASE physics ART.spikes_shallow_bounded.(8.4, 11.9).5 PASS
OMDB_CASE physics ART.spikes_envelope PASS
OMDB_CASE physics ART.spikes_body_support PASS
OMDB_CASE physics ART.spikes_hookup PASS
OMDB_CASE physics ART.spikes_shallow_bounded.(8.4, 11.9).6 PASS
OMDB_CASE physics ART.spikes_envelope PASS
OMDB_CASE physics ART.spikes_body_support PASS
OMDB_CASE physics ART.spikes_hookup PASS
OMDB_CASE physics ART.spikes_shallow_bounded.(8.4, 11.9).7 PASS
OMDB_CASE physics ART.spikes_envelope PASS
OMDB_CASE physics ART.spikes_body_support PASS
OMDB_CASE physics ART.spikes_hookup PASS
OMDB_CASE physics ART.spikes_shallow_bounded.(8.4, 11.9).8 PASS
OMDB_CASE physics ART.spikes_envelope PASS
OMDB_CASE physics ART.spikes_body_support PASS
OMDB_CASE physics ART.spikes_hookup PASS
OMDB_CASE physics ART.spikes_shallow_bounded.(8.4, 11.9).9 PASS
OMDB_CASE physics ART.spikes_envelope PASS
OMDB_CASE physics ART.spikes_body_support PASS
OMDB_CASE physics ART.spikes_hookup PASS
OMDB_CASE physics ART.spikes_shallow_bounded.(5.2, 11.9).0 PASS
OMDB_CASE physics ART.spikes_envelope PASS
OMDB_CASE physics ART.spikes_body_support PASS
OMDB_CASE physics ART.spikes_hookup PASS
OMDB_CASE physics ART.spikes_shallow_bounded.(5.2, 11.9).1 PASS
OMDB_CASE physics ART.spikes_envelope PASS
OMDB_CASE physics ART.spikes_body_support PASS
OMDB_CASE physics ART.spikes_hookup PASS
OMDB_CASE physics ART.spikes_shallow_bounded.(5.2, 11.9).2 PASS
OMDB_CASE physics ART.spikes_envelope PASS
OMDB_CASE physics ART.spikes_body_support PASS
OMDB_CASE physics ART.spikes_hookup PASS
OMDB_CASE physics ART.spikes_shallow_bounded.(5.2, 11.9).3 PASS
OMDB_CASE physics ART.spikes_envelope PASS
OMDB_CASE physics ART.spikes_body_support PASS
OMDB_CASE physics ART.spikes_hookup PASS
OMDB_CASE physics ART.spikes_shallow_bounded.(5.2, 11.9).4 PASS
OMDB_CASE physics ART.spikes_envelope PASS
OMDB_CASE physics ART.spikes_body_support PASS
OMDB_CASE physics ART.spikes_hookup PASS
OMDB_CASE physics ART.spikes_shallow_bounded.(5.2, 11.9).5 PASS
OMDB_CASE physics ART.spikes_envelope PASS
OMDB_CASE physics ART.spikes_body_support PASS
OMDB_CASE physics ART.spikes_hookup PASS
OMDB_CASE physics ART.spikes_shallow_bounded.(5.2, 11.9).6 PASS
OMDB_CASE physics ART.spikes_envelope PASS
OMDB_CASE physics ART.spikes_body_support PASS
OMDB_CASE physics ART.spikes_hookup PASS
OMDB_CASE physics ART.spikes_shallow_bounded.(5.2, 11.9).7 PASS
OMDB_CASE physics ART.spikes_envelope PASS
OMDB_CASE physics ART.spikes_body_support PASS
OMDB_CASE physics ART.spikes_hookup PASS
OMDB_CASE physics ART.spikes_shallow_bounded.(5.2, 11.9).8 PASS
OMDB_CASE physics ART.spikes_envelope PASS
OMDB_CASE physics ART.spikes_body_support PASS
OMDB_CASE physics ART.spikes_hookup PASS
OMDB_CASE physics ART.spikes_shallow_bounded.(5.2, 11.9).9 PASS
OMDB_CASE physics ART.spikes_envelope PASS
OMDB_CASE physics ART.spikes_body_support PASS
OMDB_CASE physics US1.support.stack.0 PASS
OMDB_CASE physics EC14.body_supported_spikes PASS
OMDB_CASE physics US1.support.body_traversal PASS
OMDB_CASE physics EC06.support_removal_settles PASS
OMDB_CASE physics EC08.corpse_survives_spikes PASS
OMDB_CASE physics US1.exposed_spikes_lethal PASS
OMDB_CASE physics US1.spike_replacement PASS
OMDB_CASE physics US1.support.stack.1 PASS
OMDB_CASE physics EC14.body_supported_spikes PASS
OMDB_CASE physics US1.support.body_traversal PASS
OMDB_CASE physics EC06.support_removal_settles PASS
OMDB_CASE physics EC08.corpse_survives_spikes PASS
OMDB_CASE physics US1.exposed_spikes_lethal PASS
OMDB_CASE physics US1.spike_replacement PASS
OMDB_CASE physics US1.support.stack.2 PASS
OMDB_CASE physics EC14.body_supported_spikes PASS
OMDB_CASE physics US1.support.body_traversal PASS
OMDB_CASE physics EC06.support_removal_settles PASS
OMDB_CASE physics EC08.corpse_survives_spikes PASS
OMDB_CASE physics US1.exposed_spikes_lethal PASS
OMDB_CASE physics US1.spike_replacement PASS
OMDB_CASE physics US1.support.stack.3 PASS
OMDB_CASE physics EC14.body_supported_spikes PASS
OMDB_CASE physics US1.support.body_traversal PASS
OMDB_CASE physics EC06.support_removal_settles PASS
OMDB_CASE physics EC08.corpse_survives_spikes PASS
OMDB_CASE physics US1.exposed_spikes_lethal PASS
OMDB_CASE physics US1.spike_replacement PASS
OMDB_CASE physics US1.support.stack.4 PASS
OMDB_CASE physics EC14.body_supported_spikes PASS
OMDB_CASE physics US1.support.body_traversal PASS
OMDB_CASE physics EC06.support_removal_settles PASS
OMDB_CASE physics EC08.corpse_survives_spikes PASS
OMDB_CASE physics US1.exposed_spikes_lethal PASS
OMDB_CASE physics US1.spike_replacement PASS
OMDB_CASE physics US1.support.stack.5 PASS
OMDB_CASE physics EC14.body_supported_spikes PASS
OMDB_CASE physics US1.support.body_traversal PASS
OMDB_CASE physics EC06.support_removal_settles PASS
OMDB_CASE physics EC08.corpse_survives_spikes PASS
OMDB_CASE physics US1.exposed_spikes_lethal PASS
OMDB_CASE physics US1.spike_replacement PASS
OMDB_CASE physics US1.support.stack.6 PASS
OMDB_CASE physics EC14.body_supported_spikes PASS
OMDB_CASE physics US1.support.body_traversal PASS
OMDB_CASE physics EC06.support_removal_settles PASS
OMDB_CASE physics EC08.corpse_survives_spikes PASS
OMDB_CASE physics US1.exposed_spikes_lethal PASS
OMDB_CASE physics US1.spike_replacement PASS
OMDB_CASE physics US1.support.stack.7 PASS
OMDB_CASE physics EC14.body_supported_spikes PASS
OMDB_CASE physics US1.support.body_traversal PASS
OMDB_CASE physics EC06.support_removal_settles PASS
OMDB_CASE physics EC08.corpse_survives_spikes PASS
OMDB_CASE physics US1.exposed_spikes_lethal PASS
OMDB_CASE physics US1.spike_replacement PASS
OMDB_CASE physics US1.support.stack.8 PASS
OMDB_CASE physics EC14.body_supported_spikes PASS
OMDB_CASE physics US1.support.body_traversal PASS
OMDB_CASE physics EC06.support_removal_settles PASS
OMDB_CASE physics EC08.corpse_survives_spikes PASS
OMDB_CASE physics US1.exposed_spikes_lethal PASS
OMDB_CASE physics US1.spike_replacement PASS
OMDB_CASE physics US1.support.stack.9 PASS
OMDB_CASE physics EC14.body_supported_spikes PASS
OMDB_CASE physics US1.support.body_traversal PASS
OMDB_CASE physics EC06.support_removal_settles PASS
OMDB_CASE physics EC08.corpse_survives_spikes PASS
OMDB_CASE physics US1.exposed_spikes_lethal PASS
OMDB_CASE physics US1.spike_replacement PASS
OMDB_CASE physics EC07.actual_surplus_weight.0 PASS
OMDB_CASE physics EC07.actual_surplus_removal PASS
OMDB_CASE physics EC07.actual_threshold_loss PASS
OMDB_CASE physics EC07.actual_surplus_weight.1 PASS
OMDB_CASE physics EC07.actual_surplus_removal PASS
OMDB_CASE physics EC07.actual_threshold_loss PASS
OMDB_CASE physics EC07.actual_surplus_weight.2 PASS
OMDB_CASE physics EC07.actual_surplus_removal PASS
OMDB_CASE physics EC07.actual_threshold_loss PASS
OMDB_CASE physics EC07.actual_surplus_weight.3 PASS
OMDB_CASE physics EC07.actual_surplus_removal PASS
OMDB_CASE physics EC07.actual_threshold_loss PASS
OMDB_CASE physics EC07.actual_surplus_weight.4 PASS
OMDB_CASE physics EC07.actual_surplus_removal PASS
OMDB_CASE physics EC07.actual_threshold_loss PASS
OMDB_CASE physics EC07.actual_surplus_weight.5 PASS
OMDB_CASE physics EC07.actual_surplus_removal PASS
OMDB_CASE physics EC07.actual_threshold_loss PASS
OMDB_CASE physics EC07.actual_surplus_weight.6 PASS
OMDB_CASE physics EC07.actual_surplus_removal PASS
OMDB_CASE physics EC07.actual_threshold_loss PASS
OMDB_CASE physics EC07.actual_surplus_weight.7 PASS
OMDB_CASE physics EC07.actual_surplus_removal PASS
OMDB_CASE physics EC07.actual_threshold_loss PASS
OMDB_CASE physics EC07.actual_surplus_weight.8 PASS
OMDB_CASE physics EC07.actual_surplus_removal PASS
OMDB_CASE physics EC07.actual_threshold_loss PASS
OMDB_CASE physics EC07.actual_surplus_weight.9 PASS
OMDB_CASE physics EC07.actual_surplus_removal PASS
OMDB_CASE physics EC07.actual_threshold_loss PASS
OMDB_CASE physics US1.visual.imported_idle_resolves PASS
OMDB_CASE physics US1.visual.move_loops PASS
OMDB_CASE physics US1.visual.squash_does_not_resize_collision PASS
OMDB_CASE physics US1.visual.collapsed_pose_sampled_and_paused PASS
OMDB_CASE physics US1.visual.independent_translating_box PASS
OMDB_CASE recovery EC10.failed_activation_preserves_room_progress PASS
OMDB_CASE recovery EC11.catalogue_rejects_arbitrary_path PASS
OMDB_CASE recovery US4.duplicate_catalogue_rejected PASS
OMDB_CASE recovery EC10.failed_activation_preserves_room_progress PASS
OMDB_CASE recovery EC11.catalogue_rejects_arbitrary_path PASS
OMDB_CASE recovery US4.duplicate_catalogue_rejected PASS
OMDB_CASE recovery EC10.failed_activation_preserves_room_progress PASS
OMDB_CASE recovery EC11.catalogue_rejects_arbitrary_path PASS
OMDB_CASE recovery US4.duplicate_catalogue_rejected PASS
OMDB_CASE recovery EC10.failed_activation_preserves_room_progress PASS
OMDB_CASE recovery EC11.catalogue_rejects_arbitrary_path PASS
OMDB_CASE recovery US4.duplicate_catalogue_rejected PASS
OMDB_CASE recovery EC10.failed_activation_preserves_room_progress PASS
OMDB_CASE recovery EC11.catalogue_rejects_arbitrary_path PASS
OMDB_CASE recovery US4.duplicate_catalogue_rejected PASS
OMDB_CASE recovery EC10.failed_activation_preserves_room_progress PASS
OMDB_CASE recovery EC11.catalogue_rejects_arbitrary_path PASS
OMDB_CASE recovery US4.duplicate_catalogue_rejected PASS
OMDB_CASE recovery EC10.failed_activation_preserves_room_progress PASS
OMDB_CASE recovery EC11.catalogue_rejects_arbitrary_path PASS
OMDB_CASE recovery US4.duplicate_catalogue_rejected PASS
OMDB_CASE recovery EC10.failed_activation_preserves_room_progress PASS
OMDB_CASE recovery EC11.catalogue_rejects_arbitrary_path PASS
OMDB_CASE recovery US4.duplicate_catalogue_rejected PASS
OMDB_CASE recovery EC10.failed_activation_preserves_room_progress PASS
OMDB_CASE recovery EC11.catalogue_rejects_arbitrary_path PASS
OMDB_CASE recovery US4.duplicate_catalogue_rejected PASS
OMDB_CASE recovery EC10.failed_activation_preserves_room_progress PASS
OMDB_CASE recovery EC11.catalogue_rejects_arbitrary_path PASS
OMDB_CASE recovery US4.duplicate_catalogue_rejected PASS
OMDB_CASE recovery US6.separate_audio_buses PASS
OMDB_CASE recovery SC010.independent_music_mute PASS
OMDB_CASE recovery SC010.independent_sfx_mute PASS
OMDB_CASE recovery US6.separate_audio_buses PASS
OMDB_CASE recovery SC010.independent_music_mute PASS
OMDB_CASE recovery SC010.independent_sfx_mute PASS
OMDB_CASE recovery US6.separate_audio_buses PASS
OMDB_CASE recovery SC010.independent_music_mute PASS
OMDB_CASE recovery SC010.independent_sfx_mute PASS
OMDB_CASE recovery US6.separate_audio_buses PASS
OMDB_CASE recovery SC010.independent_music_mute PASS
OMDB_CASE recovery SC010.independent_sfx_mute PASS
OMDB_CASE recovery US6.separate_audio_buses PASS
OMDB_CASE recovery SC010.independent_music_mute PASS
OMDB_CASE recovery SC010.independent_sfx_mute PASS
OMDB_CASE recovery US6.separate_audio_buses PASS
OMDB_CASE recovery SC010.independent_music_mute PASS
OMDB_CASE recovery SC010.independent_sfx_mute PASS
OMDB_CASE recovery US6.separate_audio_buses PASS
OMDB_CASE recovery SC010.independent_music_mute PASS
OMDB_CASE recovery SC010.independent_sfx_mute PASS
OMDB_CASE recovery US6.separate_audio_buses PASS
OMDB_CASE recovery SC010.independent_music_mute PASS
OMDB_CASE recovery SC010.independent_sfx_mute PASS
OMDB_CASE recovery US6.separate_audio_buses PASS
OMDB_CASE recovery SC010.independent_music_mute PASS
OMDB_CASE recovery SC010.independent_sfx_mute PASS
OMDB_CASE recovery US6.separate_audio_buses PASS
OMDB_CASE recovery SC010.independent_music_mute PASS
OMDB_CASE recovery SC010.independent_sfx_mute PASS
OMDB_CASE recovery US5.exactly_six_authored_rooms PASS
OMDB_CASE recovery US5.production_scene.1 PASS
OMDB_CASE recovery US5.production_scene.2 PASS
OMDB_CASE recovery US5.production_scene.3 PASS
OMDB_CASE recovery US5.production_scene.4 PASS
OMDB_CASE recovery US5.production_scene.5 PASS
OMDB_CASE recovery US5.production_scene.6 PASS
OMDB_CASE recovery US5.authored_links_and_path_rejection PASS
OMDB_CASE recovery US5.production_rejects_fixture_scene PASS
OMDB_CASE recovery US5.production_rejects_skipped_link PASS
OMDB_CASE recovery US5.authored_activation_request PASS
OMDB_CASE recovery US5.authored_restart_during_feedback PASS
OMDB_CASE recovery US5.authored_reset_fresh_equivalence PASS
OMDB_CASE recovery US5.authored_reset_keeps_save_rejects_stale PASS
OMDB_CASE recovery US5.authored_reset_initial_door PASS
OMDB_CASE recovery US5.authored_activation_request PASS
OMDB_CASE recovery US5.authored_restart_during_feedback PASS
OMDB_CASE recovery US5.authored_reset_fresh_equivalence PASS
OMDB_CASE recovery US5.authored_reset_keeps_save_rejects_stale PASS
OMDB_CASE recovery US5.authored_reset_empty_plate PASS
OMDB_CASE recovery US5.authored_reset_empty_plate PASS
OMDB_CASE recovery US5.authored_reset_initial_door PASS
OMDB_CASE recovery US5.authored_activation_request PASS
OMDB_CASE recovery US5.authored_restart_during_feedback PASS
OMDB_CASE recovery US5.authored_reset_fresh_equivalence PASS
OMDB_CASE recovery US5.authored_reset_keeps_save_rejects_stale PASS
OMDB_CASE recovery US5.authored_reset_active_saw PASS
OMDB_CASE recovery US5.authored_reset_initial_door PASS
OMDB_CASE recovery US5.authored_activation_request PASS
OMDB_CASE recovery US5.authored_restart_during_feedback PASS
OMDB_CASE recovery US5.authored_reset_fresh_equivalence PASS
OMDB_CASE recovery US5.authored_reset_keeps_save_rejects_stale PASS
OMDB_CASE recovery US5.authored_reset_empty_plate PASS
OMDB_CASE recovery US5.authored_reset_initial_door PASS
OMDB_CASE recovery US5.authored_activation_request PASS
OMDB_CASE recovery US5.authored_restart_during_feedback PASS
OMDB_CASE recovery US5.authored_reset_fresh_equivalence PASS
OMDB_CASE recovery US5.authored_reset_keeps_save_rejects_stale PASS
OMDB_CASE recovery US5.authored_reset_empty_plate PASS
OMDB_CASE recovery US5.authored_reset_active_saw PASS
OMDB_CASE recovery US5.authored_reset_initial_door PASS
OMDB_CASE recovery US5.authored_activation_request PASS
OMDB_CASE recovery US5.authored_restart_during_feedback PASS
OMDB_CASE recovery US5.authored_reset_fresh_equivalence PASS
OMDB_CASE recovery US5.authored_reset_keeps_save_rejects_stale PASS
OMDB_CASE recovery US5.authored_reset_empty_plate PASS
OMDB_CASE recovery US5.authored_reset_active_saw PASS
OMDB_CASE recovery US5.authored_reset_initial_door PASS
OMDB_CASE recovery US5.authored_activation_request PASS
OMDB_CASE recovery US5.authored_restart_during_feedback PASS
OMDB_CASE recovery US5.authored_reset_fresh_equivalence PASS
OMDB_CASE recovery US5.authored_reset_keeps_save_rejects_stale PASS
OMDB_CASE recovery US5.authored_reset_initial_door PASS
OMDB_CASE recovery US5.authored_activation_request PASS
OMDB_CASE recovery US5.authored_restart_during_feedback PASS
OMDB_CASE recovery US5.authored_reset_fresh_equivalence PASS
OMDB_CASE recovery US5.authored_reset_keeps_save_rejects_stale PASS
OMDB_CASE recovery US5.authored_reset_empty_plate PASS
OMDB_CASE recovery US5.authored_reset_empty_plate PASS
OMDB_CASE recovery US5.authored_reset_initial_door PASS
OMDB_CASE recovery US5.authored_activation_request PASS
OMDB_CASE recovery US5.authored_restart_during_feedback PASS
OMDB_CASE recovery US5.authored_reset_fresh_equivalence PASS
OMDB_CASE recovery US5.authored_reset_keeps_save_rejects_stale PASS
OMDB_CASE recovery US5.authored_reset_active_saw PASS
OMDB_CASE recovery US5.authored_reset_initial_door PASS
OMDB_CASE recovery US5.authored_activation_request PASS
OMDB_CASE recovery US5.authored_restart_during_feedback PASS
OMDB_CASE recovery US5.authored_reset_fresh_equivalence PASS
OMDB_CASE recovery US5.authored_reset_keeps_save_rejects_stale PASS
OMDB_CASE recovery US5.authored_reset_empty_plate PASS
OMDB_CASE recovery US5.authored_reset_initial_door PASS
OMDB_CASE recovery US5.authored_activation_request PASS
OMDB_CASE recovery US5.authored_restart_during_feedback PASS
OMDB_CASE recovery US5.authored_reset_fresh_equivalence PASS
OMDB_CASE recovery US5.authored_reset_keeps_save_rejects_stale PASS
OMDB_CASE recovery US5.authored_reset_empty_plate PASS
OMDB_CASE recovery US5.authored_reset_active_saw PASS
OMDB_CASE recovery US5.authored_reset_initial_door PASS
OMDB_CASE recovery US5.authored_activation_request PASS
OMDB_CASE recovery US5.authored_restart_during_feedback PASS
OMDB_CASE recovery US5.authored_reset_fresh_equivalence PASS
OMDB_CASE recovery US5.authored_reset_keeps_save_rejects_stale PASS
OMDB_CASE recovery US5.authored_reset_empty_plate PASS
OMDB_CASE recovery US5.authored_reset_active_saw PASS
OMDB_CASE recovery US5.authored_reset_initial_door PASS
OMDB_CASE recovery US5.authored_activation_request PASS
OMDB_CASE recovery US5.authored_restart_during_feedback PASS
OMDB_CASE recovery US5.authored_reset_fresh_equivalence PASS
OMDB_CASE recovery US5.authored_reset_keeps_save_rejects_stale PASS
OMDB_CASE recovery US5.authored_reset_initial_door PASS
OMDB_CASE recovery US5.authored_activation_request PASS
OMDB_CASE recovery US5.authored_restart_during_feedback PASS
OMDB_CASE recovery US5.authored_reset_fresh_equivalence PASS
OMDB_CASE recovery US5.authored_reset_keeps_save_rejects_stale PASS
OMDB_CASE recovery US5.authored_reset_empty_plate PASS
OMDB_CASE recovery US5.authored_reset_empty_plate PASS
OMDB_CASE recovery US5.authored_reset_initial_door PASS
OMDB_CASE recovery US5.authored_activation_request PASS
OMDB_CASE recovery US5.authored_restart_during_feedback PASS
OMDB_CASE recovery US5.authored_reset_fresh_equivalence PASS
OMDB_CASE recovery US5.authored_reset_keeps_save_rejects_stale PASS
OMDB_CASE recovery US5.authored_reset_active_saw PASS
OMDB_CASE recovery US5.authored_reset_initial_door PASS
OMDB_CASE recovery US5.authored_activation_request PASS
OMDB_CASE recovery US5.authored_restart_during_feedback PASS
OMDB_CASE recovery US5.authored_reset_fresh_equivalence PASS
OMDB_CASE recovery US5.authored_reset_keeps_save_rejects_stale PASS
OMDB_CASE recovery US5.authored_reset_empty_plate PASS
OMDB_CASE recovery US5.authored_reset_initial_door PASS
OMDB_CASE recovery US5.authored_activation_request PASS
OMDB_CASE recovery US5.authored_restart_during_feedback PASS
OMDB_CASE recovery US5.authored_reset_fresh_equivalence PASS
OMDB_CASE recovery US5.authored_reset_keeps_save_rejects_stale PASS
OMDB_CASE recovery US5.authored_reset_empty_plate PASS
OMDB_CASE recovery US5.authored_reset_active_saw PASS
OMDB_CASE recovery US5.authored_reset_initial_door PASS
OMDB_CASE recovery US5.authored_activation_request PASS
OMDB_CASE recovery US5.authored_restart_during_feedback PASS
OMDB_CASE recovery US5.authored_reset_fresh_equivalence PASS
OMDB_CASE recovery US5.authored_reset_keeps_save_rejects_stale PASS
OMDB_CASE recovery US5.authored_reset_empty_plate PASS
OMDB_CASE recovery US5.authored_reset_active_saw PASS
OMDB_CASE recovery US5.authored_reset_initial_door PASS
OMDB_CASE recovery US5.authored_activation_request PASS
OMDB_CASE recovery US5.authored_restart_during_feedback PASS
OMDB_CASE recovery US5.authored_reset_fresh_equivalence PASS
OMDB_CASE recovery US5.authored_reset_keeps_save_rejects_stale PASS
OMDB_CASE recovery US5.authored_reset_initial_door PASS
OMDB_CASE recovery US5.authored_activation_request PASS
OMDB_CASE recovery US5.authored_restart_during_feedback PASS
OMDB_CASE recovery US5.authored_reset_fresh_equivalence PASS
OMDB_CASE recovery US5.authored_reset_keeps_save_rejects_stale PASS
OMDB_CASE recovery US5.authored_reset_empty_plate PASS
OMDB_CASE recovery US5.authored_reset_empty_plate PASS
OMDB_CASE recovery US5.authored_reset_initial_door PASS
OMDB_CASE recovery US5.authored_activation_request PASS
OMDB_CASE recovery US5.authored_restart_during_feedback PASS
OMDB_CASE recovery US5.authored_reset_fresh_equivalence PASS
OMDB_CASE recovery US5.authored_reset_keeps_save_rejects_stale PASS
OMDB_CASE recovery US5.authored_reset_active_saw PASS
OMDB_CASE recovery US5.authored_reset_initial_door PASS
OMDB_CASE recovery US5.authored_activation_request PASS
OMDB_CASE recovery US5.authored_restart_during_feedback PASS
OMDB_CASE recovery US5.authored_reset_fresh_equivalence PASS
OMDB_CASE recovery US5.authored_reset_keeps_save_rejects_stale PASS
OMDB_CASE recovery US5.authored_reset_empty_plate PASS
OMDB_CASE recovery US5.authored_reset_initial_door PASS
OMDB_CASE recovery US5.authored_activation_request PASS
OMDB_CASE recovery US5.authored_restart_during_feedback PASS
OMDB_CASE recovery US5.authored_reset_fresh_equivalence PASS
OMDB_CASE recovery US5.authored_reset_keeps_save_rejects_stale PASS
OMDB_CASE recovery US5.authored_reset_empty_plate PASS
OMDB_CASE recovery US5.authored_reset_active_saw PASS
OMDB_CASE recovery US5.authored_reset_initial_door PASS
OMDB_CASE recovery US5.authored_activation_request PASS
OMDB_CASE recovery US5.authored_restart_during_feedback PASS
OMDB_CASE recovery US5.authored_reset_fresh_equivalence PASS
OMDB_CASE recovery US5.authored_reset_keeps_save_rejects_stale PASS
OMDB_CASE recovery US5.authored_reset_empty_plate PASS
OMDB_CASE recovery US5.authored_reset_active_saw PASS
OMDB_CASE recovery US5.authored_reset_initial_door PASS
OMDB_CASE recovery US5.authored_activation_request PASS
OMDB_CASE recovery US5.authored_restart_during_feedback PASS
OMDB_CASE recovery US5.authored_reset_fresh_equivalence PASS
OMDB_CASE recovery US5.authored_reset_keeps_save_rejects_stale PASS
OMDB_CASE recovery US5.authored_reset_initial_door PASS
OMDB_CASE recovery US5.authored_activation_request PASS
OMDB_CASE recovery US5.authored_restart_during_feedback PASS
OMDB_CASE recovery US5.authored_reset_fresh_equivalence PASS
OMDB_CASE recovery US5.authored_reset_keeps_save_rejects_stale PASS
OMDB_CASE recovery US5.authored_reset_empty_plate PASS
OMDB_CASE recovery US5.authored_reset_empty_plate PASS
OMDB_CASE recovery US5.authored_reset_initial_door PASS
OMDB_CASE recovery US5.authored_activation_request PASS
OMDB_CASE recovery US5.authored_restart_during_feedback PASS
OMDB_CASE recovery US5.authored_reset_fresh_equivalence PASS
OMDB_CASE recovery US5.authored_reset_keeps_save_rejects_stale PASS
OMDB_CASE recovery US5.authored_reset_active_saw PASS
OMDB_CASE recovery US5.authored_reset_initial_door PASS
OMDB_CASE recovery US5.authored_activation_request PASS
OMDB_CASE recovery US5.authored_restart_during_feedback PASS
OMDB_CASE recovery US5.authored_reset_fresh_equivalence PASS
OMDB_CASE recovery US5.authored_reset_keeps_save_rejects_stale PASS
OMDB_CASE recovery US5.authored_reset_empty_plate PASS
OMDB_CASE recovery US5.authored_reset_initial_door PASS
OMDB_CASE recovery US5.authored_activation_request PASS
OMDB_CASE recovery US5.authored_restart_during_feedback PASS
OMDB_CASE recovery US5.authored_reset_fresh_equivalence PASS
OMDB_CASE recovery US5.authored_reset_keeps_save_rejects_stale PASS
OMDB_CASE recovery US5.authored_reset_empty_plate PASS
OMDB_CASE recovery US5.authored_reset_active_saw PASS
OMDB_CASE recovery US5.authored_reset_initial_door PASS
OMDB_CASE recovery US5.authored_activation_request PASS
OMDB_CASE recovery US5.authored_restart_during_feedback PASS
OMDB_CASE recovery US5.authored_reset_fresh_equivalence PASS
OMDB_CASE recovery US5.authored_reset_keeps_save_rejects_stale PASS
OMDB_CASE recovery US5.authored_reset_empty_plate PASS
OMDB_CASE recovery US5.authored_reset_active_saw PASS
OMDB_CASE recovery US5.authored_reset_initial_door PASS
OMDB_CASE recovery US5.authored_activation_request PASS
OMDB_CASE recovery US5.authored_restart_during_feedback PASS
OMDB_CASE recovery US5.authored_reset_fresh_equivalence PASS
OMDB_CASE recovery US5.authored_reset_keeps_save_rejects_stale PASS
OMDB_CASE recovery US5.authored_reset_initial_door PASS
OMDB_CASE recovery US5.authored_activation_request PASS
OMDB_CASE recovery US5.authored_restart_during_feedback PASS
OMDB_CASE recovery US5.authored_reset_fresh_equivalence PASS
OMDB_CASE recovery US5.authored_reset_keeps_save_rejects_stale PASS
OMDB_CASE recovery US5.authored_reset_empty_plate PASS
OMDB_CASE recovery US5.authored_reset_empty_plate PASS
OMDB_CASE recovery US5.authored_reset_initial_door PASS
OMDB_CASE recovery US5.authored_activation_request PASS
OMDB_CASE recovery US5.authored_restart_during_feedback PASS
OMDB_CASE recovery US5.authored_reset_fresh_equivalence PASS
OMDB_CASE recovery US5.authored_reset_keeps_save_rejects_stale PASS
OMDB_CASE recovery US5.authored_reset_active_saw PASS
OMDB_CASE recovery US5.authored_reset_initial_door PASS
OMDB_CASE recovery US5.authored_activation_request PASS
OMDB_CASE recovery US5.authored_restart_during_feedback PASS
OMDB_CASE recovery US5.authored_reset_fresh_equivalence PASS
OMDB_CASE recovery US5.authored_reset_keeps_save_rejects_stale PASS
OMDB_CASE recovery US5.authored_reset_empty_plate PASS
OMDB_CASE recovery US5.authored_reset_initial_door PASS
OMDB_CASE recovery US5.authored_activation_request PASS
OMDB_CASE recovery US5.authored_restart_during_feedback PASS
OMDB_CASE recovery US5.authored_reset_fresh_equivalence PASS
OMDB_CASE recovery US5.authored_reset_keeps_save_rejects_stale PASS
OMDB_CASE recovery US5.authored_reset_empty_plate PASS
OMDB_CASE recovery US5.authored_reset_active_saw PASS
OMDB_CASE recovery US5.authored_reset_initial_door PASS
OMDB_CASE recovery US5.authored_activation_request PASS
OMDB_CASE recovery US5.authored_restart_during_feedback PASS
OMDB_CASE recovery US5.authored_reset_fresh_equivalence PASS
OMDB_CASE recovery US5.authored_reset_keeps_save_rejects_stale PASS
OMDB_CASE recovery US5.authored_reset_empty_plate PASS
OMDB_CASE recovery US5.authored_reset_active_saw PASS
OMDB_CASE recovery US5.authored_reset_initial_door PASS
OMDB_CASE recovery US5.authored_activation_request PASS
OMDB_CASE recovery US5.authored_restart_during_feedback PASS
OMDB_CASE recovery US5.authored_reset_fresh_equivalence PASS
OMDB_CASE recovery US5.authored_reset_keeps_save_rejects_stale PASS
OMDB_CASE recovery US5.authored_reset_initial_door PASS
OMDB_CASE recovery US5.authored_activation_request PASS
OMDB_CASE recovery US5.authored_restart_during_feedback PASS
OMDB_CASE recovery US5.authored_reset_fresh_equivalence PASS
OMDB_CASE recovery US5.authored_reset_keeps_save_rejects_stale PASS
OMDB_CASE recovery US5.authored_reset_empty_plate PASS
OMDB_CASE recovery US5.authored_reset_empty_plate PASS
OMDB_CASE recovery US5.authored_reset_initial_door PASS
OMDB_CASE recovery US5.authored_activation_request PASS
OMDB_CASE recovery US5.authored_restart_during_feedback PASS
OMDB_CASE recovery US5.authored_reset_fresh_equivalence PASS
OMDB_CASE recovery US5.authored_reset_keeps_save_rejects_stale PASS
OMDB_CASE recovery US5.authored_reset_active_saw PASS
OMDB_CASE recovery US5.authored_reset_initial_door PASS
OMDB_CASE recovery US5.authored_activation_request PASS
OMDB_CASE recovery US5.authored_restart_during_feedback PASS
OMDB_CASE recovery US5.authored_reset_fresh_equivalence PASS
OMDB_CASE recovery US5.authored_reset_keeps_save_rejects_stale PASS
OMDB_CASE recovery US5.authored_reset_empty_plate PASS
OMDB_CASE recovery US5.authored_reset_initial_door PASS
OMDB_CASE recovery US5.authored_activation_request PASS
OMDB_CASE recovery US5.authored_restart_during_feedback PASS
OMDB_CASE recovery US5.authored_reset_fresh_equivalence PASS
OMDB_CASE recovery US5.authored_reset_keeps_save_rejects_stale PASS
OMDB_CASE recovery US5.authored_reset_empty_plate PASS
OMDB_CASE recovery US5.authored_reset_active_saw PASS
OMDB_CASE recovery US5.authored_reset_initial_door PASS
OMDB_CASE recovery US5.authored_activation_request PASS
OMDB_CASE recovery US5.authored_restart_during_feedback PASS
OMDB_CASE recovery US5.authored_reset_fresh_equivalence PASS
OMDB_CASE recovery US5.authored_reset_keeps_save_rejects_stale PASS
OMDB_CASE recovery US5.authored_reset_empty_plate PASS
OMDB_CASE recovery US5.authored_reset_active_saw PASS
OMDB_CASE recovery US5.authored_reset_initial_door PASS
OMDB_CASE recovery US5.authored_activation_request PASS
OMDB_CASE recovery US5.authored_restart_during_feedback PASS
OMDB_CASE recovery US5.authored_reset_fresh_equivalence PASS
OMDB_CASE recovery US5.authored_reset_keeps_save_rejects_stale PASS
OMDB_CASE recovery US5.authored_reset_initial_door PASS
OMDB_CASE recovery US5.authored_activation_request PASS
OMDB_CASE recovery US5.authored_restart_during_feedback PASS
OMDB_CASE recovery US5.authored_reset_fresh_equivalence PASS
OMDB_CASE recovery US5.authored_reset_keeps_save_rejects_stale PASS
OMDB_CASE recovery US5.authored_reset_empty_plate PASS
OMDB_CASE recovery US5.authored_reset_empty_plate PASS
OMDB_CASE recovery US5.authored_reset_initial_door PASS
OMDB_CASE recovery US5.authored_activation_request PASS
OMDB_CASE recovery US5.authored_restart_during_feedback PASS
OMDB_CASE recovery US5.authored_reset_fresh_equivalence PASS
OMDB_CASE recovery US5.authored_reset_keeps_save_rejects_stale PASS
OMDB_CASE recovery US5.authored_reset_active_saw PASS
OMDB_CASE recovery US5.authored_reset_initial_door PASS
OMDB_CASE recovery US5.authored_activation_request PASS
OMDB_CASE recovery US5.authored_restart_during_feedback PASS
OMDB_CASE recovery US5.authored_reset_fresh_equivalence PASS
OMDB_CASE recovery US5.authored_reset_keeps_save_rejects_stale PASS
OMDB_CASE recovery US5.authored_reset_empty_plate PASS
OMDB_CASE recovery US5.authored_reset_initial_door PASS
OMDB_CASE recovery US5.authored_activation_request PASS
OMDB_CASE recovery US5.authored_restart_during_feedback PASS
OMDB_CASE recovery US5.authored_reset_fresh_equivalence PASS
OMDB_CASE recovery US5.authored_reset_keeps_save_rejects_stale PASS
OMDB_CASE recovery US5.authored_reset_empty_plate PASS
OMDB_CASE recovery US5.authored_reset_active_saw PASS
OMDB_CASE recovery US5.authored_reset_initial_door PASS
OMDB_CASE recovery US5.authored_activation_request PASS
OMDB_CASE recovery US5.authored_restart_during_feedback PASS
OMDB_CASE recovery US5.authored_reset_fresh_equivalence PASS
OMDB_CASE recovery US5.authored_reset_keeps_save_rejects_stale PASS
OMDB_CASE recovery US5.authored_reset_empty_plate PASS
OMDB_CASE recovery US5.authored_reset_active_saw PASS
OMDB_CASE recovery US5.authored_reset_initial_door PASS
OMDB_CASE recovery US5.authored_activation_request PASS
OMDB_CASE recovery US5.authored_restart_during_feedback PASS
OMDB_CASE recovery US5.authored_reset_fresh_equivalence PASS
OMDB_CASE recovery US5.authored_reset_keeps_save_rejects_stale PASS
OMDB_CASE recovery US5.authored_reset_initial_door PASS
OMDB_CASE recovery US5.authored_activation_request PASS
OMDB_CASE recovery US5.authored_restart_during_feedback PASS
OMDB_CASE recovery US5.authored_reset_fresh_equivalence PASS
OMDB_CASE recovery US5.authored_reset_keeps_save_rejects_stale PASS
OMDB_CASE recovery US5.authored_reset_empty_plate PASS
OMDB_CASE recovery US5.authored_reset_empty_plate PASS
OMDB_CASE recovery US5.authored_reset_initial_door PASS
OMDB_CASE recovery US5.authored_activation_request PASS
OMDB_CASE recovery US5.authored_restart_during_feedback PASS
OMDB_CASE recovery US5.authored_reset_fresh_equivalence PASS
OMDB_CASE recovery US5.authored_reset_keeps_save_rejects_stale PASS
OMDB_CASE recovery US5.authored_reset_active_saw PASS
OMDB_CASE recovery US5.authored_reset_initial_door PASS
OMDB_CASE recovery US5.authored_activation_request PASS
OMDB_CASE recovery US5.authored_restart_during_feedback PASS
OMDB_CASE recovery US5.authored_reset_fresh_equivalence PASS
OMDB_CASE recovery US5.authored_reset_keeps_save_rejects_stale PASS
OMDB_CASE recovery US5.authored_reset_empty_plate PASS
OMDB_CASE recovery US5.authored_reset_initial_door PASS
OMDB_CASE recovery US5.authored_activation_request PASS
OMDB_CASE recovery US5.authored_restart_during_feedback PASS
OMDB_CASE recovery US5.authored_reset_fresh_equivalence PASS
OMDB_CASE recovery US5.authored_reset_keeps_save_rejects_stale PASS
OMDB_CASE recovery US5.authored_reset_empty_plate PASS
OMDB_CASE recovery US5.authored_reset_active_saw PASS
OMDB_CASE recovery US5.authored_reset_initial_door PASS
OMDB_CASE recovery US5.authored_activation_request PASS
OMDB_CASE recovery US5.authored_restart_during_feedback PASS
OMDB_CASE recovery US5.authored_reset_fresh_equivalence PASS
OMDB_CASE recovery US5.authored_reset_keeps_save_rejects_stale PASS
OMDB_CASE recovery US5.authored_reset_empty_plate PASS
OMDB_CASE recovery US5.authored_reset_active_saw PASS
OMDB_CASE recovery US5.authored_reset_initial_door PASS
OMDB_CASE recovery US5.authored_activation_request PASS
OMDB_CASE recovery US5.authored_restart_during_feedback PASS
OMDB_CASE recovery US5.authored_reset_fresh_equivalence PASS
OMDB_CASE recovery US5.authored_reset_keeps_save_rejects_stale PASS
OMDB_CASE recovery US5.authored_reset_initial_door PASS
OMDB_CASE recovery US5.authored_activation_request PASS
OMDB_CASE recovery US5.authored_restart_during_feedback PASS
OMDB_CASE recovery US5.authored_reset_fresh_equivalence PASS
OMDB_CASE recovery US5.authored_reset_keeps_save_rejects_stale PASS
OMDB_CASE recovery US5.authored_reset_empty_plate PASS
OMDB_CASE recovery US5.authored_reset_empty_plate PASS
OMDB_CASE recovery US5.authored_reset_initial_door PASS
OMDB_CASE recovery US5.authored_activation_request PASS
OMDB_CASE recovery US5.authored_restart_during_feedback PASS
OMDB_CASE recovery US5.authored_reset_fresh_equivalence PASS
OMDB_CASE recovery US5.authored_reset_keeps_save_rejects_stale PASS
OMDB_CASE recovery US5.authored_reset_active_saw PASS
OMDB_CASE recovery US5.authored_reset_initial_door PASS
OMDB_CASE recovery US5.authored_activation_request PASS
OMDB_CASE recovery US5.authored_restart_during_feedback PASS
OMDB_CASE recovery US5.authored_reset_fresh_equivalence PASS
OMDB_CASE recovery US5.authored_reset_keeps_save_rejects_stale PASS
OMDB_CASE recovery US5.authored_reset_empty_plate PASS
OMDB_CASE recovery US5.authored_reset_initial_door PASS
OMDB_CASE recovery US5.authored_activation_request PASS
OMDB_CASE recovery US5.authored_restart_during_feedback PASS
OMDB_CASE recovery US5.authored_reset_fresh_equivalence PASS
OMDB_CASE recovery US5.authored_reset_keeps_save_rejects_stale PASS
OMDB_CASE recovery US5.authored_reset_empty_plate PASS
OMDB_CASE recovery US5.authored_reset_active_saw PASS
OMDB_CASE recovery US5.authored_reset_initial_door PASS
OMDB_CASE recovery US5.authored_activation_request PASS
OMDB_CASE recovery US5.authored_restart_during_feedback PASS
OMDB_CASE recovery US5.authored_reset_fresh_equivalence PASS
OMDB_CASE recovery US5.authored_reset_keeps_save_rejects_stale PASS
OMDB_CASE recovery US5.authored_reset_empty_plate PASS
OMDB_CASE recovery US5.authored_reset_active_saw PASS
OMDB_CASE recovery US5.authored_reset_initial_door PASS
OMDB_CASE recovery EC09.authored_restart_cancels_pending_work PASS
OMDB_CASE recovery US4.authored_lifecycle_fresh_equivalence PASS
OMDB_CASE recovery US4.authored_lifecycle_initial_machinery PASS
OMDB_CASE recovery EC09.authored_stale_restart_rejected PASS
OMDB_CASE recovery EC10.authored_restart_before_activation PASS
OMDB_CASE recovery EC10.authored_restart_after_activation PASS
OMDB_CASE recovery EC09.authored_restart_cancels_pending_work PASS
OMDB_CASE recovery US4.authored_lifecycle_fresh_equivalence PASS
OMDB_CASE recovery US4.authored_lifecycle_initial_machinery PASS
OMDB_CASE recovery EC09.authored_stale_restart_rejected PASS
OMDB_CASE recovery EC10.authored_restart_before_activation PASS
OMDB_CASE recovery EC10.authored_restart_after_activation PASS
OMDB_CASE recovery EC09.authored_restart_cancels_pending_work PASS
OMDB_CASE recovery US4.authored_lifecycle_fresh_equivalence PASS
OMDB_CASE recovery US4.authored_lifecycle_initial_machinery PASS
OMDB_CASE recovery EC09.authored_stale_restart_rejected PASS
OMDB_CASE recovery EC10.authored_restart_before_activation PASS
OMDB_CASE recovery EC10.authored_restart_after_activation PASS
OMDB_CASE recovery EC09.authored_prepared_jam PASS
OMDB_CASE recovery EC09.authored_restart_cancels_pending_work PASS
OMDB_CASE recovery US4.authored_lifecycle_fresh_equivalence PASS
OMDB_CASE recovery US4.authored_lifecycle_initial_machinery PASS
OMDB_CASE recovery EC09.authored_stale_restart_rejected PASS
OMDB_CASE recovery EC10.authored_restart_before_activation PASS
OMDB_CASE recovery EC10.authored_restart_after_activation PASS
OMDB_CASE recovery EC09.authored_restart_cancels_pending_work PASS
OMDB_CASE recovery US4.authored_lifecycle_fresh_equivalence PASS
OMDB_CASE recovery US4.authored_lifecycle_initial_machinery PASS
OMDB_CASE recovery EC09.authored_stale_restart_rejected PASS
OMDB_CASE recovery EC10.authored_restart_before_activation PASS
OMDB_CASE recovery EC10.authored_restart_after_activation PASS
OMDB_CASE recovery EC09.authored_restart_cancels_pending_work PASS
OMDB_CASE recovery US4.authored_lifecycle_fresh_equivalence PASS
OMDB_CASE recovery US4.authored_lifecycle_initial_machinery PASS
OMDB_CASE recovery EC09.authored_stale_restart_rejected PASS
OMDB_CASE recovery EC10.authored_restart_before_activation PASS
OMDB_CASE recovery EC10.authored_restart_after_activation PASS
OMDB_CASE recovery EC09.authored_restart_cancels_pending_work PASS
OMDB_CASE recovery US4.authored_lifecycle_fresh_equivalence PASS
OMDB_CASE recovery US4.authored_lifecycle_initial_machinery PASS
OMDB_CASE recovery EC09.authored_stale_restart_rejected PASS
OMDB_CASE recovery EC10.authored_restart_before_activation PASS
OMDB_CASE recovery EC10.authored_restart_after_activation PASS
OMDB_CASE recovery EC09.authored_restart_cancels_pending_work PASS
OMDB_CASE recovery US4.authored_lifecycle_fresh_equivalence PASS
OMDB_CASE recovery US4.authored_lifecycle_initial_machinery PASS
OMDB_CASE recovery EC09.authored_stale_restart_rejected PASS
OMDB_CASE recovery EC10.authored_restart_before_activation PASS
OMDB_CASE recovery EC10.authored_restart_after_activation PASS
OMDB_CASE recovery EC09.authored_prepared_jam PASS
OMDB_CASE recovery EC09.authored_restart_cancels_pending_work PASS
OMDB_CASE recovery US4.authored_lifecycle_fresh_equivalence PASS
OMDB_CASE recovery US4.authored_lifecycle_initial_machinery PASS
OMDB_CASE recovery EC09.authored_stale_restart_rejected PASS
OMDB_CASE recovery EC10.authored_restart_before_activation PASS
OMDB_CASE recovery EC10.authored_restart_after_activation PASS
OMDB_CASE recovery EC09.authored_restart_cancels_pending_work PASS
OMDB_CASE recovery US4.authored_lifecycle_fresh_equivalence PASS
OMDB_CASE recovery US4.authored_lifecycle_initial_machinery PASS
OMDB_CASE recovery EC09.authored_stale_restart_rejected PASS
OMDB_CASE recovery EC10.authored_restart_before_activation PASS
OMDB_CASE recovery EC10.authored_restart_after_activation PASS
OMDB_CASE recovery EC09.authored_restart_cancels_pending_work PASS
OMDB_CASE recovery US4.authored_lifecycle_fresh_equivalence PASS
OMDB_CASE recovery US4.authored_lifecycle_initial_machinery PASS
OMDB_CASE recovery EC09.authored_stale_restart_rejected PASS
OMDB_CASE recovery EC10.authored_restart_before_activation PASS
OMDB_CASE recovery EC10.authored_restart_after_activation PASS
OMDB_CASE recovery EC09.authored_restart_cancels_pending_work PASS
OMDB_CASE recovery US4.authored_lifecycle_fresh_equivalence PASS
OMDB_CASE recovery US4.authored_lifecycle_initial_machinery PASS
OMDB_CASE recovery EC09.authored_stale_restart_rejected PASS
OMDB_CASE recovery EC10.authored_restart_before_activation PASS
OMDB_CASE recovery EC10.authored_restart_after_activation PASS
OMDB_CASE recovery EC09.authored_restart_cancels_pending_work PASS
OMDB_CASE recovery US4.authored_lifecycle_fresh_equivalence PASS
OMDB_CASE recovery US4.authored_lifecycle_initial_machinery PASS
OMDB_CASE recovery EC09.authored_stale_restart_rejected PASS
OMDB_CASE recovery EC10.authored_restart_before_activation PASS
OMDB_CASE recovery EC10.authored_restart_after_activation PASS
OMDB_CASE recovery EC09.authored_prepared_jam PASS
OMDB_CASE recovery EC09.authored_restart_cancels_pending_work PASS
OMDB_CASE recovery US4.authored_lifecycle_fresh_equivalence PASS
OMDB_CASE recovery US4.authored_lifecycle_initial_machinery PASS
OMDB_CASE recovery EC09.authored_stale_restart_rejected PASS
OMDB_CASE recovery EC10.authored_restart_before_activation PASS
OMDB_CASE recovery EC10.authored_restart_after_activation PASS
OMDB_CASE recovery EC09.authored_restart_cancels_pending_work PASS
OMDB_CASE recovery US4.authored_lifecycle_fresh_equivalence PASS
OMDB_CASE recovery US4.authored_lifecycle_initial_machinery PASS
OMDB_CASE recovery EC09.authored_stale_restart_rejected PASS
OMDB_CASE recovery EC10.authored_restart_before_activation PASS
OMDB_CASE recovery EC10.authored_restart_after_activation PASS
OMDB_CASE recovery EC09.authored_restart_cancels_pending_work PASS
OMDB_CASE recovery US4.authored_lifecycle_fresh_equivalence PASS
OMDB_CASE recovery US4.authored_lifecycle_initial_machinery PASS
OMDB_CASE recovery EC09.authored_stale_restart_rejected PASS
OMDB_CASE recovery EC10.authored_restart_before_activation PASS
OMDB_CASE recovery EC10.authored_restart_after_activation PASS
OMDB_CASE recovery EC09.authored_restart_cancels_pending_work PASS
OMDB_CASE recovery US4.authored_lifecycle_fresh_equivalence PASS
OMDB_CASE recovery US4.authored_lifecycle_initial_machinery PASS
OMDB_CASE recovery EC09.authored_stale_restart_rejected PASS
OMDB_CASE recovery EC10.authored_restart_before_activation PASS
OMDB_CASE recovery EC10.authored_restart_after_activation PASS
OMDB_CASE recovery EC09.authored_restart_cancels_pending_work PASS
OMDB_CASE recovery US4.authored_lifecycle_fresh_equivalence PASS
OMDB_CASE recovery US4.authored_lifecycle_initial_machinery PASS
OMDB_CASE recovery EC09.authored_stale_restart_rejected PASS
OMDB_CASE recovery EC10.authored_restart_before_activation PASS
OMDB_CASE recovery EC10.authored_restart_after_activation PASS
OMDB_CASE recovery EC09.authored_prepared_jam PASS
OMDB_CASE recovery EC09.authored_restart_cancels_pending_work PASS
OMDB_CASE recovery US4.authored_lifecycle_fresh_equivalence PASS
OMDB_CASE recovery US4.authored_lifecycle_initial_machinery PASS
OMDB_CASE recovery EC09.authored_stale_restart_rejected PASS
OMDB_CASE recovery EC10.authored_restart_before_activation PASS
OMDB_CASE recovery EC10.authored_restart_after_activation PASS
OMDB_CASE recovery EC09.authored_restart_cancels_pending_work PASS
OMDB_CASE recovery US4.authored_lifecycle_fresh_equivalence PASS
OMDB_CASE recovery US4.authored_lifecycle_initial_machinery PASS
OMDB_CASE recovery EC09.authored_stale_restart_rejected PASS
OMDB_CASE recovery EC10.authored_restart_before_activation PASS
OMDB_CASE recovery EC10.authored_restart_after_activation PASS
OMDB_CASE recovery EC09.authored_restart_cancels_pending_work PASS
OMDB_CASE recovery US4.authored_lifecycle_fresh_equivalence PASS
OMDB_CASE recovery US4.authored_lifecycle_initial_machinery PASS
OMDB_CASE recovery EC09.authored_stale_restart_rejected PASS
OMDB_CASE recovery EC10.authored_restart_before_activation PASS
OMDB_CASE recovery EC10.authored_restart_after_activation PASS
OMDB_CASE recovery EC09.authored_restart_cancels_pending_work PASS
OMDB_CASE recovery US4.authored_lifecycle_fresh_equivalence PASS
OMDB_CASE recovery US4.authored_lifecycle_initial_machinery PASS
OMDB_CASE recovery EC09.authored_stale_restart_rejected PASS
OMDB_CASE recovery EC10.authored_restart_before_activation PASS
OMDB_CASE recovery EC10.authored_restart_after_activation PASS
OMDB_CASE recovery EC09.authored_restart_cancels_pending_work PASS
OMDB_CASE recovery US4.authored_lifecycle_fresh_equivalence PASS
OMDB_CASE recovery US4.authored_lifecycle_initial_machinery PASS
OMDB_CASE recovery EC09.authored_stale_restart_rejected PASS
OMDB_CASE recovery EC10.authored_restart_before_activation PASS
OMDB_CASE recovery EC10.authored_restart_after_activation PASS
OMDB_CASE recovery EC09.authored_prepared_jam PASS
OMDB_CASE recovery EC09.authored_restart_cancels_pending_work PASS
OMDB_CASE recovery US4.authored_lifecycle_fresh_equivalence PASS
OMDB_CASE recovery US4.authored_lifecycle_initial_machinery PASS
OMDB_CASE recovery EC09.authored_stale_restart_rejected PASS
OMDB_CASE recovery EC10.authored_restart_before_activation PASS
OMDB_CASE recovery EC10.authored_restart_after_activation PASS
OMDB_CASE recovery EC09.authored_restart_cancels_pending_work PASS
OMDB_CASE recovery US4.authored_lifecycle_fresh_equivalence PASS
OMDB_CASE recovery US4.authored_lifecycle_initial_machinery PASS
OMDB_CASE recovery EC09.authored_stale_restart_rejected PASS
OMDB_CASE recovery EC10.authored_restart_before_activation PASS
OMDB_CASE recovery EC10.authored_restart_after_activation PASS
OMDB_CASE recovery EC09.authored_restart_cancels_pending_work PASS
OMDB_CASE recovery US4.authored_lifecycle_fresh_equivalence PASS
OMDB_CASE recovery US4.authored_lifecycle_initial_machinery PASS
OMDB_CASE recovery EC09.authored_stale_restart_rejected PASS
OMDB_CASE recovery EC10.authored_restart_before_activation PASS
OMDB_CASE recovery EC10.authored_restart_after_activation PASS
OMDB_CASE recovery EC09.authored_restart_cancels_pending_work PASS
OMDB_CASE recovery US4.authored_lifecycle_fresh_equivalence PASS
OMDB_CASE recovery US4.authored_lifecycle_initial_machinery PASS
OMDB_CASE recovery EC09.authored_stale_restart_rejected PASS
OMDB_CASE recovery EC10.authored_restart_before_activation PASS
OMDB_CASE recovery EC10.authored_restart_after_activation PASS
OMDB_CASE recovery EC09.authored_restart_cancels_pending_work PASS
OMDB_CASE recovery US4.authored_lifecycle_fresh_equivalence PASS
OMDB_CASE recovery US4.authored_lifecycle_initial_machinery PASS
OMDB_CASE recovery EC09.authored_stale_restart_rejected PASS
OMDB_CASE recovery EC10.authored_restart_before_activation PASS
OMDB_CASE recovery EC10.authored_restart_after_activation PASS
OMDB_CASE recovery EC09.authored_prepared_jam PASS
OMDB_CASE recovery EC09.authored_restart_cancels_pending_work PASS
OMDB_CASE recovery US4.authored_lifecycle_fresh_equivalence PASS
OMDB_CASE recovery US4.authored_lifecycle_initial_machinery PASS
OMDB_CASE recovery EC09.authored_stale_restart_rejected PASS
OMDB_CASE recovery EC10.authored_restart_before_activation PASS
OMDB_CASE recovery EC10.authored_restart_after_activation PASS
OMDB_CASE recovery EC09.authored_restart_cancels_pending_work PASS
OMDB_CASE recovery US4.authored_lifecycle_fresh_equivalence PASS
OMDB_CASE recovery US4.authored_lifecycle_initial_machinery PASS
OMDB_CASE recovery EC09.authored_stale_restart_rejected PASS
OMDB_CASE recovery EC10.authored_restart_before_activation PASS
OMDB_CASE recovery EC10.authored_restart_after_activation PASS
OMDB_CASE recovery EC09.authored_restart_cancels_pending_work PASS
OMDB_CASE recovery US4.authored_lifecycle_fresh_equivalence PASS
OMDB_CASE recovery US4.authored_lifecycle_initial_machinery PASS
OMDB_CASE recovery EC09.authored_stale_restart_rejected PASS
OMDB_CASE recovery EC10.authored_restart_before_activation PASS
OMDB_CASE recovery EC10.authored_restart_after_activation PASS
OMDB_CASE recovery EC09.authored_restart_cancels_pending_work PASS
OMDB_CASE recovery US4.authored_lifecycle_fresh_equivalence PASS
OMDB_CASE recovery US4.authored_lifecycle_initial_machinery PASS
OMDB_CASE recovery EC09.authored_stale_restart_rejected PASS
OMDB_CASE recovery EC10.authored_restart_before_activation PASS
OMDB_CASE recovery EC10.authored_restart_after_activation PASS
OMDB_CASE recovery EC09.authored_restart_cancels_pending_work PASS
OMDB_CASE recovery US4.authored_lifecycle_fresh_equivalence PASS
OMDB_CASE recovery US4.authored_lifecycle_initial_machinery PASS
OMDB_CASE recovery EC09.authored_stale_restart_rejected PASS
OMDB_CASE recovery EC10.authored_restart_before_activation PASS
OMDB_CASE recovery EC10.authored_restart_after_activation PASS
OMDB_CASE recovery EC09.authored_prepared_jam PASS
OMDB_CASE recovery EC09.authored_restart_cancels_pending_work PASS
OMDB_CASE recovery US4.authored_lifecycle_fresh_equivalence PASS
OMDB_CASE recovery US4.authored_lifecycle_initial_machinery PASS
OMDB_CASE recovery EC09.authored_stale_restart_rejected PASS
OMDB_CASE recovery EC10.authored_restart_before_activation PASS
OMDB_CASE recovery EC10.authored_restart_after_activation PASS
OMDB_CASE recovery EC09.authored_restart_cancels_pending_work PASS
OMDB_CASE recovery US4.authored_lifecycle_fresh_equivalence PASS
OMDB_CASE recovery US4.authored_lifecycle_initial_machinery PASS
OMDB_CASE recovery EC09.authored_stale_restart_rejected PASS
OMDB_CASE recovery EC10.authored_restart_before_activation PASS
OMDB_CASE recovery EC10.authored_restart_after_activation PASS
OMDB_CASE recovery EC09.authored_restart_cancels_pending_work PASS
OMDB_CASE recovery US4.authored_lifecycle_fresh_equivalence PASS
OMDB_CASE recovery US4.authored_lifecycle_initial_machinery PASS
OMDB_CASE recovery EC09.authored_stale_restart_rejected PASS
OMDB_CASE recovery EC10.authored_restart_before_activation PASS
OMDB_CASE recovery EC10.authored_restart_after_activation PASS
OMDB_CASE recovery EC09.authored_restart_cancels_pending_work PASS
OMDB_CASE recovery US4.authored_lifecycle_fresh_equivalence PASS
OMDB_CASE recovery US4.authored_lifecycle_initial_machinery PASS
OMDB_CASE recovery EC09.authored_stale_restart_rejected PASS
OMDB_CASE recovery EC10.authored_restart_before_activation PASS
OMDB_CASE recovery EC10.authored_restart_after_activation PASS
OMDB_CASE recovery EC09.authored_restart_cancels_pending_work PASS
OMDB_CASE recovery US4.authored_lifecycle_fresh_equivalence PASS
OMDB_CASE recovery US4.authored_lifecycle_initial_machinery PASS
OMDB_CASE recovery EC09.authored_stale_restart_rejected PASS
OMDB_CASE recovery EC10.authored_restart_before_activation PASS
OMDB_CASE recovery EC10.authored_restart_after_activation PASS
OMDB_CASE recovery EC09.authored_prepared_jam PASS
OMDB_CASE recovery EC09.authored_restart_cancels_pending_work PASS
OMDB_CASE recovery US4.authored_lifecycle_fresh_equivalence PASS
OMDB_CASE recovery US4.authored_lifecycle_initial_machinery PASS
OMDB_CASE recovery EC09.authored_stale_restart_rejected PASS
OMDB_CASE recovery EC10.authored_restart_before_activation PASS
OMDB_CASE recovery EC10.authored_restart_after_activation PASS
OMDB_CASE recovery EC09.authored_restart_cancels_pending_work PASS
OMDB_CASE recovery US4.authored_lifecycle_fresh_equivalence PASS
OMDB_CASE recovery US4.authored_lifecycle_initial_machinery PASS
OMDB_CASE recovery EC09.authored_stale_restart_rejected PASS
OMDB_CASE recovery EC10.authored_restart_before_activation PASS
OMDB_CASE recovery EC10.authored_restart_after_activation PASS
OMDB_CASE recovery EC09.authored_restart_cancels_pending_work PASS
OMDB_CASE recovery US4.authored_lifecycle_fresh_equivalence PASS
OMDB_CASE recovery US4.authored_lifecycle_initial_machinery PASS
OMDB_CASE recovery EC09.authored_stale_restart_rejected PASS
OMDB_CASE recovery EC10.authored_restart_before_activation PASS
OMDB_CASE recovery EC10.authored_restart_after_activation PASS
OMDB_CASE recovery EC09.authored_restart_cancels_pending_work PASS
OMDB_CASE recovery US4.authored_lifecycle_fresh_equivalence PASS
OMDB_CASE recovery US4.authored_lifecycle_initial_machinery PASS
OMDB_CASE recovery EC09.authored_stale_restart_rejected PASS
OMDB_CASE recovery EC10.authored_restart_before_activation PASS
OMDB_CASE recovery EC10.authored_restart_after_activation PASS
OMDB_CASE recovery EC09.authored_restart_cancels_pending_work PASS
OMDB_CASE recovery US4.authored_lifecycle_fresh_equivalence PASS
OMDB_CASE recovery US4.authored_lifecycle_initial_machinery PASS
OMDB_CASE recovery EC09.authored_stale_restart_rejected PASS
OMDB_CASE recovery EC10.authored_restart_before_activation PASS
OMDB_CASE recovery EC10.authored_restart_after_activation PASS
OMDB_CASE recovery EC09.authored_prepared_jam PASS
OMDB_CASE recovery EC09.authored_restart_cancels_pending_work PASS
OMDB_CASE recovery US4.authored_lifecycle_fresh_equivalence PASS
OMDB_CASE recovery US4.authored_lifecycle_initial_machinery PASS
OMDB_CASE recovery EC09.authored_stale_restart_rejected PASS
OMDB_CASE recovery EC10.authored_restart_before_activation PASS
OMDB_CASE recovery EC10.authored_restart_after_activation PASS
OMDB_CASE recovery EC09.authored_restart_cancels_pending_work PASS
OMDB_CASE recovery US4.authored_lifecycle_fresh_equivalence PASS
OMDB_CASE recovery US4.authored_lifecycle_initial_machinery PASS
OMDB_CASE recovery EC09.authored_stale_restart_rejected PASS
OMDB_CASE recovery EC10.authored_restart_before_activation PASS
OMDB_CASE recovery EC10.authored_restart_after_activation PASS
OMDB_CASE recovery EC09.authored_restart_cancels_pending_work PASS
OMDB_CASE recovery US4.authored_lifecycle_fresh_equivalence PASS
OMDB_CASE recovery US4.authored_lifecycle_initial_machinery PASS
OMDB_CASE recovery EC09.authored_stale_restart_rejected PASS
OMDB_CASE recovery EC10.authored_restart_before_activation PASS
OMDB_CASE recovery EC10.authored_restart_after_activation PASS
OMDB_CASE recovery EC09.authored_restart_cancels_pending_work PASS
OMDB_CASE recovery US4.authored_lifecycle_fresh_equivalence PASS
OMDB_CASE recovery US4.authored_lifecycle_initial_machinery PASS
OMDB_CASE recovery EC09.authored_stale_restart_rejected PASS
OMDB_CASE recovery EC10.authored_restart_before_activation PASS
OMDB_CASE recovery EC10.authored_restart_after_activation PASS
OMDB_CASE recovery EC09.authored_restart_cancels_pending_work PASS
OMDB_CASE recovery US4.authored_lifecycle_fresh_equivalence PASS
OMDB_CASE recovery US4.authored_lifecycle_initial_machinery PASS
OMDB_CASE recovery EC09.authored_stale_restart_rejected PASS
OMDB_CASE recovery EC10.authored_restart_before_activation PASS
OMDB_CASE recovery EC10.authored_restart_after_activation PASS
OMDB_CASE recovery EC09.authored_prepared_jam PASS
OMDB_CASE recovery EC09.authored_restart_cancels_pending_work PASS
OMDB_CASE recovery US4.authored_lifecycle_fresh_equivalence PASS
OMDB_CASE recovery US4.authored_lifecycle_initial_machinery PASS
OMDB_CASE recovery EC09.authored_stale_restart_rejected PASS
OMDB_CASE recovery EC10.authored_restart_before_activation PASS
OMDB_CASE recovery EC10.authored_restart_after_activation PASS
OMDB_CASE recovery EC09.authored_restart_cancels_pending_work PASS
OMDB_CASE recovery US4.authored_lifecycle_fresh_equivalence PASS
OMDB_CASE recovery US4.authored_lifecycle_initial_machinery PASS
OMDB_CASE recovery EC09.authored_stale_restart_rejected PASS
OMDB_CASE recovery EC10.authored_restart_before_activation PASS
OMDB_CASE recovery EC10.authored_restart_after_activation PASS
OMDB_CASE recovery US5.crossing_activates_fresh_next_room PASS
OMDB_CASE recovery US5.crossing_activates_fresh_next_room PASS
OMDB_CASE recovery US5.crossing_activates_fresh_next_room PASS
OMDB_CASE recovery US5.crossing_activates_fresh_next_room PASS
OMDB_CASE recovery US5.crossing_activates_fresh_next_room PASS
OMDB_CASE recovery US5.sixth_crossing_completion_keeps_six PASS
OMDB_CASE recovery US5.completed_resume_fresh_six PASS
OMDB_CASE recovery US5.replay_saves_one_keeps_volumes PASS
OMDB_CASE recovery EC10.restart_cancels_queued_crossing PASS
OMDB_CASE recovery US5.crossing_activates_fresh_next_room PASS
OMDB_CASE recovery US5.crossing_activates_fresh_next_room PASS
OMDB_CASE recovery US5.crossing_activates_fresh_next_room PASS
OMDB_CASE recovery US5.crossing_activates_fresh_next_room PASS
OMDB_CASE recovery US5.crossing_activates_fresh_next_room PASS
OMDB_CASE recovery US5.sixth_crossing_completion_keeps_six PASS
OMDB_CASE recovery US5.completed_resume_fresh_six PASS
OMDB_CASE recovery US5.replay_saves_one_keeps_volumes PASS
OMDB_CASE recovery EC10.restart_cancels_queued_crossing PASS
OMDB_CASE recovery US5.crossing_activates_fresh_next_room PASS
OMDB_CASE recovery US5.crossing_activates_fresh_next_room PASS
OMDB_CASE recovery US5.crossing_activates_fresh_next_room PASS
OMDB_CASE recovery US5.crossing_activates_fresh_next_room PASS
OMDB_CASE recovery US5.crossing_activates_fresh_next_room PASS
OMDB_CASE recovery US5.sixth_crossing_completion_keeps_six PASS
OMDB_CASE recovery US5.completed_resume_fresh_six PASS
OMDB_CASE recovery US5.replay_saves_one_keeps_volumes PASS
OMDB_CASE recovery EC10.restart_cancels_queued_crossing PASS
OMDB_CASE recovery US5.crossing_activates_fresh_next_room PASS
OMDB_CASE recovery US5.crossing_activates_fresh_next_room PASS
OMDB_CASE recovery US5.crossing_activates_fresh_next_room PASS
OMDB_CASE recovery US5.crossing_activates_fresh_next_room PASS
OMDB_CASE recovery US5.crossing_activates_fresh_next_room PASS
OMDB_CASE recovery US5.sixth_crossing_completion_keeps_six PASS
OMDB_CASE recovery US5.completed_resume_fresh_six PASS
OMDB_CASE recovery US5.replay_saves_one_keeps_volumes PASS
OMDB_CASE recovery EC10.restart_cancels_queued_crossing PASS
OMDB_CASE recovery US5.crossing_activates_fresh_next_room PASS
OMDB_CASE recovery US5.crossing_activates_fresh_next_room PASS
OMDB_CASE recovery US5.crossing_activates_fresh_next_room PASS
OMDB_CASE recovery US5.crossing_activates_fresh_next_room PASS
OMDB_CASE recovery US5.crossing_activates_fresh_next_room PASS
OMDB_CASE recovery US5.sixth_crossing_completion_keeps_six PASS
OMDB_CASE recovery US5.completed_resume_fresh_six PASS
OMDB_CASE recovery US5.replay_saves_one_keeps_volumes PASS
OMDB_CASE recovery EC10.restart_cancels_queued_crossing PASS
OMDB_CASE recovery US5.crossing_activates_fresh_next_room PASS
OMDB_CASE recovery US5.crossing_activates_fresh_next_room PASS
OMDB_CASE recovery US5.crossing_activates_fresh_next_room PASS
OMDB_CASE recovery US5.crossing_activates_fresh_next_room PASS
OMDB_CASE recovery US5.crossing_activates_fresh_next_room PASS
OMDB_CASE recovery US5.sixth_crossing_completion_keeps_six PASS
OMDB_CASE recovery US5.completed_resume_fresh_six PASS
OMDB_CASE recovery US5.replay_saves_one_keeps_volumes PASS
OMDB_CASE recovery EC10.restart_cancels_queued_crossing PASS
OMDB_CASE recovery US5.crossing_activates_fresh_next_room PASS
OMDB_CASE recovery US5.crossing_activates_fresh_next_room PASS
OMDB_CASE recovery US5.crossing_activates_fresh_next_room PASS
OMDB_CASE recovery US5.crossing_activates_fresh_next_room PASS
OMDB_CASE recovery US5.crossing_activates_fresh_next_room PASS
OMDB_CASE recovery US5.sixth_crossing_completion_keeps_six PASS
OMDB_CASE recovery US5.completed_resume_fresh_six PASS
OMDB_CASE recovery US5.replay_saves_one_keeps_volumes PASS
OMDB_CASE recovery EC10.restart_cancels_queued_crossing PASS
OMDB_CASE recovery US5.crossing_activates_fresh_next_room PASS
OMDB_CASE recovery US5.crossing_activates_fresh_next_room PASS
OMDB_CASE recovery US5.crossing_activates_fresh_next_room PASS
OMDB_CASE recovery US5.crossing_activates_fresh_next_room PASS
OMDB_CASE recovery US5.crossing_activates_fresh_next_room PASS
OMDB_CASE recovery US5.sixth_crossing_completion_keeps_six PASS
OMDB_CASE recovery US5.completed_resume_fresh_six PASS
OMDB_CASE recovery US5.replay_saves_one_keeps_volumes PASS
OMDB_CASE recovery EC10.restart_cancels_queued_crossing PASS
OMDB_CASE recovery US5.crossing_activates_fresh_next_room PASS
OMDB_CASE recovery US5.crossing_activates_fresh_next_room PASS
OMDB_CASE recovery US5.crossing_activates_fresh_next_room PASS
OMDB_CASE recovery US5.crossing_activates_fresh_next_room PASS
OMDB_CASE recovery US5.crossing_activates_fresh_next_room PASS
OMDB_CASE recovery US5.sixth_crossing_completion_keeps_six PASS
OMDB_CASE recovery US5.completed_resume_fresh_six PASS
OMDB_CASE recovery US5.replay_saves_one_keeps_volumes PASS
OMDB_CASE recovery EC10.restart_cancels_queued_crossing PASS
OMDB_CASE recovery US5.crossing_activates_fresh_next_room PASS
OMDB_CASE recovery US5.crossing_activates_fresh_next_room PASS
OMDB_CASE recovery US5.crossing_activates_fresh_next_room PASS
OMDB_CASE recovery US5.crossing_activates_fresh_next_room PASS
OMDB_CASE recovery US5.crossing_activates_fresh_next_room PASS
OMDB_CASE recovery US5.sixth_crossing_completion_keeps_six PASS
OMDB_CASE recovery US5.completed_resume_fresh_six PASS
OMDB_CASE recovery US5.replay_saves_one_keeps_volumes PASS
OMDB_CASE recovery EC10.restart_cancels_queued_crossing PASS
OMDB_CASE recovery foundation.root_injected PASS
OMDB_CASE recovery foundation.no_production_fallback PASS
OMDB_CASE recovery foundation.unsafe_root_rejected PASS
OMDB_CASE recovery foundation.unsafe_root_rejected PASS
OMDB_CASE recovery foundation.unsafe_root_rejected PASS
OMDB_CASE recovery foundation.unsafe_root_rejected PASS
OMDB_CASE recovery foundation.unsafe_root_rejected PASS
OMDB_CASE recovery foundation.symlink_root_rejected PASS
OMDB_CASE recovery SC010.live_slider_independent_mute PASS
OMDB_CASE recovery SC010.settings_back_persists PASS
OMDB_CASE recovery SC010.settings_retained_restart PASS
OMDB_CASE recovery US6.fixture_completion_keeps_room6 PASS
OMDB_CASE recovery US6.replay_fresh_saved_settings_retained PASS
OMDB_CASE recovery SC010.save_failure_keeps_live_volumes_and_old_file PASS
OMDB_CASE recovery US6.quit_to_title_keeps_settings PASS
OMDB_CASE recovery SC010.live_slider_independent_mute PASS
OMDB_CASE recovery SC010.settings_back_persists PASS
OMDB_CASE recovery SC010.settings_retained_restart PASS
OMDB_CASE recovery US6.fixture_completion_keeps_room6 PASS
OMDB_CASE recovery US6.replay_fresh_saved_settings_retained PASS
OMDB_CASE recovery SC010.save_failure_keeps_live_volumes_and_old_file PASS
OMDB_CASE recovery US6.quit_to_title_keeps_settings PASS
OMDB_CASE recovery SC010.live_slider_independent_mute PASS
OMDB_CASE recovery SC010.settings_back_persists PASS
OMDB_CASE recovery SC010.settings_retained_restart PASS
OMDB_CASE recovery US6.fixture_completion_keeps_room6 PASS
OMDB_CASE recovery US6.replay_fresh_saved_settings_retained PASS
OMDB_CASE recovery SC010.save_failure_keeps_live_volumes_and_old_file PASS
OMDB_CASE recovery US6.quit_to_title_keeps_settings PASS
OMDB_CASE recovery SC010.live_slider_independent_mute PASS
OMDB_CASE recovery SC010.settings_back_persists PASS
OMDB_CASE recovery SC010.settings_retained_restart PASS
OMDB_CASE recovery US6.fixture_completion_keeps_room6 PASS
OMDB_CASE recovery US6.replay_fresh_saved_settings_retained PASS
OMDB_CASE recovery SC010.save_failure_keeps_live_volumes_and_old_file PASS
OMDB_CASE recovery US6.quit_to_title_keeps_settings PASS
OMDB_CASE recovery SC010.live_slider_independent_mute PASS
OMDB_CASE recovery SC010.settings_back_persists PASS
OMDB_CASE recovery SC010.settings_retained_restart PASS
OMDB_CASE recovery US6.fixture_completion_keeps_room6 PASS
OMDB_CASE recovery US6.replay_fresh_saved_settings_retained PASS
OMDB_CASE recovery SC010.save_failure_keeps_live_volumes_and_old_file PASS
OMDB_CASE recovery US6.quit_to_title_keeps_settings PASS
OMDB_CASE recovery SC010.live_slider_independent_mute PASS
OMDB_CASE recovery SC010.settings_back_persists PASS
OMDB_CASE recovery SC010.settings_retained_restart PASS
OMDB_CASE recovery US6.fixture_completion_keeps_room6 PASS
OMDB_CASE recovery US6.replay_fresh_saved_settings_retained PASS
OMDB_CASE recovery SC010.save_failure_keeps_live_volumes_and_old_file PASS
OMDB_CASE recovery US6.quit_to_title_keeps_settings PASS
OMDB_CASE recovery SC010.live_slider_independent_mute PASS
OMDB_CASE recovery SC010.settings_back_persists PASS
OMDB_CASE recovery SC010.settings_retained_restart PASS
OMDB_CASE recovery US6.fixture_completion_keeps_room6 PASS
OMDB_CASE recovery US6.replay_fresh_saved_settings_retained PASS
OMDB_CASE recovery SC010.save_failure_keeps_live_volumes_and_old_file PASS
OMDB_CASE recovery US6.quit_to_title_keeps_settings PASS
OMDB_CASE recovery SC010.live_slider_independent_mute PASS
OMDB_CASE recovery SC010.settings_back_persists PASS
OMDB_CASE recovery SC010.settings_retained_restart PASS
OMDB_CASE recovery US6.fixture_completion_keeps_room6 PASS
OMDB_CASE recovery US6.replay_fresh_saved_settings_retained PASS
OMDB_CASE recovery SC010.save_failure_keeps_live_volumes_and_old_file PASS
OMDB_CASE recovery US6.quit_to_title_keeps_settings PASS
OMDB_CASE recovery SC010.live_slider_independent_mute PASS
OMDB_CASE recovery SC010.settings_back_persists PASS
OMDB_CASE recovery SC010.settings_retained_restart PASS
OMDB_CASE recovery US6.fixture_completion_keeps_room6 PASS
OMDB_CASE recovery US6.replay_fresh_saved_settings_retained PASS
OMDB_CASE recovery SC010.save_failure_keeps_live_volumes_and_old_file PASS
OMDB_CASE recovery US6.quit_to_title_keeps_settings PASS
OMDB_CASE recovery SC010.live_slider_independent_mute PASS
OMDB_CASE recovery SC010.settings_back_persists PASS
OMDB_CASE recovery SC010.settings_retained_restart PASS
OMDB_CASE recovery US6.fixture_completion_keeps_room6 PASS
OMDB_CASE recovery US6.replay_fresh_saved_settings_retained PASS
OMDB_CASE recovery SC010.save_failure_keeps_live_volumes_and_old_file PASS
OMDB_CASE recovery US6.quit_to_title_keeps_settings PASS
OMDB_CASE recovery VR005.process_reopen.room_01.0 PASS
OMDB_CASE recovery US4.reopen_preserves_progress_settings PASS
OMDB_CASE recovery VR005.process_reopen.room_02.0 PASS
OMDB_CASE recovery US4.reopen_preserves_progress_settings PASS
OMDB_CASE recovery VR005.process_reopen.room_03.0 PASS
OMDB_CASE recovery US4.reopen_preserves_progress_settings PASS
OMDB_CASE recovery VR005.process_reopen.room_04.0 PASS
OMDB_CASE recovery US4.reopen_preserves_progress_settings PASS
OMDB_CASE recovery VR005.process_reopen.room_05.0 PASS
OMDB_CASE recovery US4.reopen_preserves_progress_settings PASS
OMDB_CASE recovery VR005.process_reopen.room_06.0 PASS
OMDB_CASE recovery US4.reopen_preserves_progress_settings PASS
OMDB_CASE recovery VR005.process_reopen.room_01.1 PASS
OMDB_CASE recovery US4.reopen_preserves_progress_settings PASS
OMDB_CASE recovery VR005.process_reopen.room_02.1 PASS
OMDB_CASE recovery US4.reopen_preserves_progress_settings PASS
OMDB_CASE recovery VR005.process_reopen.room_03.1 PASS
OMDB_CASE recovery US4.reopen_preserves_progress_settings PASS
OMDB_CASE recovery VR005.process_reopen.room_04.1 PASS
OMDB_CASE recovery US4.reopen_preserves_progress_settings PASS
OMDB_CASE recovery VR005.process_reopen.room_05.1 PASS
OMDB_CASE recovery US4.reopen_preserves_progress_settings PASS
OMDB_CASE recovery VR005.process_reopen.room_06.1 PASS
OMDB_CASE recovery US4.reopen_preserves_progress_settings PASS
OMDB_CASE recovery VR005.process_reopen.room_01.2 PASS
OMDB_CASE recovery US4.reopen_preserves_progress_settings PASS
OMDB_CASE recovery VR005.process_reopen.room_02.2 PASS
OMDB_CASE recovery US4.reopen_preserves_progress_settings PASS
OMDB_CASE recovery VR005.process_reopen.room_03.2 PASS
OMDB_CASE recovery US4.reopen_preserves_progress_settings PASS
OMDB_CASE recovery VR005.process_reopen.room_04.2 PASS
OMDB_CASE recovery US4.reopen_preserves_progress_settings PASS
OMDB_CASE recovery VR005.process_reopen.room_05.2 PASS
OMDB_CASE recovery US4.reopen_preserves_progress_settings PASS
OMDB_CASE recovery VR005.process_reopen.room_06.2 PASS
OMDB_CASE recovery US4.reopen_preserves_progress_settings PASS
OMDB_CASE recovery VR005.process_reopen.room_01.3 PASS
OMDB_CASE recovery US4.reopen_preserves_progress_settings PASS
OMDB_CASE recovery VR005.process_reopen.room_02.3 PASS
OMDB_CASE recovery US4.reopen_preserves_progress_settings PASS
OMDB_CASE recovery VR005.process_reopen.room_03.3 PASS
OMDB_CASE recovery US4.reopen_preserves_progress_settings PASS
OMDB_CASE recovery VR005.process_reopen.room_04.3 PASS
OMDB_CASE recovery US4.reopen_preserves_progress_settings PASS
OMDB_CASE recovery VR005.process_reopen.room_05.3 PASS
OMDB_CASE recovery US4.reopen_preserves_progress_settings PASS
OMDB_CASE recovery VR005.process_reopen.room_06.3 PASS
OMDB_CASE recovery US4.reopen_preserves_progress_settings PASS
OMDB_CASE recovery VR005.process_reopen.room_01.4 PASS
OMDB_CASE recovery US4.reopen_preserves_progress_settings PASS
OMDB_CASE recovery VR005.process_reopen.room_02.4 PASS
OMDB_CASE recovery US4.reopen_preserves_progress_settings PASS
OMDB_CASE recovery VR005.process_reopen.room_03.4 PASS
OMDB_CASE recovery US4.reopen_preserves_progress_settings PASS
OMDB_CASE recovery VR005.process_reopen.room_04.4 PASS
OMDB_CASE recovery US4.reopen_preserves_progress_settings PASS
OMDB_CASE recovery VR005.process_reopen.room_05.4 PASS
OMDB_CASE recovery US4.reopen_preserves_progress_settings PASS
OMDB_CASE recovery VR005.process_reopen.room_06.4 PASS
OMDB_CASE recovery US4.reopen_preserves_progress_settings PASS
OMDB_CASE recovery VR005.process_reopen.room_01.5 PASS
OMDB_CASE recovery US4.reopen_preserves_progress_settings PASS
OMDB_CASE recovery VR005.process_reopen.room_02.5 PASS
OMDB_CASE recovery US4.reopen_preserves_progress_settings PASS
OMDB_CASE recovery VR005.process_reopen.room_03.5 PASS
OMDB_CASE recovery US4.reopen_preserves_progress_settings PASS
OMDB_CASE recovery VR005.process_reopen.room_04.5 PASS
OMDB_CASE recovery US4.reopen_preserves_progress_settings PASS
OMDB_CASE recovery VR005.process_reopen.room_05.5 PASS
OMDB_CASE recovery US4.reopen_preserves_progress_settings PASS
OMDB_CASE recovery VR005.process_reopen.room_06.5 PASS
OMDB_CASE recovery US4.reopen_preserves_progress_settings PASS
OMDB_CASE recovery VR005.process_reopen.room_01.6 PASS
OMDB_CASE recovery US4.reopen_preserves_progress_settings PASS
OMDB_CASE recovery VR005.process_reopen.room_02.6 PASS
OMDB_CASE recovery US4.reopen_preserves_progress_settings PASS
OMDB_CASE recovery VR005.process_reopen.room_03.6 PASS
OMDB_CASE recovery US4.reopen_preserves_progress_settings PASS
OMDB_CASE recovery VR005.process_reopen.room_04.6 PASS
OMDB_CASE recovery US4.reopen_preserves_progress_settings PASS
OMDB_CASE recovery VR005.process_reopen.room_05.6 PASS
OMDB_CASE recovery US4.reopen_preserves_progress_settings PASS
OMDB_CASE recovery VR005.process_reopen.room_06.6 PASS
OMDB_CASE recovery US4.reopen_preserves_progress_settings PASS
OMDB_CASE recovery VR005.process_reopen.room_01.7 PASS
OMDB_CASE recovery US4.reopen_preserves_progress_settings PASS
OMDB_CASE recovery VR005.process_reopen.room_02.7 PASS
OMDB_CASE recovery US4.reopen_preserves_progress_settings PASS
OMDB_CASE recovery VR005.process_reopen.room_03.7 PASS
OMDB_CASE recovery US4.reopen_preserves_progress_settings PASS
OMDB_CASE recovery VR005.process_reopen.room_04.7 PASS
OMDB_CASE recovery US4.reopen_preserves_progress_settings PASS
OMDB_CASE recovery VR005.process_reopen.room_05.7 PASS
OMDB_CASE recovery US4.reopen_preserves_progress_settings PASS
OMDB_CASE recovery VR005.process_reopen.room_06.7 PASS
OMDB_CASE recovery US4.reopen_preserves_progress_settings PASS
OMDB_CASE recovery VR005.process_reopen.room_01.8 PASS
OMDB_CASE recovery US4.reopen_preserves_progress_settings PASS
OMDB_CASE recovery VR005.process_reopen.room_02.8 PASS
OMDB_CASE recovery US4.reopen_preserves_progress_settings PASS
OMDB_CASE recovery VR005.process_reopen.room_03.8 PASS
OMDB_CASE recovery US4.reopen_preserves_progress_settings PASS
OMDB_CASE recovery VR005.process_reopen.room_04.8 PASS
OMDB_CASE recovery US4.reopen_preserves_progress_settings PASS
OMDB_CASE recovery VR005.process_reopen.room_05.8 PASS
OMDB_CASE recovery US4.reopen_preserves_progress_settings PASS
OMDB_CASE recovery VR005.process_reopen.room_06.8 PASS
OMDB_CASE recovery US4.reopen_preserves_progress_settings PASS
OMDB_CASE recovery VR005.process_reopen.room_01.9 PASS
OMDB_CASE recovery US4.reopen_preserves_progress_settings PASS
OMDB_CASE recovery VR005.process_reopen.room_02.9 PASS
OMDB_CASE recovery US4.reopen_preserves_progress_settings PASS
OMDB_CASE recovery VR005.process_reopen.room_03.9 PASS
OMDB_CASE recovery US4.reopen_preserves_progress_settings PASS
OMDB_CASE recovery VR005.process_reopen.room_04.9 PASS
OMDB_CASE recovery US4.reopen_preserves_progress_settings PASS
OMDB_CASE recovery VR005.process_reopen.room_05.9 PASS
OMDB_CASE recovery US4.reopen_preserves_progress_settings PASS
OMDB_CASE recovery VR005.process_reopen.room_06.9 PASS
OMDB_CASE recovery US4.reopen_preserves_progress_settings PASS
OMDB_CASE recovery FR026.restart_during_feedback.false.0 PASS
OMDB_CASE recovery FR026.restart_during_feedback.true.0 PASS
OMDB_CASE recovery FR026.restart_during_feedback.false.1 PASS
OMDB_CASE recovery FR026.restart_during_feedback.true.1 PASS
OMDB_CASE recovery FR026.restart_during_feedback.false.2 PASS
OMDB_CASE recovery FR026.restart_during_feedback.true.2 PASS
OMDB_CASE recovery FR026.restart_during_feedback.false.3 PASS
OMDB_CASE recovery FR026.restart_during_feedback.true.3 PASS
OMDB_CASE recovery FR026.restart_during_feedback.false.4 PASS
OMDB_CASE recovery FR026.restart_during_feedback.true.4 PASS
OMDB_CASE recovery FR026.restart_during_feedback.false.5 PASS
OMDB_CASE recovery FR026.restart_during_feedback.true.5 PASS
OMDB_CASE recovery FR026.restart_during_feedback.false.6 PASS
OMDB_CASE recovery FR026.restart_during_feedback.true.6 PASS
OMDB_CASE recovery FR026.restart_during_feedback.false.7 PASS
OMDB_CASE recovery FR026.restart_during_feedback.true.7 PASS
OMDB_CASE recovery FR026.restart_during_feedback.false.8 PASS
OMDB_CASE recovery FR026.restart_during_feedback.true.8 PASS
OMDB_CASE recovery FR026.restart_during_feedback.false.9 PASS
OMDB_CASE recovery FR026.restart_during_feedback.true.9 PASS
OMDB_CASE recovery US4.activation_request PASS
OMDB_CASE recovery EC09.restart_cancels_pending_death PASS
OMDB_CASE recovery US4.fresh_state_equivalence PASS
OMDB_CASE recovery US4.fresh_machinery_one_room PASS
OMDB_CASE recovery EC09.initial_anvil_restored_at_commit PASS
OMDB_CASE recovery EC09.old_restart_rejected PASS
OMDB_CASE recovery EC10.restart_before_activation_keeps_committed_room PASS
OMDB_CASE recovery EC10.restart_after_activation_targets_new_room PASS
OMDB_CASE recovery US4.activation_request PASS
OMDB_CASE recovery EC09.restart_cancels_pending_death PASS
OMDB_CASE recovery US4.fresh_state_equivalence PASS
OMDB_CASE recovery US4.fresh_machinery_one_room PASS
OMDB_CASE recovery EC09.initial_anvil_restored_at_commit PASS
OMDB_CASE recovery EC09.old_restart_rejected PASS
OMDB_CASE recovery EC10.restart_before_activation_keeps_committed_room PASS
OMDB_CASE recovery EC10.restart_after_activation_targets_new_room PASS
OMDB_CASE recovery US4.activation_request PASS
OMDB_CASE recovery EC09.restart_cancels_pending_death PASS
OMDB_CASE recovery US4.fresh_state_equivalence PASS
OMDB_CASE recovery US4.fresh_machinery_one_room PASS
OMDB_CASE recovery EC09.initial_anvil_restored_at_commit PASS
OMDB_CASE recovery EC09.old_restart_rejected PASS
OMDB_CASE recovery EC10.restart_before_activation_keeps_committed_room PASS
OMDB_CASE recovery EC10.restart_after_activation_targets_new_room PASS
OMDB_CASE recovery US4.activation_request PASS
OMDB_CASE recovery EC09.prepared_jam PASS
OMDB_CASE recovery EC09.restart_cancels_pending_death PASS
OMDB_CASE recovery US4.fresh_state_equivalence PASS
OMDB_CASE recovery US4.fresh_machinery_one_room PASS
OMDB_CASE recovery EC09.initial_anvil_restored_at_commit PASS
OMDB_CASE recovery EC09.old_restart_rejected PASS
OMDB_CASE recovery EC10.restart_before_activation_keeps_committed_room PASS
OMDB_CASE recovery EC10.restart_after_activation_targets_new_room PASS
OMDB_CASE recovery US4.activation_request PASS
OMDB_CASE recovery EC09.restart_cancels_pending_death PASS
OMDB_CASE recovery US4.fresh_state_equivalence PASS
OMDB_CASE recovery US4.fresh_machinery_one_room PASS
OMDB_CASE recovery EC09.initial_anvil_restored_at_commit PASS
OMDB_CASE recovery EC09.old_restart_rejected PASS
OMDB_CASE recovery EC10.restart_before_activation_keeps_committed_room PASS
OMDB_CASE recovery EC10.restart_after_activation_targets_new_room PASS
OMDB_CASE recovery US4.activation_request PASS
OMDB_CASE recovery EC09.restart_cancels_pending_death PASS
OMDB_CASE recovery US4.fresh_state_equivalence PASS
OMDB_CASE recovery US4.fresh_machinery_one_room PASS
OMDB_CASE recovery EC09.initial_anvil_restored_at_commit PASS
OMDB_CASE recovery EC09.old_restart_rejected PASS
OMDB_CASE recovery EC10.restart_before_activation_keeps_committed_room PASS
OMDB_CASE recovery EC10.restart_after_activation_targets_new_room PASS
OMDB_CASE recovery US4.activation_request PASS
OMDB_CASE recovery EC09.restart_cancels_pending_death PASS
OMDB_CASE recovery US4.fresh_state_equivalence PASS
OMDB_CASE recovery US4.fresh_machinery_one_room PASS
OMDB_CASE recovery EC09.initial_anvil_restored_at_commit PASS
OMDB_CASE recovery EC09.old_restart_rejected PASS
OMDB_CASE recovery EC10.restart_before_activation_keeps_committed_room PASS
OMDB_CASE recovery EC10.restart_after_activation_targets_new_room PASS
OMDB_CASE recovery US4.activation_request PASS
OMDB_CASE recovery EC09.restart_cancels_pending_death PASS
OMDB_CASE recovery US4.fresh_state_equivalence PASS
OMDB_CASE recovery US4.fresh_machinery_one_room PASS
OMDB_CASE recovery EC09.initial_anvil_restored_at_commit PASS
OMDB_CASE recovery EC09.old_restart_rejected PASS
OMDB_CASE recovery EC10.restart_before_activation_keeps_committed_room PASS
OMDB_CASE recovery EC10.restart_after_activation_targets_new_room PASS
OMDB_CASE recovery US4.activation_request PASS
OMDB_CASE recovery EC09.prepared_jam PASS
OMDB_CASE recovery EC09.restart_cancels_pending_death PASS
OMDB_CASE recovery US4.fresh_state_equivalence PASS
OMDB_CASE recovery US4.fresh_machinery_one_room PASS
OMDB_CASE recovery EC09.initial_anvil_restored_at_commit PASS
OMDB_CASE recovery EC09.old_restart_rejected PASS
OMDB_CASE recovery EC10.restart_before_activation_keeps_committed_room PASS
OMDB_CASE recovery EC10.restart_after_activation_targets_new_room PASS
OMDB_CASE recovery US4.activation_request PASS
OMDB_CASE recovery EC09.restart_cancels_pending_death PASS
OMDB_CASE recovery US4.fresh_state_equivalence PASS
OMDB_CASE recovery US4.fresh_machinery_one_room PASS
OMDB_CASE recovery EC09.initial_anvil_restored_at_commit PASS
OMDB_CASE recovery EC09.old_restart_rejected PASS
OMDB_CASE recovery EC10.restart_before_activation_keeps_committed_room PASS
OMDB_CASE recovery EC10.restart_after_activation_targets_new_room PASS
OMDB_CASE recovery US4.activation_request PASS
OMDB_CASE recovery EC09.restart_cancels_pending_death PASS
OMDB_CASE recovery US4.fresh_state_equivalence PASS
OMDB_CASE recovery US4.fresh_machinery_one_room PASS
OMDB_CASE recovery EC09.initial_anvil_restored_at_commit PASS
OMDB_CASE recovery EC09.old_restart_rejected PASS
OMDB_CASE recovery EC10.restart_before_activation_keeps_committed_room PASS
OMDB_CASE recovery EC10.restart_after_activation_targets_new_room PASS
OMDB_CASE recovery US4.activation_request PASS
OMDB_CASE recovery EC09.restart_cancels_pending_death PASS
OMDB_CASE recovery US4.fresh_state_equivalence PASS
OMDB_CASE recovery US4.fresh_machinery_one_room PASS
OMDB_CASE recovery EC09.initial_anvil_restored_at_commit PASS
OMDB_CASE recovery EC09.old_restart_rejected PASS
OMDB_CASE recovery EC10.restart_before_activation_keeps_committed_room PASS
OMDB_CASE recovery EC10.restart_after_activation_targets_new_room PASS
OMDB_CASE recovery US4.activation_request PASS
OMDB_CASE recovery EC09.restart_cancels_pending_death PASS
OMDB_CASE recovery US4.fresh_state_equivalence PASS
OMDB_CASE recovery US4.fresh_machinery_one_room PASS
OMDB_CASE recovery EC09.initial_anvil_restored_at_commit PASS
OMDB_CASE recovery EC09.old_restart_rejected PASS
OMDB_CASE recovery EC10.restart_before_activation_keeps_committed_room PASS
OMDB_CASE recovery EC10.restart_after_activation_targets_new_room PASS
OMDB_CASE recovery US4.activation_request PASS
OMDB_CASE recovery EC09.prepared_jam PASS
OMDB_CASE recovery EC09.restart_cancels_pending_death PASS
OMDB_CASE recovery US4.fresh_state_equivalence PASS
OMDB_CASE recovery US4.fresh_machinery_one_room PASS
OMDB_CASE recovery EC09.initial_anvil_restored_at_commit PASS
OMDB_CASE recovery EC09.old_restart_rejected PASS
OMDB_CASE recovery EC10.restart_before_activation_keeps_committed_room PASS
OMDB_CASE recovery EC10.restart_after_activation_targets_new_room PASS
OMDB_CASE recovery US4.activation_request PASS
OMDB_CASE recovery EC09.restart_cancels_pending_death PASS
OMDB_CASE recovery US4.fresh_state_equivalence PASS
OMDB_CASE recovery US4.fresh_machinery_one_room PASS
OMDB_CASE recovery EC09.initial_anvil_restored_at_commit PASS
OMDB_CASE recovery EC09.old_restart_rejected PASS
OMDB_CASE recovery EC10.restart_before_activation_keeps_committed_room PASS
OMDB_CASE recovery EC10.restart_after_activation_targets_new_room PASS
OMDB_CASE recovery US4.activation_request PASS
OMDB_CASE recovery EC09.restart_cancels_pending_death PASS
OMDB_CASE recovery US4.fresh_state_equivalence PASS
OMDB_CASE recovery US4.fresh_machinery_one_room PASS
OMDB_CASE recovery EC09.initial_anvil_restored_at_commit PASS
OMDB_CASE recovery EC09.old_restart_rejected PASS
OMDB_CASE recovery EC10.restart_before_activation_keeps_committed_room PASS
OMDB_CASE recovery EC10.restart_after_activation_targets_new_room PASS
OMDB_CASE recovery US4.activation_request PASS
OMDB_CASE recovery EC09.restart_cancels_pending_death PASS
OMDB_CASE recovery US4.fresh_state_equivalence PASS
OMDB_CASE recovery US4.fresh_machinery_one_room PASS
OMDB_CASE recovery EC09.initial_anvil_restored_at_commit PASS
OMDB_CASE recovery EC09.old_restart_rejected PASS
OMDB_CASE recovery EC10.restart_before_activation_keeps_committed_room PASS
OMDB_CASE recovery EC10.restart_after_activation_targets_new_room PASS
OMDB_CASE recovery US4.activation_request PASS
OMDB_CASE recovery EC09.restart_cancels_pending_death PASS
OMDB_CASE recovery US4.fresh_state_equivalence PASS
OMDB_CASE recovery US4.fresh_machinery_one_room PASS
OMDB_CASE recovery EC09.initial_anvil_restored_at_commit PASS
OMDB_CASE recovery EC09.old_restart_rejected PASS
OMDB_CASE recovery EC10.restart_before_activation_keeps_committed_room PASS
OMDB_CASE recovery EC10.restart_after_activation_targets_new_room PASS
OMDB_CASE recovery US4.activation_request PASS
OMDB_CASE recovery EC09.prepared_jam PASS
OMDB_CASE recovery EC09.restart_cancels_pending_death PASS
OMDB_CASE recovery US4.fresh_state_equivalence PASS
OMDB_CASE recovery US4.fresh_machinery_one_room PASS
OMDB_CASE recovery EC09.initial_anvil_restored_at_commit PASS
OMDB_CASE recovery EC09.old_restart_rejected PASS
OMDB_CASE recovery EC10.restart_before_activation_keeps_committed_room PASS
OMDB_CASE recovery EC10.restart_after_activation_targets_new_room PASS
OMDB_CASE recovery US4.activation_request PASS
OMDB_CASE recovery EC09.restart_cancels_pending_death PASS
OMDB_CASE recovery US4.fresh_state_equivalence PASS
OMDB_CASE recovery US4.fresh_machinery_one_room PASS
OMDB_CASE recovery EC09.initial_anvil_restored_at_commit PASS
OMDB_CASE recovery EC09.old_restart_rejected PASS
OMDB_CASE recovery EC10.restart_before_activation_keeps_committed_room PASS
OMDB_CASE recovery EC10.restart_after_activation_targets_new_room PASS
OMDB_CASE recovery US4.activation_request PASS
OMDB_CASE recovery EC09.restart_cancels_pending_death PASS
OMDB_CASE recovery US4.fresh_state_equivalence PASS
OMDB_CASE recovery US4.fresh_machinery_one_room PASS
OMDB_CASE recovery EC09.initial_anvil_restored_at_commit PASS
OMDB_CASE recovery EC09.old_restart_rejected PASS
OMDB_CASE recovery EC10.restart_before_activation_keeps_committed_room PASS
OMDB_CASE recovery EC10.restart_after_activation_targets_new_room PASS
OMDB_CASE recovery US4.activation_request PASS
OMDB_CASE recovery EC09.restart_cancels_pending_death PASS
OMDB_CASE recovery US4.fresh_state_equivalence PASS
OMDB_CASE recovery US4.fresh_machinery_one_room PASS
OMDB_CASE recovery EC09.initial_anvil_restored_at_commit PASS
OMDB_CASE recovery EC09.old_restart_rejected PASS
OMDB_CASE recovery EC10.restart_before_activation_keeps_committed_room PASS
OMDB_CASE recovery EC10.restart_after_activation_targets_new_room PASS
OMDB_CASE recovery US4.activation_request PASS
OMDB_CASE recovery EC09.restart_cancels_pending_death PASS
OMDB_CASE recovery US4.fresh_state_equivalence PASS
OMDB_CASE recovery US4.fresh_machinery_one_room PASS
OMDB_CASE recovery EC09.initial_anvil_restored_at_commit PASS
OMDB_CASE recovery EC09.old_restart_rejected PASS
OMDB_CASE recovery EC10.restart_before_activation_keeps_committed_room PASS
OMDB_CASE recovery EC10.restart_after_activation_targets_new_room PASS
OMDB_CASE recovery US4.activation_request PASS
OMDB_CASE recovery EC09.prepared_jam PASS
OMDB_CASE recovery EC09.restart_cancels_pending_death PASS
OMDB_CASE recovery US4.fresh_state_equivalence PASS
OMDB_CASE recovery US4.fresh_machinery_one_room PASS
OMDB_CASE recovery EC09.initial_anvil_restored_at_commit PASS
OMDB_CASE recovery EC09.old_restart_rejected PASS
OMDB_CASE recovery EC10.restart_before_activation_keeps_committed_room PASS
OMDB_CASE recovery EC10.restart_after_activation_targets_new_room PASS
OMDB_CASE recovery US4.activation_request PASS
OMDB_CASE recovery EC09.restart_cancels_pending_death PASS
OMDB_CASE recovery US4.fresh_state_equivalence PASS
OMDB_CASE recovery US4.fresh_machinery_one_room PASS
OMDB_CASE recovery EC09.initial_anvil_restored_at_commit PASS
OMDB_CASE recovery EC09.old_restart_rejected PASS
OMDB_CASE recovery EC10.restart_before_activation_keeps_committed_room PASS
OMDB_CASE recovery EC10.restart_after_activation_targets_new_room PASS
OMDB_CASE recovery US4.activation_request PASS
OMDB_CASE recovery EC09.restart_cancels_pending_death PASS
OMDB_CASE recovery US4.fresh_state_equivalence PASS
OMDB_CASE recovery US4.fresh_machinery_one_room PASS
OMDB_CASE recovery EC09.initial_anvil_restored_at_commit PASS
OMDB_CASE recovery EC09.old_restart_rejected PASS
OMDB_CASE recovery EC10.restart_before_activation_keeps_committed_room PASS
OMDB_CASE recovery EC10.restart_after_activation_targets_new_room PASS
OMDB_CASE recovery US4.activation_request PASS
OMDB_CASE recovery EC09.restart_cancels_pending_death PASS
OMDB_CASE recovery US4.fresh_state_equivalence PASS
OMDB_CASE recovery US4.fresh_machinery_one_room PASS
OMDB_CASE recovery EC09.initial_anvil_restored_at_commit PASS
OMDB_CASE recovery EC09.old_restart_rejected PASS
OMDB_CASE recovery EC10.restart_before_activation_keeps_committed_room PASS
OMDB_CASE recovery EC10.restart_after_activation_targets_new_room PASS
OMDB_CASE recovery US4.activation_request PASS
OMDB_CASE recovery EC09.restart_cancels_pending_death PASS
OMDB_CASE recovery US4.fresh_state_equivalence PASS
OMDB_CASE recovery US4.fresh_machinery_one_room PASS
OMDB_CASE recovery EC09.initial_anvil_restored_at_commit PASS
OMDB_CASE recovery EC09.old_restart_rejected PASS
OMDB_CASE recovery EC10.restart_before_activation_keeps_committed_room PASS
OMDB_CASE recovery EC10.restart_after_activation_targets_new_room PASS
OMDB_CASE recovery US4.activation_request PASS
OMDB_CASE recovery EC09.prepared_jam PASS
OMDB_CASE recovery EC09.restart_cancels_pending_death PASS
OMDB_CASE recovery US4.fresh_state_equivalence PASS
OMDB_CASE recovery US4.fresh_machinery_one_room PASS
OMDB_CASE recovery EC09.initial_anvil_restored_at_commit PASS
OMDB_CASE recovery EC09.old_restart_rejected PASS
OMDB_CASE recovery EC10.restart_before_activation_keeps_committed_room PASS
OMDB_CASE recovery EC10.restart_after_activation_targets_new_room PASS
OMDB_CASE recovery US4.activation_request PASS
OMDB_CASE recovery EC09.restart_cancels_pending_death PASS
OMDB_CASE recovery US4.fresh_state_equivalence PASS
OMDB_CASE recovery US4.fresh_machinery_one_room PASS
OMDB_CASE recovery EC09.initial_anvil_restored_at_commit PASS
OMDB_CASE recovery EC09.old_restart_rejected PASS
OMDB_CASE recovery EC10.restart_before_activation_keeps_committed_room PASS
OMDB_CASE recovery EC10.restart_after_activation_targets_new_room PASS
OMDB_CASE recovery US4.activation_request PASS
OMDB_CASE recovery EC09.restart_cancels_pending_death PASS
OMDB_CASE recovery US4.fresh_state_equivalence PASS
OMDB_CASE recovery US4.fresh_machinery_one_room PASS
OMDB_CASE recovery EC09.initial_anvil_restored_at_commit PASS
OMDB_CASE recovery EC09.old_restart_rejected PASS
OMDB_CASE recovery EC10.restart_before_activation_keeps_committed_room PASS
OMDB_CASE recovery EC10.restart_after_activation_targets_new_room PASS
OMDB_CASE recovery US4.activation_request PASS
OMDB_CASE recovery EC09.restart_cancels_pending_death PASS
OMDB_CASE recovery US4.fresh_state_equivalence PASS
OMDB_CASE recovery US4.fresh_machinery_one_room PASS
OMDB_CASE recovery EC09.initial_anvil_restored_at_commit PASS
OMDB_CASE recovery EC09.old_restart_rejected PASS
OMDB_CASE recovery EC10.restart_before_activation_keeps_committed_room PASS
OMDB_CASE recovery EC10.restart_after_activation_targets_new_room PASS
OMDB_CASE recovery US4.activation_request PASS
OMDB_CASE recovery EC09.restart_cancels_pending_death PASS
OMDB_CASE recovery US4.fresh_state_equivalence PASS
OMDB_CASE recovery US4.fresh_machinery_one_room PASS
OMDB_CASE recovery EC09.initial_anvil_restored_at_commit PASS
OMDB_CASE recovery EC09.old_restart_rejected PASS
OMDB_CASE recovery EC10.restart_before_activation_keeps_committed_room PASS
OMDB_CASE recovery EC10.restart_after_activation_targets_new_room PASS
OMDB_CASE recovery US4.activation_request PASS
OMDB_CASE recovery EC09.prepared_jam PASS
OMDB_CASE recovery EC09.restart_cancels_pending_death PASS
OMDB_CASE recovery US4.fresh_state_equivalence PASS
OMDB_CASE recovery US4.fresh_machinery_one_room PASS
OMDB_CASE recovery EC09.initial_anvil_restored_at_commit PASS
OMDB_CASE recovery EC09.old_restart_rejected PASS
OMDB_CASE recovery EC10.restart_before_activation_keeps_committed_room PASS
OMDB_CASE recovery EC10.restart_after_activation_targets_new_room PASS
OMDB_CASE recovery US4.activation_request PASS
OMDB_CASE recovery EC09.restart_cancels_pending_death PASS
OMDB_CASE recovery US4.fresh_state_equivalence PASS
OMDB_CASE recovery US4.fresh_machinery_one_room PASS
OMDB_CASE recovery EC09.initial_anvil_restored_at_commit PASS
OMDB_CASE recovery EC09.old_restart_rejected PASS
OMDB_CASE recovery EC10.restart_before_activation_keeps_committed_room PASS
OMDB_CASE recovery EC10.restart_after_activation_targets_new_room PASS
OMDB_CASE recovery US4.activation_request PASS
OMDB_CASE recovery EC09.restart_cancels_pending_death PASS
OMDB_CASE recovery US4.fresh_state_equivalence PASS
OMDB_CASE recovery US4.fresh_machinery_one_room PASS
OMDB_CASE recovery EC09.initial_anvil_restored_at_commit PASS
OMDB_CASE recovery EC09.old_restart_rejected PASS
OMDB_CASE recovery EC10.restart_before_activation_keeps_committed_room PASS
OMDB_CASE recovery EC10.restart_after_activation_targets_new_room PASS
OMDB_CASE recovery US4.activation_request PASS
OMDB_CASE recovery EC09.restart_cancels_pending_death PASS
OMDB_CASE recovery US4.fresh_state_equivalence PASS
OMDB_CASE recovery US4.fresh_machinery_one_room PASS
OMDB_CASE recovery EC09.initial_anvil_restored_at_commit PASS
OMDB_CASE recovery EC09.old_restart_rejected PASS
OMDB_CASE recovery EC10.restart_before_activation_keeps_committed_room PASS
OMDB_CASE recovery EC10.restart_after_activation_targets_new_room PASS
OMDB_CASE recovery US4.activation_request PASS
OMDB_CASE recovery EC09.restart_cancels_pending_death PASS
OMDB_CASE recovery US4.fresh_state_equivalence PASS
OMDB_CASE recovery US4.fresh_machinery_one_room PASS
OMDB_CASE recovery EC09.initial_anvil_restored_at_commit PASS
OMDB_CASE recovery EC09.old_restart_rejected PASS
OMDB_CASE recovery EC10.restart_before_activation_keeps_committed_room PASS
OMDB_CASE recovery EC10.restart_after_activation_targets_new_room PASS
OMDB_CASE recovery US4.activation_request PASS
OMDB_CASE recovery EC09.prepared_jam PASS
OMDB_CASE recovery EC09.restart_cancels_pending_death PASS
OMDB_CASE recovery US4.fresh_state_equivalence PASS
OMDB_CASE recovery US4.fresh_machinery_one_room PASS
OMDB_CASE recovery EC09.initial_anvil_restored_at_commit PASS
OMDB_CASE recovery EC09.old_restart_rejected PASS
OMDB_CASE recovery EC10.restart_before_activation_keeps_committed_room PASS
OMDB_CASE recovery EC10.restart_after_activation_targets_new_room PASS
OMDB_CASE recovery US4.activation_request PASS
OMDB_CASE recovery EC09.restart_cancels_pending_death PASS
OMDB_CASE recovery US4.fresh_state_equivalence PASS
OMDB_CASE recovery US4.fresh_machinery_one_room PASS
OMDB_CASE recovery EC09.initial_anvil_restored_at_commit PASS
OMDB_CASE recovery EC09.old_restart_rejected PASS
OMDB_CASE recovery EC10.restart_before_activation_keeps_committed_room PASS
OMDB_CASE recovery EC10.restart_after_activation_targets_new_room PASS
OMDB_CASE recovery US4.activation_request PASS
OMDB_CASE recovery EC09.restart_cancels_pending_death PASS
OMDB_CASE recovery US4.fresh_state_equivalence PASS
OMDB_CASE recovery US4.fresh_machinery_one_room PASS
OMDB_CASE recovery EC09.initial_anvil_restored_at_commit PASS
OMDB_CASE recovery EC09.old_restart_rejected PASS
OMDB_CASE recovery EC10.restart_before_activation_keeps_committed_room PASS
OMDB_CASE recovery EC10.restart_after_activation_targets_new_room PASS
OMDB_CASE recovery US4.activation_request PASS
OMDB_CASE recovery EC09.restart_cancels_pending_death PASS
OMDB_CASE recovery US4.fresh_state_equivalence PASS
OMDB_CASE recovery US4.fresh_machinery_one_room PASS
OMDB_CASE recovery EC09.initial_anvil_restored_at_commit PASS
OMDB_CASE recovery EC09.old_restart_rejected PASS
OMDB_CASE recovery EC10.restart_before_activation_keeps_committed_room PASS
OMDB_CASE recovery EC10.restart_after_activation_targets_new_room PASS
OMDB_CASE recovery US4.activation_request PASS
OMDB_CASE recovery EC09.restart_cancels_pending_death PASS
OMDB_CASE recovery US4.fresh_state_equivalence PASS
OMDB_CASE recovery US4.fresh_machinery_one_room PASS
OMDB_CASE recovery EC09.initial_anvil_restored_at_commit PASS
OMDB_CASE recovery EC09.old_restart_rejected PASS
OMDB_CASE recovery EC10.restart_before_activation_keeps_committed_room PASS
OMDB_CASE recovery EC10.restart_after_activation_targets_new_room PASS
OMDB_CASE recovery US4.activation_request PASS
OMDB_CASE recovery EC09.prepared_jam PASS
OMDB_CASE recovery EC09.restart_cancels_pending_death PASS
OMDB_CASE recovery US4.fresh_state_equivalence PASS
OMDB_CASE recovery US4.fresh_machinery_one_room PASS
OMDB_CASE recovery EC09.initial_anvil_restored_at_commit PASS
OMDB_CASE recovery EC09.old_restart_rejected PASS
OMDB_CASE recovery EC10.restart_before_activation_keeps_committed_room PASS
OMDB_CASE recovery EC10.restart_after_activation_targets_new_room PASS
OMDB_CASE recovery US4.activation_request PASS
OMDB_CASE recovery EC09.restart_cancels_pending_death PASS
OMDB_CASE recovery US4.fresh_state_equivalence PASS
OMDB_CASE recovery US4.fresh_machinery_one_room PASS
OMDB_CASE recovery EC09.initial_anvil_restored_at_commit PASS
OMDB_CASE recovery EC09.old_restart_rejected PASS
OMDB_CASE recovery EC10.restart_before_activation_keeps_committed_room PASS
OMDB_CASE recovery EC10.restart_after_activation_targets_new_room PASS
OMDB_CASE recovery US4.activation_request PASS
OMDB_CASE recovery EC09.restart_cancels_pending_death PASS
OMDB_CASE recovery US4.fresh_state_equivalence PASS
OMDB_CASE recovery US4.fresh_machinery_one_room PASS
OMDB_CASE recovery EC09.initial_anvil_restored_at_commit PASS
OMDB_CASE recovery EC09.old_restart_rejected PASS
OMDB_CASE recovery EC10.restart_before_activation_keeps_committed_room PASS
OMDB_CASE recovery EC10.restart_after_activation_targets_new_room PASS
OMDB_CASE recovery US4.activation_request PASS
OMDB_CASE recovery EC09.restart_cancels_pending_death PASS
OMDB_CASE recovery US4.fresh_state_equivalence PASS
OMDB_CASE recovery US4.fresh_machinery_one_room PASS
OMDB_CASE recovery EC09.initial_anvil_restored_at_commit PASS
OMDB_CASE recovery EC09.old_restart_rejected PASS
OMDB_CASE recovery EC10.restart_before_activation_keeps_committed_room PASS
OMDB_CASE recovery EC10.restart_after_activation_targets_new_room PASS
OMDB_CASE recovery US4.activation_request PASS
OMDB_CASE recovery EC09.restart_cancels_pending_death PASS
OMDB_CASE recovery US4.fresh_state_equivalence PASS
OMDB_CASE recovery US4.fresh_machinery_one_room PASS
OMDB_CASE recovery EC09.initial_anvil_restored_at_commit PASS
OMDB_CASE recovery EC09.old_restart_rejected PASS
OMDB_CASE recovery EC10.restart_before_activation_keeps_committed_room PASS
OMDB_CASE recovery EC10.restart_after_activation_targets_new_room PASS
OMDB_CASE recovery US4.activation_request PASS
OMDB_CASE recovery EC09.prepared_jam PASS
OMDB_CASE recovery EC09.restart_cancels_pending_death PASS
OMDB_CASE recovery US4.fresh_state_equivalence PASS
OMDB_CASE recovery US4.fresh_machinery_one_room PASS
OMDB_CASE recovery EC09.initial_anvil_restored_at_commit PASS
OMDB_CASE recovery EC09.old_restart_rejected PASS
OMDB_CASE recovery EC10.restart_before_activation_keeps_committed_room PASS
OMDB_CASE recovery EC10.restart_after_activation_targets_new_room PASS
OMDB_CASE recovery US4.activation_request PASS
OMDB_CASE recovery EC09.restart_cancels_pending_death PASS
OMDB_CASE recovery US4.fresh_state_equivalence PASS
OMDB_CASE recovery US4.fresh_machinery_one_room PASS
OMDB_CASE recovery EC09.initial_anvil_restored_at_commit PASS
OMDB_CASE recovery EC09.old_restart_rejected PASS
OMDB_CASE recovery EC10.restart_before_activation_keeps_committed_room PASS
OMDB_CASE recovery EC10.restart_after_activation_targets_new_room PASS
OMDB_CASE recovery EC12.previous_valid_saves PASS
OMDB_CASE recovery EC12.destination_preserved PASS
OMDB_CASE recovery EC12.independent_settings_retained PASS
OMDB_CASE recovery EC12.owned_temp_cleanup PASS
OMDB_CASE recovery EC12.previous_valid_saves PASS
OMDB_CASE recovery EC12.destination_preserved PASS
OMDB_CASE recovery EC12.independent_settings_retained PASS
OMDB_CASE recovery EC12.owned_temp_cleanup PASS
OMDB_CASE recovery EC12.previous_valid_saves PASS
OMDB_CASE recovery EC12.destination_preserved PASS
OMDB_CASE recovery EC12.independent_settings_retained PASS
OMDB_CASE recovery EC12.owned_temp_cleanup PASS
OMDB_CASE recovery EC12.previous_valid_saves PASS
OMDB_CASE recovery EC12.destination_preserved PASS
OMDB_CASE recovery EC12.independent_settings_retained PASS
OMDB_CASE recovery EC12.owned_temp_cleanup PASS
OMDB_CASE recovery EC12.previous_valid_saves PASS
OMDB_CASE recovery EC12.destination_preserved PASS
OMDB_CASE recovery EC12.independent_settings_retained PASS
OMDB_CASE recovery EC12.owned_temp_cleanup PASS
OMDB_CASE recovery EC12.previous_valid_saves PASS
OMDB_CASE recovery EC12.destination_preserved PASS
OMDB_CASE recovery EC12.independent_settings_retained PASS
OMDB_CASE recovery EC12.owned_temp_cleanup PASS
OMDB_CASE recovery EC12.previous_valid_saves PASS
OMDB_CASE recovery EC12.destination_preserved PASS
OMDB_CASE recovery EC12.independent_settings_retained PASS
OMDB_CASE recovery EC12.owned_temp_cleanup PASS
OMDB_CASE recovery EC12.previous_valid_saves PASS
OMDB_CASE recovery EC12.destination_preserved PASS
OMDB_CASE recovery EC12.independent_settings_retained PASS
OMDB_CASE recovery EC12.owned_temp_cleanup PASS
OMDB_CASE recovery EC12.previous_valid_saves PASS
OMDB_CASE recovery EC12.destination_preserved PASS
OMDB_CASE recovery EC12.independent_settings_retained PASS
OMDB_CASE recovery EC12.owned_temp_cleanup PASS
OMDB_CASE recovery EC12.previous_valid_saves PASS
OMDB_CASE recovery EC12.destination_preserved PASS
OMDB_CASE recovery EC12.independent_settings_retained PASS
OMDB_CASE recovery EC12.owned_temp_cleanup PASS
OMDB_CASE recovery EC12.previous_valid_saves PASS
OMDB_CASE recovery EC12.destination_preserved PASS
OMDB_CASE recovery EC12.independent_settings_retained PASS
OMDB_CASE recovery EC12.owned_temp_cleanup PASS
OMDB_CASE recovery EC12.previous_valid_saves PASS
OMDB_CASE recovery EC12.destination_preserved PASS
OMDB_CASE recovery EC12.independent_settings_retained PASS
OMDB_CASE recovery EC12.owned_temp_cleanup PASS
OMDB_CASE recovery EC12.previous_valid_saves PASS
OMDB_CASE recovery EC12.destination_preserved PASS
OMDB_CASE recovery EC12.independent_settings_retained PASS
OMDB_CASE recovery EC12.owned_temp_cleanup PASS
OMDB_CASE recovery EC12.previous_valid_saves PASS
OMDB_CASE recovery EC12.destination_preserved PASS
OMDB_CASE recovery EC12.independent_settings_retained PASS
OMDB_CASE recovery EC12.owned_temp_cleanup PASS
OMDB_CASE recovery EC12.previous_valid_saves PASS
OMDB_CASE recovery EC12.destination_preserved PASS
OMDB_CASE recovery EC12.independent_settings_retained PASS
OMDB_CASE recovery EC12.owned_temp_cleanup PASS
OMDB_CASE recovery EC12.previous_valid_saves PASS
OMDB_CASE recovery EC12.destination_preserved PASS
OMDB_CASE recovery EC12.independent_settings_retained PASS
OMDB_CASE recovery EC12.owned_temp_cleanup PASS
OMDB_CASE recovery EC12.previous_valid_saves PASS
OMDB_CASE recovery EC12.destination_preserved PASS
OMDB_CASE recovery EC12.independent_settings_retained PASS
OMDB_CASE recovery EC12.owned_temp_cleanup PASS
OMDB_CASE recovery EC12.previous_valid_saves PASS
OMDB_CASE recovery EC12.destination_preserved PASS
OMDB_CASE recovery EC12.independent_settings_retained PASS
OMDB_CASE recovery EC12.owned_temp_cleanup PASS
OMDB_CASE recovery EC12.previous_valid_saves PASS
OMDB_CASE recovery EC12.destination_preserved PASS
OMDB_CASE recovery EC12.independent_settings_retained PASS
OMDB_CASE recovery EC12.owned_temp_cleanup PASS
OMDB_CASE recovery EC12.previous_valid_saves PASS
OMDB_CASE recovery EC12.destination_preserved PASS
OMDB_CASE recovery EC12.independent_settings_retained PASS
OMDB_CASE recovery EC12.owned_temp_cleanup PASS
OMDB_CASE recovery US4.missing_progress PASS
OMDB_CASE recovery US4.default_settings PASS
OMDB_CASE recovery US4.valid_room.room_01.0 PASS
OMDB_CASE recovery US4.valid_room.room_02.0 PASS
OMDB_CASE recovery US4.valid_room.room_03.0 PASS
OMDB_CASE recovery US4.valid_room.room_04.0 PASS
OMDB_CASE recovery US4.valid_room.room_05.0 PASS
OMDB_CASE recovery US4.valid_room.room_06.0 PASS
OMDB_CASE recovery EC11.invalid_room PASS
OMDB_CASE recovery EC11.invalid_room PASS
OMDB_CASE recovery EC11.invalid_room PASS
OMDB_CASE recovery EC11.invalid_room PASS
OMDB_CASE recovery EC11.unsupported_schema PASS
OMDB_CASE recovery EC11.unsupported_schema PASS
OMDB_CASE recovery EC11.unsupported_schema PASS
OMDB_CASE recovery EC11.unknown_fields PASS
OMDB_CASE recovery US4.independent_field_default PASS
OMDB_CASE recovery US4.independent_field_default PASS
OMDB_CASE recovery US4.independent_field_default PASS
OMDB_CASE recovery US4.independent_field_default PASS
OMDB_CASE recovery US4.independent_field_default PASS
OMDB_CASE recovery US4.numeric_clamp PASS
OMDB_CASE recovery US4.settings_write PASS
OMDB_CASE recovery EC11.unsupported_settings_independent_progress PASS
OMDB_CASE recovery EC11.unsupported_settings_independent_progress PASS
OMDB_CASE recovery EC11.unsupported_settings_independent_progress PASS
OMDB_CASE recovery EC11.partial_settings PASS
OMDB_CASE recovery EC11.unreadable_settings PASS
OMDB_CASE recovery EC11.corrupt_progress_independent_settings PASS
OMDB_CASE recovery EC11.no_eager_overwrite PASS
OMDB_CASE recovery EC12.real_write_failure PASS
OMDB_CASE recovery US4.injected_root_no_fallback PASS
OMDB_CASE recovery US4.missing_progress PASS
OMDB_CASE recovery US4.default_settings PASS
OMDB_CASE recovery US4.valid_room.room_01.1 PASS
OMDB_CASE recovery US4.valid_room.room_02.1 PASS
OMDB_CASE recovery US4.valid_room.room_03.1 PASS
OMDB_CASE recovery US4.valid_room.room_04.1 PASS
OMDB_CASE recovery US4.valid_room.room_05.1 PASS
OMDB_CASE recovery US4.valid_room.room_06.1 PASS
OMDB_CASE recovery EC11.invalid_room PASS
OMDB_CASE recovery EC11.invalid_room PASS
OMDB_CASE recovery EC11.invalid_room PASS
OMDB_CASE recovery EC11.invalid_room PASS
OMDB_CASE recovery EC11.unsupported_schema PASS
OMDB_CASE recovery EC11.unsupported_schema PASS
OMDB_CASE recovery EC11.unsupported_schema PASS
OMDB_CASE recovery EC11.unknown_fields PASS
OMDB_CASE recovery US4.independent_field_default PASS
OMDB_CASE recovery US4.independent_field_default PASS
OMDB_CASE recovery US4.independent_field_default PASS
OMDB_CASE recovery US4.independent_field_default PASS
OMDB_CASE recovery US4.independent_field_default PASS
OMDB_CASE recovery US4.numeric_clamp PASS
OMDB_CASE recovery US4.settings_write PASS
OMDB_CASE recovery EC11.unsupported_settings_independent_progress PASS
OMDB_CASE recovery EC11.unsupported_settings_independent_progress PASS
OMDB_CASE recovery EC11.unsupported_settings_independent_progress PASS
OMDB_CASE recovery EC11.partial_settings PASS
OMDB_CASE recovery EC11.unreadable_settings PASS
OMDB_CASE recovery EC11.corrupt_progress_independent_settings PASS
OMDB_CASE recovery EC11.no_eager_overwrite PASS
OMDB_CASE recovery EC12.real_write_failure PASS
OMDB_CASE recovery US4.injected_root_no_fallback PASS
OMDB_CASE recovery US4.missing_progress PASS
OMDB_CASE recovery US4.default_settings PASS
OMDB_CASE recovery US4.valid_room.room_01.2 PASS
OMDB_CASE recovery US4.valid_room.room_02.2 PASS
OMDB_CASE recovery US4.valid_room.room_03.2 PASS
OMDB_CASE recovery US4.valid_room.room_04.2 PASS
OMDB_CASE recovery US4.valid_room.room_05.2 PASS
OMDB_CASE recovery US4.valid_room.room_06.2 PASS
OMDB_CASE recovery EC11.invalid_room PASS
OMDB_CASE recovery EC11.invalid_room PASS
OMDB_CASE recovery EC11.invalid_room PASS
OMDB_CASE recovery EC11.invalid_room PASS
OMDB_CASE recovery EC11.unsupported_schema PASS
OMDB_CASE recovery EC11.unsupported_schema PASS
OMDB_CASE recovery EC11.unsupported_schema PASS
OMDB_CASE recovery EC11.unknown_fields PASS
OMDB_CASE recovery US4.independent_field_default PASS
OMDB_CASE recovery US4.independent_field_default PASS
OMDB_CASE recovery US4.independent_field_default PASS
OMDB_CASE recovery US4.independent_field_default PASS
OMDB_CASE recovery US4.independent_field_default PASS
OMDB_CASE recovery US4.numeric_clamp PASS
OMDB_CASE recovery US4.settings_write PASS
OMDB_CASE recovery EC11.unsupported_settings_independent_progress PASS
OMDB_CASE recovery EC11.unsupported_settings_independent_progress PASS
OMDB_CASE recovery EC11.unsupported_settings_independent_progress PASS
OMDB_CASE recovery EC11.partial_settings PASS
OMDB_CASE recovery EC11.unreadable_settings PASS
OMDB_CASE recovery EC11.corrupt_progress_independent_settings PASS
OMDB_CASE recovery EC11.no_eager_overwrite PASS
OMDB_CASE recovery EC12.real_write_failure PASS
OMDB_CASE recovery US4.injected_root_no_fallback PASS
OMDB_CASE recovery US4.missing_progress PASS
OMDB_CASE recovery US4.default_settings PASS
OMDB_CASE recovery US4.valid_room.room_01.3 PASS
OMDB_CASE recovery US4.valid_room.room_02.3 PASS
OMDB_CASE recovery US4.valid_room.room_03.3 PASS
OMDB_CASE recovery US4.valid_room.room_04.3 PASS
OMDB_CASE recovery US4.valid_room.room_05.3 PASS
OMDB_CASE recovery US4.valid_room.room_06.3 PASS
OMDB_CASE recovery EC11.invalid_room PASS
OMDB_CASE recovery EC11.invalid_room PASS
OMDB_CASE recovery EC11.invalid_room PASS
OMDB_CASE recovery EC11.invalid_room PASS
OMDB_CASE recovery EC11.unsupported_schema PASS
OMDB_CASE recovery EC11.unsupported_schema PASS
OMDB_CASE recovery EC11.unsupported_schema PASS
OMDB_CASE recovery EC11.unknown_fields PASS
OMDB_CASE recovery US4.independent_field_default PASS
OMDB_CASE recovery US4.independent_field_default PASS
OMDB_CASE recovery US4.independent_field_default PASS
OMDB_CASE recovery US4.independent_field_default PASS
OMDB_CASE recovery US4.independent_field_default PASS
OMDB_CASE recovery US4.numeric_clamp PASS
OMDB_CASE recovery US4.settings_write PASS
OMDB_CASE recovery EC11.unsupported_settings_independent_progress PASS
OMDB_CASE recovery EC11.unsupported_settings_independent_progress PASS
OMDB_CASE recovery EC11.unsupported_settings_independent_progress PASS
OMDB_CASE recovery EC11.partial_settings PASS
OMDB_CASE recovery EC11.unreadable_settings PASS
OMDB_CASE recovery EC11.corrupt_progress_independent_settings PASS
OMDB_CASE recovery EC11.no_eager_overwrite PASS
OMDB_CASE recovery EC12.real_write_failure PASS
OMDB_CASE recovery US4.injected_root_no_fallback PASS
OMDB_CASE recovery US4.missing_progress PASS
OMDB_CASE recovery US4.default_settings PASS
OMDB_CASE recovery US4.valid_room.room_01.4 PASS
OMDB_CASE recovery US4.valid_room.room_02.4 PASS
OMDB_CASE recovery US4.valid_room.room_03.4 PASS
OMDB_CASE recovery US4.valid_room.room_04.4 PASS
OMDB_CASE recovery US4.valid_room.room_05.4 PASS
OMDB_CASE recovery US4.valid_room.room_06.4 PASS
OMDB_CASE recovery EC11.invalid_room PASS
OMDB_CASE recovery EC11.invalid_room PASS
OMDB_CASE recovery EC11.invalid_room PASS
OMDB_CASE recovery EC11.invalid_room PASS
OMDB_CASE recovery EC11.unsupported_schema PASS
OMDB_CASE recovery EC11.unsupported_schema PASS
OMDB_CASE recovery EC11.unsupported_schema PASS
OMDB_CASE recovery EC11.unknown_fields PASS
OMDB_CASE recovery US4.independent_field_default PASS
OMDB_CASE recovery US4.independent_field_default PASS
OMDB_CASE recovery US4.independent_field_default PASS
OMDB_CASE recovery US4.independent_field_default PASS
OMDB_CASE recovery US4.independent_field_default PASS
OMDB_CASE recovery US4.numeric_clamp PASS
OMDB_CASE recovery US4.settings_write PASS
OMDB_CASE recovery EC11.unsupported_settings_independent_progress PASS
OMDB_CASE recovery EC11.unsupported_settings_independent_progress PASS
OMDB_CASE recovery EC11.unsupported_settings_independent_progress PASS
OMDB_CASE recovery EC11.partial_settings PASS
OMDB_CASE recovery EC11.unreadable_settings PASS
OMDB_CASE recovery EC11.corrupt_progress_independent_settings PASS
OMDB_CASE recovery EC11.no_eager_overwrite PASS
OMDB_CASE recovery EC12.real_write_failure PASS
OMDB_CASE recovery US4.injected_root_no_fallback PASS
OMDB_CASE recovery US4.missing_progress PASS
OMDB_CASE recovery US4.default_settings PASS
OMDB_CASE recovery US4.valid_room.room_01.5 PASS
OMDB_CASE recovery US4.valid_room.room_02.5 PASS
OMDB_CASE recovery US4.valid_room.room_03.5 PASS
OMDB_CASE recovery US4.valid_room.room_04.5 PASS
OMDB_CASE recovery US4.valid_room.room_05.5 PASS
OMDB_CASE recovery US4.valid_room.room_06.5 PASS
OMDB_CASE recovery EC11.invalid_room PASS
OMDB_CASE recovery EC11.invalid_room PASS
OMDB_CASE recovery EC11.invalid_room PASS
OMDB_CASE recovery EC11.invalid_room PASS
OMDB_CASE recovery EC11.unsupported_schema PASS
OMDB_CASE recovery EC11.unsupported_schema PASS
OMDB_CASE recovery EC11.unsupported_schema PASS
OMDB_CASE recovery EC11.unknown_fields PASS
OMDB_CASE recovery US4.independent_field_default PASS
OMDB_CASE recovery US4.independent_field_default PASS
OMDB_CASE recovery US4.independent_field_default PASS
OMDB_CASE recovery US4.independent_field_default PASS
OMDB_CASE recovery US4.independent_field_default PASS
OMDB_CASE recovery US4.numeric_clamp PASS
OMDB_CASE recovery US4.settings_write PASS
OMDB_CASE recovery EC11.unsupported_settings_independent_progress PASS
OMDB_CASE recovery EC11.unsupported_settings_independent_progress PASS
OMDB_CASE recovery EC11.unsupported_settings_independent_progress PASS
OMDB_CASE recovery EC11.partial_settings PASS
OMDB_CASE recovery EC11.unreadable_settings PASS
OMDB_CASE recovery EC11.corrupt_progress_independent_settings PASS
OMDB_CASE recovery EC11.no_eager_overwrite PASS
OMDB_CASE recovery EC12.real_write_failure PASS
OMDB_CASE recovery US4.injected_root_no_fallback PASS
OMDB_CASE recovery US4.missing_progress PASS
OMDB_CASE recovery US4.default_settings PASS
OMDB_CASE recovery US4.valid_room.room_01.6 PASS
OMDB_CASE recovery US4.valid_room.room_02.6 PASS
OMDB_CASE recovery US4.valid_room.room_03.6 PASS
OMDB_CASE recovery US4.valid_room.room_04.6 PASS
OMDB_CASE recovery US4.valid_room.room_05.6 PASS
OMDB_CASE recovery US4.valid_room.room_06.6 PASS
OMDB_CASE recovery EC11.invalid_room PASS
OMDB_CASE recovery EC11.invalid_room PASS
OMDB_CASE recovery EC11.invalid_room PASS
OMDB_CASE recovery EC11.invalid_room PASS
OMDB_CASE recovery EC11.unsupported_schema PASS
OMDB_CASE recovery EC11.unsupported_schema PASS
OMDB_CASE recovery EC11.unsupported_schema PASS
OMDB_CASE recovery EC11.unknown_fields PASS
OMDB_CASE recovery US4.independent_field_default PASS
OMDB_CASE recovery US4.independent_field_default PASS
OMDB_CASE recovery US4.independent_field_default PASS
OMDB_CASE recovery US4.independent_field_default PASS
OMDB_CASE recovery US4.independent_field_default PASS
OMDB_CASE recovery US4.numeric_clamp PASS
OMDB_CASE recovery US4.settings_write PASS
OMDB_CASE recovery EC11.unsupported_settings_independent_progress PASS
OMDB_CASE recovery EC11.unsupported_settings_independent_progress PASS
OMDB_CASE recovery EC11.unsupported_settings_independent_progress PASS
OMDB_CASE recovery EC11.partial_settings PASS
OMDB_CASE recovery EC11.unreadable_settings PASS
OMDB_CASE recovery EC11.corrupt_progress_independent_settings PASS
OMDB_CASE recovery EC11.no_eager_overwrite PASS
OMDB_CASE recovery EC12.real_write_failure PASS
OMDB_CASE recovery US4.injected_root_no_fallback PASS
OMDB_CASE recovery US4.missing_progress PASS
OMDB_CASE recovery US4.default_settings PASS
OMDB_CASE recovery US4.valid_room.room_01.7 PASS
OMDB_CASE recovery US4.valid_room.room_02.7 PASS
OMDB_CASE recovery US4.valid_room.room_03.7 PASS
OMDB_CASE recovery US4.valid_room.room_04.7 PASS
OMDB_CASE recovery US4.valid_room.room_05.7 PASS
OMDB_CASE recovery US4.valid_room.room_06.7 PASS
OMDB_CASE recovery EC11.invalid_room PASS
OMDB_CASE recovery EC11.invalid_room PASS
OMDB_CASE recovery EC11.invalid_room PASS
OMDB_CASE recovery EC11.invalid_room PASS
OMDB_CASE recovery EC11.unsupported_schema PASS
OMDB_CASE recovery EC11.unsupported_schema PASS
OMDB_CASE recovery EC11.unsupported_schema PASS
OMDB_CASE recovery EC11.unknown_fields PASS
OMDB_CASE recovery US4.independent_field_default PASS
OMDB_CASE recovery US4.independent_field_default PASS
OMDB_CASE recovery US4.independent_field_default PASS
OMDB_CASE recovery US4.independent_field_default PASS
OMDB_CASE recovery US4.independent_field_default PASS
OMDB_CASE recovery US4.numeric_clamp PASS
OMDB_CASE recovery US4.settings_write PASS
OMDB_CASE recovery EC11.unsupported_settings_independent_progress PASS
OMDB_CASE recovery EC11.unsupported_settings_independent_progress PASS
OMDB_CASE recovery EC11.unsupported_settings_independent_progress PASS
OMDB_CASE recovery EC11.partial_settings PASS
OMDB_CASE recovery EC11.unreadable_settings PASS
OMDB_CASE recovery EC11.corrupt_progress_independent_settings PASS
OMDB_CASE recovery EC11.no_eager_overwrite PASS
OMDB_CASE recovery EC12.real_write_failure PASS
OMDB_CASE recovery US4.injected_root_no_fallback PASS
OMDB_CASE recovery US4.missing_progress PASS
OMDB_CASE recovery US4.default_settings PASS
OMDB_CASE recovery US4.valid_room.room_01.8 PASS
OMDB_CASE recovery US4.valid_room.room_02.8 PASS
OMDB_CASE recovery US4.valid_room.room_03.8 PASS
OMDB_CASE recovery US4.valid_room.room_04.8 PASS
OMDB_CASE recovery US4.valid_room.room_05.8 PASS
OMDB_CASE recovery US4.valid_room.room_06.8 PASS
OMDB_CASE recovery EC11.invalid_room PASS
OMDB_CASE recovery EC11.invalid_room PASS
OMDB_CASE recovery EC11.invalid_room PASS
OMDB_CASE recovery EC11.invalid_room PASS
OMDB_CASE recovery EC11.unsupported_schema PASS
OMDB_CASE recovery EC11.unsupported_schema PASS
OMDB_CASE recovery EC11.unsupported_schema PASS
OMDB_CASE recovery EC11.unknown_fields PASS
OMDB_CASE recovery US4.independent_field_default PASS
OMDB_CASE recovery US4.independent_field_default PASS
OMDB_CASE recovery US4.independent_field_default PASS
OMDB_CASE recovery US4.independent_field_default PASS
OMDB_CASE recovery US4.independent_field_default PASS
OMDB_CASE recovery US4.numeric_clamp PASS
OMDB_CASE recovery US4.settings_write PASS
OMDB_CASE recovery EC11.unsupported_settings_independent_progress PASS
OMDB_CASE recovery EC11.unsupported_settings_independent_progress PASS
OMDB_CASE recovery EC11.unsupported_settings_independent_progress PASS
OMDB_CASE recovery EC11.partial_settings PASS
OMDB_CASE recovery EC11.unreadable_settings PASS
OMDB_CASE recovery EC11.corrupt_progress_independent_settings PASS
OMDB_CASE recovery EC11.no_eager_overwrite PASS
OMDB_CASE recovery EC12.real_write_failure PASS
OMDB_CASE recovery US4.injected_root_no_fallback PASS
OMDB_CASE recovery US4.missing_progress PASS
OMDB_CASE recovery US4.default_settings PASS
OMDB_CASE recovery US4.valid_room.room_01.9 PASS
OMDB_CASE recovery US4.valid_room.room_02.9 PASS
OMDB_CASE recovery US4.valid_room.room_03.9 PASS
OMDB_CASE recovery US4.valid_room.room_04.9 PASS
OMDB_CASE recovery US4.valid_room.room_05.9 PASS
OMDB_CASE recovery US4.valid_room.room_06.9 PASS
OMDB_CASE recovery EC11.invalid_room PASS
OMDB_CASE recovery EC11.invalid_room PASS
OMDB_CASE recovery EC11.invalid_room PASS
OMDB_CASE recovery EC11.invalid_room PASS
OMDB_CASE recovery EC11.unsupported_schema PASS
OMDB_CASE recovery EC11.unsupported_schema PASS
OMDB_CASE recovery EC11.unsupported_schema PASS
OMDB_CASE recovery EC11.unknown_fields PASS
OMDB_CASE recovery US4.independent_field_default PASS
OMDB_CASE recovery US4.independent_field_default PASS
OMDB_CASE recovery US4.independent_field_default PASS
OMDB_CASE recovery US4.independent_field_default PASS
OMDB_CASE recovery US4.independent_field_default PASS
OMDB_CASE recovery US4.numeric_clamp PASS
OMDB_CASE recovery US4.settings_write PASS
OMDB_CASE recovery EC11.unsupported_settings_independent_progress PASS
OMDB_CASE recovery EC11.unsupported_settings_independent_progress PASS
OMDB_CASE recovery EC11.unsupported_settings_independent_progress PASS
OMDB_CASE recovery EC11.partial_settings PASS
OMDB_CASE recovery EC11.unreadable_settings PASS
OMDB_CASE recovery EC11.corrupt_progress_independent_settings PASS
OMDB_CASE recovery EC11.no_eager_overwrite PASS
OMDB_CASE recovery EC12.real_write_failure PASS
OMDB_CASE recovery US4.injected_root_no_fallback PASS
OMDB_TEST_RESULT {"failed":0,"passed":14746,"suites":{"physics":9999,"recovery":1878,"state":2869}}
WARNING: Jolt Physics job system exceeded the maximum number of jobs. This should not happen. Please report this. Waiting for jobs to become available...
     at: CreateJob (modules/jolt_physics/spaces/jolt_job_system.cpp:123)
CHECK FAILED: engine failure or missing/invalid/nonempty passing summary
